batch_size_frames,count,frequency,frequency_percent
118,1,2.1734405564e-05,0.00217344056
457,1,2.1734405564e-05,0.00217344056
460,3,6.5203216692e-05,0.00652032167
461,2,4.3468811128e-05,0.00434688111
462,11,0.000239078461204,0.0239078461
463,19,0.000412953705716,0.0412953706
464,19,0.000412953705716,0.0412953706
465,17,0.000369484894588,0.0369484895
466,19,0.000412953705716,0.0412953706
467,12,0.000260812866768,0.0260812867
468,14,0.000304281677896,0.0304281678
469,11,0.000239078461204,0.0239078461
470,6,0.000130406433384,0.0130406433
471,2,4.3468811128e-05,0.00434688111
472,2,4.3468811128e-05,0.00434688111
473,1,2.1734405564e-05,0.00217344056
474,1,2.1734405564e-05,0.00217344056
475,3,6.5203216692e-05,0.00652032167
476,4,8.6937622256e-05,0.00869376223
477,5,0.00010867202782,0.0108672028
478,17,0.000369484894588,0.0369484895
479,12,0.000260812866768,0.0260812867
480,22,0.000478156922408,0.0478156922
481,21,0.000456422516844,0.0456422517
482,17,0.000369484894588,0.0369484895
483,15,0.00032601608346,0.0326016083
484,8,0.000173875244512,0.0173875245
485,4,8.6937622256e-05,0.00869376223
486,10,0.00021734405564,0.0217344056
487,6,0.000130406433384,0.0130406433
488,10,0.00021734405564,0.0217344056
489,12,0.000260812866768,0.0260812867
490,11,0.000239078461204,0.0239078461
491,17,0.000369484894588,0.0369484895
492,15,0.00032601608346,0.0326016083
493,20,0.00043468811128,0.0434688111
494,16,0.000347750489024,0.0347750489
495,13,0.000282547272332,0.0282547272
496,18,0.000391219300152,0.03912193
497,20,0.00043468811128,0.0434688111
498,17,0.000369484894588,0.0369484895
499,13,0.000282547272332,0.0282547272
500,22,0.000478156922408,0.0478156922
501,19,0.000412953705716,0.0412953706
502,9,0.000195609650076,0.019560965
503,10,0.00021734405564,0.0217344056
504,15,0.00032601608346,0.0326016083
505,18,0.000391219300152,0.03912193
506,18,0.000391219300152,0.03912193
507,31,0.000673766572484,0.0673766572
508,24,0.000521625733536,0.0521625734
509,48,0.00104325146707,0.104325147
510,38,0.000825907411432,0.0825907411
511,40,0.00086937622256,0.0869376223
512,175,0.0038035209737,0.380352097
513,42,0.000912845033688,0.0912845034
514,15,0.00032601608346,0.0326016083
515,21,0.000456422516844,0.0456422517
516,25,0.0005433601391,0.0543360139
517,56,0.00121712671158,0.121712671
518,52,0.00113018908933,0.113018909
519,23,0.000499891327972,0.0499891328
520,5,0.00010867202782,0.0108672028
521,3,6.5203216692e-05,0.00652032167
522,2,4.3468811128e-05,0.00434688111
523,4,8.6937622256e-05,0.00869376223
524,8,0.000173875244512,0.0173875245
525,3,6.5203216692e-05,0.00652032167
526,6,0.000130406433384,0.0130406433
527,8,0.000173875244512,0.0173875245
528,10,0.00021734405564,0.0217344056
529,14,0.000304281677896,0.0304281678
530,17,0.000369484894588,0.0369484895
531,23,0.000499891327972,0.0499891328
532,30,0.00065203216692,0.0652032167
533,21,0.000456422516844,0.0456422517
534,34,0.000738969789176,0.0738969789
535,32,0.000695500978048,0.0695500978
536,33,0.000717235383612,0.0717235384
537,23,0.000499891327972,0.0499891328
538,24,0.000521625733536,0.0521625734
539,22,0.000478156922408,0.0478156922
540,18,0.000391219300152,0.03912193
541,15,0.00032601608346,0.0326016083
542,14,0.000304281677896,0.0304281678
543,18,0.000391219300152,0.03912193
544,18,0.000391219300152,0.03912193
545,17,0.000369484894588,0.0369484895
546,17,0.000369484894588,0.0369484895
547,22,0.000478156922408,0.0478156922
548,36,0.000782438600304,0.07824386
549,39,0.000847641816996,0.0847641817
550,45,0.00097804825038,0.097804825
551,60,0.00130406433384,0.130406433
552,63,0.00136926755053,0.136926755
553,76,0.00165181482286,0.165181482
554,90,0.00195609650076,0.19560965
555,97,0.00210823733971,0.210823734
556,91,0.00197783090632,0.197783091
557,95,0.00206476852858,0.206476853
558,106,0.00230384698978,0.230384699
559,112,0.00243425342317,0.243425342
560,119,0.00258639426212,0.258639426
561,99,0.00215170615084,0.215170615
562,83,0.00180395566181,0.180395566
563,84,0.00182569006738,0.182569007
564,79,0.00171701803956,0.171701804
565,75,0.0016300804173,0.163008042
566,72,0.00156487720061,0.15648772
567,70,0.00152140838948,0.152140839
568,621,0.0134970658552,1.34970659
569,56,0.00121712671158,0.121712671
570,88,0.00191262768963,0.191262769
571,128,0.00278200391219,0.278200391
572,66,0.00143447076722,0.143447077
573,76,0.00165181482286,0.165181482
574,118,0.00256465985655,0.256465986
575,126,0.00273853510106,0.27385351
576,99,0.00215170615084,0.215170615
577,100,0.0021734405564,0.217344056
578,99,0.00215170615084,0.215170615
579,104,0.00226037817866,0.226037818
580,93,0.00202129971745,0.202129972
581,122,0.00265159747881,0.265159748
582,127,0.00276026950663,0.276026951
583,145,0.00315148880678,0.315148881
584,144,0.00312975440122,0.31297544
585,137,0.00297761356227,0.297761356
586,160,0.00347750489024,0.347750489
587,199,0.00432514670724,0.432514671
588,238,0.00517278852423,0.517278852
589,248,0.00539013257987,0.539013258
590,317,0.00688980656379,0.688980656
591,366,0.00795479243643,0.795479244
592,388,0.00843294935884,0.843294936
593,397,0.00862855900891,0.862855901
594,440,0.00956313844816,0.956313845
595,443,0.00962834166486,0.962834166
596,484,0.010519452293,1.05194523
597,451,0.00980221690937,0.980221691
598,448,0.00973701369268,0.973701369
599,449,0.00975874809824,0.97587481
600,461,0.010019560965,1.0019561
601,453,0.0098456857205,0.984568572
602,449,0.00975874809824,0.97587481
603,429,0.00932405998696,0.932405999
604,420,0.00912845033688,0.912845034
605,397,0.00862855900891,0.862855901
606,300,0.0065203216692,0.652032167
607,329,0.00715061943056,0.715061943
608,276,0.00599869593567,0.599869594
609,231,0.00502064768529,0.502064769
610,186,0.00404259943491,0.404259943
611,169,0.00367311454032,0.367311454
612,166,0.00360791132363,0.360791132
613,150,0.0032601608346,0.326016083
614,154,0.00334709845686,0.334709846
615,158,0.00343403607911,0.343403608
616,151,0.00328189524017,0.328189524
617,163,0.00354270810693,0.354270811
618,178,0.00386872419039,0.386872419
619,166,0.00360791132363,0.360791132
620,188,0.00408606824603,0.408606825
621,198,0.00430341230167,0.43034123
622,203,0.00441208432949,0.441208433
623,163,0.00354270810693,0.354270811
624,162,0.00352097370137,0.35209737
625,127,0.00276026950663,0.276026951
626,139,0.0030210823734,0.302108237
627,102,0.00221690936753,0.221690937
628,107,0.00232558139535,0.23255814
629,110,0.00239078461204,0.239078461
630,112,0.00243425342317,0.243425342
631,120,0.00260812866768,0.260812867
632,122,0.00265159747881,0.265159748
633,126,0.00273853510106,0.27385351
634,118,0.00256465985655,0.256465986
635,95,0.00206476852858,0.206476853
636,85,0.00184742447294,0.184742447
637,70,0.00152140838948,0.152140839
638,66,0.00143447076722,0.143447077
639,68,0.00147793957835,0.147793958
640,85,0.00184742447294,0.184742447
641,62,0.00134753314497,0.134753314
642,45,0.00097804825038,0.097804825
643,48,0.00104325146707,0.104325147
644,38,0.000825907411432,0.0825907411
645,45,0.00097804825038,0.097804825
646,44,0.000956313844816,0.0956313845
647,33,0.000717235383612,0.0717235384
648,23,0.000499891327972,0.0499891328
649,29,0.000630297761356,0.0630297761
650,30,0.00065203216692,0.0652032167
651,40,0.00086937622256,0.0869376223
652,35,0.00076070419474,0.0760704195
653,29,0.000630297761356,0.0630297761
654,37,0.000804173005868,0.0804173006
655,30,0.00065203216692,0.0652032167
656,44,0.000956313844816,0.0956313845
657,49,0.00106498587264,0.106498587
658,49,0.00106498587264,0.106498587
659,47,0.00102151706151,0.102151706
660,72,0.00156487720061,0.15648772
661,93,0.00202129971745,0.202129972
662,111,0.0024125190176,0.241251902
663,126,0.00273853510106,0.27385351
664,97,0.00210823733971,0.210823734
665,109,0.00236905020648,0.236905021
666,108,0.00234731580091,0.23473158
667,104,0.00226037817866,0.226037818
668,97,0.00210823733971,0.210823734
669,93,0.00202129971745,0.202129972
670,64,0.0013910019561,0.139100196
671,45,0.00097804825038,0.097804825
672,60,0.00130406433384,0.130406433
673,57,0.00123886111715,0.123886112
674,75,0.0016300804173,0.163008042
675,83,0.00180395566181,0.180395566
676,124,0.00269506628994,0.269506629
677,155,0.00336883286242,0.336883286
678,184,0.00399913062378,0.399913062
679,244,0.00530319495762,0.530319496
680,197,0.00428167789611,0.42816779
681,230,0.00499891327972,0.499891328
682,751,0.0163225385786,1.63225386
683,43,0.000934579439252,0.0934579439
684,11,0.000239078461204,0.0239078461
685,10,0.00021734405564,0.0217344056
686,23,0.000499891327972,0.0499891328
687,25,0.0005433601391,0.0543360139
688,20,0.00043468811128,0.0434688111
689,5,0.00010867202782,0.0108672028
690,2,4.3468811128e-05,0.00434688111
693,1,2.1734405564e-05,0.00217344056
729,1,2.1734405564e-05,0.00217344056
766,1,2.1734405564e-05,0.00217344056
770,1,2.1734405564e-05,0.00217344056
781,2,4.3468811128e-05,0.00434688111
786,2,4.3468811128e-05,0.00434688111
790,1,2.1734405564e-05,0.00217344056
794,1,2.1734405564e-05,0.00217344056
802,1,2.1734405564e-05,0.00217344056
813,1,2.1734405564e-05,0.00217344056
815,1,2.1734405564e-05,0.00217344056
826,1,2.1734405564e-05,0.00217344056
831,1,2.1734405564e-05,0.00217344056
835,1,2.1734405564e-05,0.00217344056
840,1,2.1734405564e-05,0.00217344056
850,1,2.1734405564e-05,0.00217344056
856,2,4.3468811128e-05,0.00434688111
868,1,2.1734405564e-05,0.00217344056
874,1,2.1734405564e-05,0.00217344056
891,2,4.3468811128e-05,0.00434688111
896,1,2.1734405564e-05,0.00217344056
897,1,2.1734405564e-05,0.00217344056
905,1,2.1734405564e-05,0.00217344056
913,1,2.1734405564e-05,0.00217344056
924,1,2.1734405564e-05,0.00217344056
936,1,2.1734405564e-05,0.00217344056
940,1,2.1734405564e-05,0.00217344056
942,1,2.1734405564e-05,0.00217344056
947,1,2.1734405564e-05,0.00217344056
977,1,2.1734405564e-05,0.00217344056
986,1,2.1734405564e-05,0.00217344056
1004,2,4.3468811128e-05,0.00434688111
1013,1,2.1734405564e-05,0.00217344056
1014,1,2.1734405564e-05,0.00217344056
1017,1,2.1734405564e-05,0.00217344056
1066,1,2.1734405564e-05,0.00217344056
1077,1,2.1734405564e-05,0.00217344056
1091,1,2.1734405564e-05,0.00217344056
1100,1,2.1734405564e-05,0.00217344056
1115,1,2.1734405564e-05,0.00217344056
1132,1,2.1734405564e-05,0.00217344056
1136,1,2.1734405564e-05,0.00217344056
1139,1,2.1734405564e-05,0.00217344056
1146,1,2.1734405564e-05,0.00217344056
1150,1,2.1734405564e-05,0.00217344056
1151,1,2.1734405564e-05,0.00217344056
1156,2,4.3468811128e-05,0.00434688111
1159,1,2.1734405564e-05,0.00217344056
1178,1,2.1734405564e-05,0.00217344056
1190,1,2.1734405564e-05,0.00217344056
1194,2,4.3468811128e-05,0.00434688111
1197,1,2.1734405564e-05,0.00217344056
1198,2,4.3468811128e-05,0.00434688111
1201,2,4.3468811128e-05,0.00434688111
1206,1,2.1734405564e-05,0.00217344056
1208,1,2.1734405564e-05,0.00217344056
1209,1,2.1734405564e-05,0.00217344056
1210,1,2.1734405564e-05,0.00217344056
1211,1,2.1734405564e-05,0.00217344056
1214,1,2.1734405564e-05,0.00217344056
1217,1,2.1734405564e-05,0.00217344056
1218,2,4.3468811128e-05,0.00434688111
1219,1,2.1734405564e-05,0.00217344056
1221,2,4.3468811128e-05,0.00434688111
1222,1,2.1734405564e-05,0.00217344056
1223,1,2.1734405564e-05,0.00217344056
1224,1,2.1734405564e-05,0.00217344056
1226,1,2.1734405564e-05,0.00217344056
1229,2,4.3468811128e-05,0.00434688111
1230,2,4.3468811128e-05,0.00434688111
1233,1,2.1734405564e-05,0.00217344056
1234,1,2.1734405564e-05,0.00217344056
1235,3,6.5203216692e-05,0.00652032167
1236,1,2.1734405564e-05,0.00217344056
1238,2,4.3468811128e-05,0.00434688111
1240,1,2.1734405564e-05,0.00217344056
1241,1,2.1734405564e-05,0.00217344056
1242,1,2.1734405564e-05,0.00217344056
1243,2,4.3468811128e-05,0.00434688111
1244,1,2.1734405564e-05,0.00217344056
1246,4,8.6937622256e-05,0.00869376223
1247,1,2.1734405564e-05,0.00217344056
1249,1,2.1734405564e-05,0.00217344056
1251,3,6.5203216692e-05,0.00652032167
1253,1,2.1734405564e-05,0.00217344056
1254,1,2.1734405564e-05,0.00217344056
1256,2,4.3468811128e-05,0.00434688111
1257,3,6.5203216692e-05,0.00652032167
1258,1,2.1734405564e-05,0.00217344056
1264,1,2.1734405564e-05,0.00217344056
1265,1,2.1734405564e-05,0.00217344056
1267,2,4.3468811128e-05,0.00434688111
1270,2,4.3468811128e-05,0.00434688111
1271,2,4.3468811128e-05,0.00434688111
1273,2,4.3468811128e-05,0.00434688111
1274,2,4.3468811128e-05,0.00434688111
1278,1,2.1734405564e-05,0.00217344056
1279,4,8.6937622256e-05,0.00869376223
1281,1,2.1734405564e-05,0.00217344056
1282,1,2.1734405564e-05,0.00217344056
1284,3,6.5203216692e-05,0.00652032167
1285,2,4.3468811128e-05,0.00434688111
1286,1,2.1734405564e-05,0.00217344056
1288,1,2.1734405564e-05,0.00217344056
1289,3,6.5203216692e-05,0.00652032167
1291,1,2.1734405564e-05,0.00217344056
1292,2,4.3468811128e-05,0.00434688111
1294,1,2.1734405564e-05,0.00217344056
1295,1,2.1734405564e-05,0.00217344056
1297,3,6.5203216692e-05,0.00652032167
1299,2,4.3468811128e-05,0.00434688111
1302,1,2.1734405564e-05,0.00217344056
1303,1,2.1734405564e-05,0.00217344056
1305,1,2.1734405564e-05,0.00217344056
1306,3,6.5203216692e-05,0.00652032167
1307,2,4.3468811128e-05,0.00434688111
1311,1,2.1734405564e-05,0.00217344056
1314,1,2.1734405564e-05,0.00217344056
1315,2,4.3468811128e-05,0.00434688111
1316,1,2.1734405564e-05,0.00217344056
1318,4,8.6937622256e-05,0.00869376223
1320,1,2.1734405564e-05,0.00217344056
1322,3,6.5203216692e-05,0.00652032167
1323,1,2.1734405564e-05,0.00217344056
1325,2,4.3468811128e-05,0.00434688111
1327,1,2.1734405564e-05,0.00217344056
1328,2,4.3468811128e-05,0.00434688111
1330,1,2.1734405564e-05,0.00217344056
1331,3,6.5203216692e-05,0.00652032167
1332,2,4.3468811128e-05,0.00434688111
1334,2,4.3468811128e-05,0.00434688111
1335,1,2.1734405564e-05,0.00217344056
1337,1,2.1734405564e-05,0.00217344056
1338,3,6.5203216692e-05,0.00652032167
1340,2,4.3468811128e-05,0.00434688111
1342,2,4.3468811128e-05,0.00434688111
1343,2,4.3468811128e-05,0.00434688111
1345,2,4.3468811128e-05,0.00434688111
1348,1,2.1734405564e-05,0.00217344056
1349,3,6.5203216692e-05,0.00652032167
1350,1,2.1734405564e-05,0.00217344056
1352,3,6.5203216692e-05,0.00652032167
1353,4,8.6937622256e-05,0.00869376223
1354,4,8.6937622256e-05,0.00869376223
1356,2,4.3468811128e-05,0.00434688111
1357,4,8.6937622256e-05,0.00869376223
1358,5,0.00010867202782,0.0108672028
1359,2,4.3468811128e-05,0.00434688111
1360,1,2.1734405564e-05,0.00217344056
1361,4,8.6937622256e-05,0.00869376223
1362,1,2.1734405564e-05,0.00217344056
1364,3,6.5203216692e-05,0.00652032167
1365,1,2.1734405564e-05,0.00217344056
1366,6,0.000130406433384,0.0130406433
1367,2,4.3468811128e-05,0.00434688111
1368,1,2.1734405564e-05,0.00217344056
1369,2,4.3468811128e-05,0.00434688111
1370,6,0.000130406433384,0.0130406433
1372,2,4.3468811128e-05,0.00434688111
1373,3,6.5203216692e-05,0.00652032167
1374,1,2.1734405564e-05,0.00217344056
1375,1,2.1734405564e-05,0.00217344056
1376,4,8.6937622256e-05,0.00869376223
1377,4,8.6937622256e-05,0.00869376223
1378,4,8.6937622256e-05,0.00869376223
1379,6,0.000130406433384,0.0130406433
1380,1,2.1734405564e-05,0.00217344056
1381,7,0.000152140838948,0.0152140839
1382,8,0.000173875244512,0.0173875245
1383,5,0.00010867202782,0.0108672028
1384,5,0.00010867202782,0.0108672028
1385,4,8.6937622256e-05,0.00869376223
1386,6,0.000130406433384,0.0130406433
1387,5,0.00010867202782,0.0108672028
1388,6,0.000130406433384,0.0130406433
1389,6,0.000130406433384,0.0130406433
1390,4,8.6937622256e-05,0.00869376223
1391,2,4.3468811128e-05,0.00434688111
1392,5,0.00010867202782,0.0108672028
1393,2,4.3468811128e-05,0.00434688111
1394,3,6.5203216692e-05,0.00652032167
1395,3,6.5203216692e-05,0.00652032167
1396,2,4.3468811128e-05,0.00434688111
1397,3,6.5203216692e-05,0.00652032167
1398,1,2.1734405564e-05,0.00217344056
1399,1,2.1734405564e-05,0.00217344056
1400,3,6.5203216692e-05,0.00652032167
1401,4,8.6937622256e-05,0.00869376223
1402,4,8.6937622256e-05,0.00869376223
1403,4,8.6937622256e-05,0.00869376223
1404,4,8.6937622256e-05,0.00869376223
1405,4,8.6937622256e-05,0.00869376223
1406,2,4.3468811128e-05,0.00434688111
1407,3,6.5203216692e-05,0.00652032167
1408,3,6.5203216692e-05,0.00652032167
1409,1,2.1734405564e-05,0.00217344056
1411,2,4.3468811128e-05,0.00434688111
1412,3,6.5203216692e-05,0.00652032167
1413,7,0.000152140838948,0.0152140839
1414,1,2.1734405564e-05,0.00217344056
1415,3,6.5203216692e-05,0.00652032167
1416,1,2.1734405564e-05,0.00217344056
1417,2,4.3468811128e-05,0.00434688111
1418,2,4.3468811128e-05,0.00434688111
1419,4,8.6937622256e-05,0.00869376223
1420,2,4.3468811128e-05,0.00434688111
1421,3,6.5203216692e-05,0.00652032167
1422,2,4.3468811128e-05,0.00434688111
1423,1,2.1734405564e-05,0.00217344056
1424,3,6.5203216692e-05,0.00652032167
1426,2,4.3468811128e-05,0.00434688111
1427,4,8.6937622256e-05,0.00869376223
1428,4,8.6937622256e-05,0.00869376223
1429,3,6.5203216692e-05,0.00652032167
1430,1,2.1734405564e-05,0.00217344056
1431,3,6.5203216692e-05,0.00652032167
1432,4,8.6937622256e-05,0.00869376223
1433,5,0.00010867202782,0.0108672028
1434,3,6.5203216692e-05,0.00652032167
1435,4,8.6937622256e-05,0.00869376223
1436,2,4.3468811128e-05,0.00434688111
1437,2,4.3468811128e-05,0.00434688111
1438,1,2.1734405564e-05,0.00217344056
1439,2,4.3468811128e-05,0.00434688111
1440,2,4.3468811128e-05,0.00434688111
1441,4,8.6937622256e-05,0.00869376223
1442,3,6.5203216692e-05,0.00652032167
1443,1,2.1734405564e-05,0.00217344056
1444,1,2.1734405564e-05,0.00217344056
1445,2,4.3468811128e-05,0.00434688111
1446,3,6.5203216692e-05,0.00652032167
1447,2,4.3468811128e-05,0.00434688111
1448,2,4.3468811128e-05,0.00434688111
1449,4,8.6937622256e-05,0.00869376223
1450,2,4.3468811128e-05,0.00434688111
1452,4,8.6937622256e-05,0.00869376223
1453,1,2.1734405564e-05,0.00217344056
1454,2,4.3468811128e-05,0.00434688111
1456,2,4.3468811128e-05,0.00434688111
1457,1,2.1734405564e-05,0.00217344056
1458,1,2.1734405564e-05,0.00217344056
1461,1,2.1734405564e-05,0.00217344056
1462,1,2.1734405564e-05,0.00217344056
1463,2,4.3468811128e-05,0.00434688111
1464,2,4.3468811128e-05,0.00434688111
1465,2,4.3468811128e-05,0.00434688111
1466,2,4.3468811128e-05,0.00434688111
1467,1,2.1734405564e-05,0.00217344056
1468,5,0.00010867202782,0.0108672028
1471,2,4.3468811128e-05,0.00434688111
1472,1,2.1734405564e-05,0.00217344056
1474,3,6.5203216692e-05,0.00652032167
1476,1,2.1734405564e-05,0.00217344056
1478,2,4.3468811128e-05,0.00434688111
1480,2,4.3468811128e-05,0.00434688111
1482,2,4.3468811128e-05,0.00434688111
1484,1,2.1734405564e-05,0.00217344056
1485,2,4.3468811128e-05,0.00434688111
1486,2,4.3468811128e-05,0.00434688111
1488,2,4.3468811128e-05,0.00434688111
1489,1,2.1734405564e-05,0.00217344056
1491,2,4.3468811128e-05,0.00434688111
1495,1,2.1734405564e-05,0.00217344056
1498,1,2.1734405564e-05,0.00217344056
1499,2,4.3468811128e-05,0.00434688111
1501,1,2.1734405564e-05,0.00217344056
1504,1,2.1734405564e-05,0.00217344056
1506,1,2.1734405564e-05,0.00217344056
1507,2,4.3468811128e-05,0.00434688111
1511,1,2.1734405564e-05,0.00217344056
1516,1,2.1734405564e-05,0.00217344056
1519,1,2.1734405564e-05,0.00217344056
1520,1,2.1734405564e-05,0.00217344056
1522,1,2.1734405564e-05,0.00217344056
1525,1,2.1734405564e-05,0.00217344056
1527,1,2.1734405564e-05,0.00217344056
1533,1,2.1734405564e-05,0.00217344056
1536,1,2.1734405564e-05,0.00217344056
1539,1,2.1734405564e-05,0.00217344056
1548,1,2.1734405564e-05,0.00217344056
1553,1,2.1734405564e-05,0.00217344056
1554,1,2.1734405564e-05,0.00217344056
1555,1,2.1734405564e-05,0.00217344056
1566,1,2.1734405564e-05,0.00217344056
1570,1,2.1734405564e-05,0.00217344056
1572,2,4.3468811128e-05,0.00434688111
1577,1,2.1734405564e-05,0.00217344056
1578,1,2.1734405564e-05,0.00217344056
1579,3,6.5203216692e-05,0.00652032167
1580,1,2.1734405564e-05,0.00217344056
1582,1,2.1734405564e-05,0.00217344056
1584,1,2.1734405564e-05,0.00217344056
1589,2,4.3468811128e-05,0.00434688111
1592,1,2.1734405564e-05,0.00217344056
1594,2,4.3468811128e-05,0.00434688111
1596,2,4.3468811128e-05,0.00434688111
1597,3,6.5203216692e-05,0.00652032167
1598,3,6.5203216692e-05,0.00652032167
1599,1,2.1734405564e-05,0.00217344056
1600,1,2.1734405564e-05,0.00217344056
1601,2,4.3468811128e-05,0.00434688111
1602,6,0.000130406433384,0.0130406433
1603,1,2.1734405564e-05,0.00217344056
1604,2,4.3468811128e-05,0.00434688111
1605,1,2.1734405564e-05,0.00217344056
1606,4,8.6937622256e-05,0.00869376223
1607,1,2.1734405564e-05,0.00217344056
1608,1,2.1734405564e-05,0.00217344056
1609,2,4.3468811128e-05,0.00434688111
1610,3,6.5203216692e-05,0.00652032167
1611,1,2.1734405564e-05,0.00217344056
1612,2,4.3468811128e-05,0.00434688111
1613,2,4.3468811128e-05,0.00434688111
1615,4,8.6937622256e-05,0.00869376223
1616,1,2.1734405564e-05,0.00217344056
1617,1,2.1734405564e-05,0.00217344056
1618,1,2.1734405564e-05,0.00217344056
1619,3,6.5203216692e-05,0.00652032167
1621,1,2.1734405564e-05,0.00217344056
1622,3,6.5203216692e-05,0.00652032167
1623,4,8.6937622256e-05,0.00869376223
1626,3,6.5203216692e-05,0.00652032167
1627,3,6.5203216692e-05,0.00652032167
1628,2,4.3468811128e-05,0.00434688111
1629,4,8.6937622256e-05,0.00869376223
1630,3,6.5203216692e-05,0.00652032167
1631,1,2.1734405564e-05,0.00217344056
1632,2,4.3468811128e-05,0.00434688111
1633,1,2.1734405564e-05,0.00217344056
1634,4,8.6937622256e-05,0.00869376223
1635,2,4.3468811128e-05,0.00434688111
1637,3,6.5203216692e-05,0.00652032167
1638,3,6.5203216692e-05,0.00652032167
1639,2,4.3468811128e-05,0.00434688111
1640,2,4.3468811128e-05,0.00434688111
1641,1,2.1734405564e-05,0.00217344056
1642,2,4.3468811128e-05,0.00434688111
1643,1,2.1734405564e-05,0.00217344056
1644,4,8.6937622256e-05,0.00869376223
1646,1,2.1734405564e-05,0.00217344056
1647,2,4.3468811128e-05,0.00434688111
1648,2,4.3468811128e-05,0.00434688111
1649,3,6.5203216692e-05,0.00652032167
1650,2,4.3468811128e-05,0.00434688111
1651,1,2.1734405564e-05,0.00217344056
1652,1,2.1734405564e-05,0.00217344056
1654,1,2.1734405564e-05,0.00217344056
1655,1,2.1734405564e-05,0.00217344056
1656,1,2.1734405564e-05,0.00217344056
1657,1,2.1734405564e-05,0.00217344056
1658,1,2.1734405564e-05,0.00217344056
1661,2,4.3468811128e-05,0.00434688111
1662,2,4.3468811128e-05,0.00434688111
1664,1,2.1734405564e-05,0.00217344056
1665,3,6.5203216692e-05,0.00652032167
1666,2,4.3468811128e-05,0.00434688111
1667,2,4.3468811128e-05,0.00434688111
1668,3,6.5203216692e-05,0.00652032167
1669,1,2.1734405564e-05,0.00217344056
1670,1,2.1734405564e-05,0.00217344056
1672,1,2.1734405564e-05,0.00217344056
1673,4,8.6937622256e-05,0.00869376223
1674,2,4.3468811128e-05,0.00434688111
1675,1,2.1734405564e-05,0.00217344056
1676,1,2.1734405564e-05,0.00217344056
1677,5,0.00010867202782,0.0108672028
1678,2,4.3468811128e-05,0.00434688111
1679,5,0.00010867202782,0.0108672028
1680,2,4.3468811128e-05,0.00434688111
1681,8,0.000173875244512,0.0173875245
1682,3,6.5203216692e-05,0.00652032167
1683,3,6.5203216692e-05,0.00652032167
1684,4,8.6937622256e-05,0.00869376223
1685,3,6.5203216692e-05,0.00652032167
1686,4,8.6937622256e-05,0.00869376223
1687,1,2.1734405564e-05,0.00217344056
1688,4,8.6937622256e-05,0.00869376223
1689,1,2.1734405564e-05,0.00217344056
1690,3,6.5203216692e-05,0.00652032167
1691,1,2.1734405564e-05,0.00217344056
1692,5,0.00010867202782,0.0108672028
1694,3,6.5203216692e-05,0.00652032167
1697,2,4.3468811128e-05,0.00434688111
1698,1,2.1734405564e-05,0.00217344056
1699,1,2.1734405564e-05,0.00217344056
1701,1,2.1734405564e-05,0.00217344056
1702,2,4.3468811128e-05,0.00434688111
1704,1,2.1734405564e-05,0.00217344056
1707,3,6.5203216692e-05,0.00652032167
1708,3,6.5203216692e-05,0.00652032167
1710,1,2.1734405564e-05,0.00217344056
1712,1,2.1734405564e-05,0.00217344056
1713,1,2.1734405564e-05,0.00217344056
1714,1,2.1734405564e-05,0.00217344056
1715,1,2.1734405564e-05,0.00217344056
1716,1,2.1734405564e-05,0.00217344056
1717,1,2.1734405564e-05,0.00217344056
1719,3,6.5203216692e-05,0.00652032167
1720,1,2.1734405564e-05,0.00217344056
1722,1,2.1734405564e-05,0.00217344056
1724,2,4.3468811128e-05,0.00434688111
1725,2,4.3468811128e-05,0.00434688111
1726,1,2.1734405564e-05,0.00217344056
1727,4,8.6937622256e-05,0.00869376223
1730,4,8.6937622256e-05,0.00869376223
1731,3,6.5203216692e-05,0.00652032167
1732,1,2.1734405564e-05,0.00217344056
1734,1,2.1734405564e-05,0.00217344056
1735,2,4.3468811128e-05,0.00434688111
1736,2,4.3468811128e-05,0.00434688111
1737,3,6.5203216692e-05,0.00652032167
1738,1,2.1734405564e-05,0.00217344056
1739,3,6.5203216692e-05,0.00652032167
1740,2,4.3468811128e-05,0.00434688111
1741,2,4.3468811128e-05,0.00434688111
1743,1,2.1734405564e-05,0.00217344056
1744,1,2.1734405564e-05,0.00217344056
1745,3,6.5203216692e-05,0.00652032167
1747,2,4.3468811128e-05,0.00434688111
1749,1,2.1734405564e-05,0.00217344056
1750,1,2.1734405564e-05,0.00217344056
1751,2,4.3468811128e-05,0.00434688111
1752,4,8.6937622256e-05,0.00869376223
1753,3,6.5203216692e-05,0.00652032167
1754,4,8.6937622256e-05,0.00869376223
1756,3,6.5203216692e-05,0.00652032167
1758,3,6.5203216692e-05,0.00652032167
1759,3,6.5203216692e-05,0.00652032167
1760,2,4.3468811128e-05,0.00434688111
1761,1,2.1734405564e-05,0.00217344056
1762,1,2.1734405564e-05,0.00217344056
1763,1,2.1734405564e-05,0.00217344056
1766,2,4.3468811128e-05,0.00434688111
1767,2,4.3468811128e-05,0.00434688111
1768,2,4.3468811128e-05,0.00434688111
1769,1,2.1734405564e-05,0.00217344056
1770,2,4.3468811128e-05,0.00434688111
1772,2,4.3468811128e-05,0.00434688111
1773,1,2.1734405564e-05,0.00217344056
1774,1,2.1734405564e-05,0.00217344056
1775,1,2.1734405564e-05,0.00217344056
1776,2,4.3468811128e-05,0.00434688111
1777,2,4.3468811128e-05,0.00434688111
1778,1,2.1734405564e-05,0.00217344056
1779,1,2.1734405564e-05,0.00217344056
1780,2,4.3468811128e-05,0.00434688111
1781,2,4.3468811128e-05,0.00434688111
1782,1,2.1734405564e-05,0.00217344056
1783,1,2.1734405564e-05,0.00217344056
1784,1,2.1734405564e-05,0.00217344056
1786,1,2.1734405564e-05,0.00217344056
1789,1,2.1734405564e-05,0.00217344056
1790,2,4.3468811128e-05,0.00434688111
1792,1,2.1734405564e-05,0.00217344056
1793,1,2.1734405564e-05,0.00217344056
1795,2,4.3468811128e-05,0.00434688111
1796,5,0.00010867202782,0.0108672028
1797,1,2.1734405564e-05,0.00217344056
1798,2,4.3468811128e-05,0.00434688111
1799,2,4.3468811128e-05,0.00434688111
1800,3,6.5203216692e-05,0.00652032167
1801,1,2.1734405564e-05,0.00217344056
1804,1,2.1734405564e-05,0.00217344056
1805,1,2.1734405564e-05,0.00217344056
1806,2,4.3468811128e-05,0.00434688111
1807,1,2.1734405564e-05,0.00217344056
1808,1,2.1734405564e-05,0.00217344056
1810,1,2.1734405564e-05,0.00217344056
1811,1,2.1734405564e-05,0.00217344056
1812,1,2.1734405564e-05,0.00217344056
1813,3,6.5203216692e-05,0.00652032167
1816,1,2.1734405564e-05,0.00217344056
1817,2,4.3468811128e-05,0.00434688111
1818,2,4.3468811128e-05,0.00434688111
1820,2,4.3468811128e-05,0.00434688111
1821,5,0.00010867202782,0.0108672028
1822,1,2.1734405564e-05,0.00217344056
1823,2,4.3468811128e-05,0.00434688111
1825,2,4.3468811128e-05,0.00434688111
1826,3,6.5203216692e-05,0.00652032167
1828,1,2.1734405564e-05,0.00217344056
1829,1,2.1734405564e-05,0.00217344056
1830,3,6.5203216692e-05,0.00652032167
1832,1,2.1734405564e-05,0.00217344056
1834,1,2.1734405564e-05,0.00217344056
1835,2,4.3468811128e-05,0.00434688111
1837,2,4.3468811128e-05,0.00434688111
1838,3,6.5203216692e-05,0.00652032167
1839,1,2.1734405564e-05,0.00217344056
1842,2,4.3468811128e-05,0.00434688111
1843,4,8.6937622256e-05,0.00869376223
1845,1,2.1734405564e-05,0.00217344056
1847,1,2.1734405564e-05,0.00217344056
1849,2,4.3468811128e-05,0.00434688111
1850,3,6.5203216692e-05,0.00652032167
1853,2,4.3468811128e-05,0.00434688111
1854,1,2.1734405564e-05,0.00217344056
1855,2,4.3468811128e-05,0.00434688111
1856,2,4.3468811128e-05,0.00434688111
1857,1,2.1734405564e-05,0.00217344056
1859,3,6.5203216692e-05,0.00652032167
1860,1,2.1734405564e-05,0.00217344056
1864,2,4.3468811128e-05,0.00434688111
1869,1,2.1734405564e-05,0.00217344056
1870,2,4.3468811128e-05,0.00434688111
1872,2,4.3468811128e-05,0.00434688111
1873,1,2.1734405564e-05,0.00217344056
1874,1,2.1734405564e-05,0.00217344056
1875,2,4.3468811128e-05,0.00434688111
1878,1,2.1734405564e-05,0.00217344056
1879,3,6.5203216692e-05,0.00652032167
1881,3,6.5203216692e-05,0.00652032167
1882,1,2.1734405564e-05,0.00217344056
1883,1,2.1734405564e-05,0.00217344056
1885,1,2.1734405564e-05,0.00217344056
1886,2,4.3468811128e-05,0.00434688111
1887,3,6.5203216692e-05,0.00652032167
1888,1,2.1734405564e-05,0.00217344056
1890,2,4.3468811128e-05,0.00434688111
1893,1,2.1734405564e-05,0.00217344056
1895,1,2.1734405564e-05,0.00217344056
1896,1,2.1734405564e-05,0.00217344056
1897,1,2.1734405564e-05,0.00217344056
1901,1,2.1734405564e-05,0.00217344056
1902,1,2.1734405564e-05,0.00217344056
1904,2,4.3468811128e-05,0.00434688111
1905,2,4.3468811128e-05,0.00434688111
1906,1,2.1734405564e-05,0.00217344056
1907,1,2.1734405564e-05,0.00217344056
1910,1,2.1734405564e-05,0.00217344056
1912,2,4.3468811128e-05,0.00434688111
1913,1,2.1734405564e-05,0.00217344056
1915,3,6.5203216692e-05,0.00652032167
1923,1,2.1734405564e-05,0.00217344056
1924,1,2.1734405564e-05,0.00217344056
1925,1,2.1734405564e-05,0.00217344056
1927,1,2.1734405564e-05,0.00217344056
1928,2,4.3468811128e-05,0.00434688111
1933,1,2.1734405564e-05,0.00217344056
1934,5,0.00010867202782,0.0108672028
1937,2,4.3468811128e-05,0.00434688111
1938,1,2.1734405564e-05,0.00217344056
1939,1,2.1734405564e-05,0.00217344056
1940,2,4.3468811128e-05,0.00434688111
1941,3,6.5203216692e-05,0.00652032167
1942,1,2.1734405564e-05,0.00217344056
1943,1,2.1734405564e-05,0.00217344056
1944,1,2.1734405564e-05,0.00217344056
1945,1,2.1734405564e-05,0.00217344056
1947,2,4.3468811128e-05,0.00434688111
1948,1,2.1734405564e-05,0.00217344056
1949,1,2.1734405564e-05,0.00217344056
1950,4,8.6937622256e-05,0.00869376223
1951,4,8.6937622256e-05,0.00869376223
1952,1,2.1734405564e-05,0.00217344056
1953,2,4.3468811128e-05,0.00434688111
1954,1,2.1734405564e-05,0.00217344056
1956,1,2.1734405564e-05,0.00217344056
1957,1,2.1734405564e-05,0.00217344056
1958,1,2.1734405564e-05,0.00217344056
1959,2,4.3468811128e-05,0.00434688111
1960,2,4.3468811128e-05,0.00434688111
1962,1,2.1734405564e-05,0.00217344056
1964,2,4.3468811128e-05,0.00434688111
1965,2,4.3468811128e-05,0.00434688111
1966,1,2.1734405564e-05,0.00217344056
1968,3,6.5203216692e-05,0.00652032167
1970,1,2.1734405564e-05,0.00217344056
1971,2,4.3468811128e-05,0.00434688111
1972,2,4.3468811128e-05,0.00434688111
1974,1,2.1734405564e-05,0.00217344056
1975,1,2.1734405564e-05,0.00217344056
1976,1,2.1734405564e-05,0.00217344056
1977,3,6.5203216692e-05,0.00652032167
1978,1,2.1734405564e-05,0.00217344056
1979,1,2.1734405564e-05,0.00217344056
1980,2,4.3468811128e-05,0.00434688111
1981,1,2.1734405564e-05,0.00217344056
1982,1,2.1734405564e-05,0.00217344056
1983,1,2.1734405564e-05,0.00217344056
1984,1,2.1734405564e-05,0.00217344056
1985,3,6.5203216692e-05,0.00652032167
1986,1,2.1734405564e-05,0.00217344056
1987,2,4.3468811128e-05,0.00434688111
1988,2,4.3468811128e-05,0.00434688111
1989,1,2.1734405564e-05,0.00217344056
1990,1,2.1734405564e-05,0.00217344056
1991,2,4.3468811128e-05,0.00434688111
1992,1,2.1734405564e-05,0.00217344056
1993,3,6.5203216692e-05,0.00652032167
1994,4,8.6937622256e-05,0.00869376223
1995,1,2.1734405564e-05,0.00217344056
1996,3,6.5203216692e-05,0.00652032167
1997,4,8.6937622256e-05,0.00869376223
1998,2,4.3468811128e-05,0.00434688111
1999,3,6.5203216692e-05,0.00652032167
2000,2,4.3468811128e-05,0.00434688111
2001,2,4.3468811128e-05,0.00434688111
2002,1,2.1734405564e-05,0.00217344056
2003,3,6.5203216692e-05,0.00652032167
2004,2,4.3468811128e-05,0.00434688111
2005,1,2.1734405564e-05,0.00217344056
2006,1,2.1734405564e-05,0.00217344056
2007,3,6.5203216692e-05,0.00652032167
2009,4,8.6937622256e-05,0.00869376223
2011,4,8.6937622256e-05,0.00869376223
2012,2,4.3468811128e-05,0.00434688111
2013,6,0.000130406433384,0.0130406433
2014,4,8.6937622256e-05,0.00869376223
2015,1,2.1734405564e-05,0.00217344056
2017,1,2.1734405564e-05,0.00217344056
2018,2,4.3468811128e-05,0.00434688111
2019,5,0.00010867202782,0.0108672028
2020,5,0.00010867202782,0.0108672028
2021,4,8.6937622256e-05,0.00869376223
2022,5,0.00010867202782,0.0108672028
2023,2,4.3468811128e-05,0.00434688111
2024,3,6.5203216692e-05,0.00652032167
2025,3,6.5203216692e-05,0.00652032167
2027,2,4.3468811128e-05,0.00434688111
2028,1,2.1734405564e-05,0.00217344056
2029,4,8.6937622256e-05,0.00869376223
2030,3,6.5203216692e-05,0.00652032167
2031,2,4.3468811128e-05,0.00434688111
2032,3,6.5203216692e-05,0.00652032167
2033,3,6.5203216692e-05,0.00652032167
2034,4,8.6937622256e-05,0.00869376223
2036,3,6.5203216692e-05,0.00652032167
2037,4,8.6937622256e-05,0.00869376223
2038,4,8.6937622256e-05,0.00869376223
2039,2,4.3468811128e-05,0.00434688111
2041,1,2.1734405564e-05,0.00217344056
2043,1,2.1734405564e-05,0.00217344056
2044,1,2.1734405564e-05,0.00217344056
2045,5,0.00010867202782,0.0108672028
2046,3,6.5203216692e-05,0.00652032167
2047,5,0.00010867202782,0.0108672028
2049,1,2.1734405564e-05,0.00217344056
2050,1,2.1734405564e-05,0.00217344056
2052,1,2.1734405564e-05,0.00217344056
2053,1,2.1734405564e-05,0.00217344056
2054,1,2.1734405564e-05,0.00217344056
2057,2,4.3468811128e-05,0.00434688111
2058,5,0.00010867202782,0.0108672028
2059,1,2.1734405564e-05,0.00217344056
2061,1,2.1734405564e-05,0.00217344056
2064,3,6.5203216692e-05,0.00652032167
2065,1,2.1734405564e-05,0.00217344056
2066,1,2.1734405564e-05,0.00217344056
2067,2,4.3468811128e-05,0.00434688111
2070,4,8.6937622256e-05,0.00869376223
2072,1,2.1734405564e-05,0.00217344056
2077,1,2.1734405564e-05,0.00217344056
2078,3,6.5203216692e-05,0.00652032167
2079,2,4.3468811128e-05,0.00434688111
2080,2,4.3468811128e-05,0.00434688111
2082,2,4.3468811128e-05,0.00434688111
2084,1,2.1734405564e-05,0.00217344056
2085,2,4.3468811128e-05,0.00434688111
2087,1,2.1734405564e-05,0.00217344056
2088,4,8.6937622256e-05,0.00869376223
2090,1,2.1734405564e-05,0.00217344056
2091,2,4.3468811128e-05,0.00434688111
2092,1,2.1734405564e-05,0.00217344056
2093,2,4.3468811128e-05,0.00434688111
2094,2,4.3468811128e-05,0.00434688111
2095,1,2.1734405564e-05,0.00217344056
2096,2,4.3468811128e-05,0.00434688111
2097,3,6.5203216692e-05,0.00652032167
2098,1,2.1734405564e-05,0.00217344056
2100,2,4.3468811128e-05,0.00434688111
2101,3,6.5203216692e-05,0.00652032167
2102,3,6.5203216692e-05,0.00652032167
2103,1,2.1734405564e-05,0.00217344056
2104,1,2.1734405564e-05,0.00217344056
2105,1,2.1734405564e-05,0.00217344056
2106,2,4.3468811128e-05,0.00434688111
2107,2,4.3468811128e-05,0.00434688111
2108,2,4.3468811128e-05,0.00434688111
2111,2,4.3468811128e-05,0.00434688111
2112,2,4.3468811128e-05,0.00434688111
2113,3,6.5203216692e-05,0.00652032167
2114,4,8.6937622256e-05,0.00869376223
2115,2,4.3468811128e-05,0.00434688111
2117,3,6.5203216692e-05,0.00652032167
2118,1,2.1734405564e-05,0.00217344056
2121,1,2.1734405564e-05,0.00217344056
2122,2,4.3468811128e-05,0.00434688111
2124,3,6.5203216692e-05,0.00652032167
2126,1,2.1734405564e-05,0.00217344056
2127,3,6.5203216692e-05,0.00652032167
2128,2,4.3468811128e-05,0.00434688111
2129,3,6.5203216692e-05,0.00652032167
2131,1,2.1734405564e-05,0.00217344056
2132,1,2.1734405564e-05,0.00217344056
2134,1,2.1734405564e-05,0.00217344056
2135,1,2.1734405564e-05,0.00217344056
2136,1,2.1734405564e-05,0.00217344056
2137,1,2.1734405564e-05,0.00217344056
2138,1,2.1734405564e-05,0.00217344056
2139,1,2.1734405564e-05,0.00217344056
2140,2,4.3468811128e-05,0.00434688111
2141,1,2.1734405564e-05,0.00217344056
2142,2,4.3468811128e-05,0.00434688111
2143,2,4.3468811128e-05,0.00434688111
2144,1,2.1734405564e-05,0.00217344056
2145,1,2.1734405564e-05,0.00217344056
2146,1,2.1734405564e-05,0.00217344056
2147,3,6.5203216692e-05,0.00652032167
2148,8,0.000173875244512,0.0173875245
2149,5,0.00010867202782,0.0108672028
2150,2,4.3468811128e-05,0.00434688111
2151,2,4.3468811128e-05,0.00434688111
2152,2,4.3468811128e-05,0.00434688111
2153,2,4.3468811128e-05,0.00434688111
2154,3,6.5203216692e-05,0.00652032167
2155,4,8.6937622256e-05,0.00869376223
2156,5,0.00010867202782,0.0108672028
2157,3,6.5203216692e-05,0.00652032167
2158,5,0.00010867202782,0.0108672028
2159,1,2.1734405564e-05,0.00217344056
2160,3,6.5203216692e-05,0.00652032167
2161,2,4.3468811128e-05,0.00434688111
2162,7,0.000152140838948,0.0152140839
2163,3,6.5203216692e-05,0.00652032167
2164,1,2.1734405564e-05,0.00217344056
2165,3,6.5203216692e-05,0.00652032167
2166,6,0.000130406433384,0.0130406433
2167,4,8.6937622256e-05,0.00869376223
2168,8,0.000173875244512,0.0173875245
2169,3,6.5203216692e-05,0.00652032167
2170,2,4.3468811128e-05,0.00434688111
2171,3,6.5203216692e-05,0.00652032167
2172,3,6.5203216692e-05,0.00652032167
2173,4,8.6937622256e-05,0.00869376223
2174,1,2.1734405564e-05,0.00217344056
2175,4,8.6937622256e-05,0.00869376223
2176,1,2.1734405564e-05,0.00217344056
2177,6,0.000130406433384,0.0130406433
2178,1,2.1734405564e-05,0.00217344056
2179,1,2.1734405564e-05,0.00217344056
2180,3,6.5203216692e-05,0.00652032167
2181,1,2.1734405564e-05,0.00217344056
2182,2,4.3468811128e-05,0.00434688111
2183,1,2.1734405564e-05,0.00217344056
2184,1,2.1734405564e-05,0.00217344056
2185,3,6.5203216692e-05,0.00652032167
2186,2,4.3468811128e-05,0.00434688111
2187,2,4.3468811128e-05,0.00434688111
2188,4,8.6937622256e-05,0.00869376223
2189,6,0.000130406433384,0.0130406433
2190,4,8.6937622256e-05,0.00869376223
2191,2,4.3468811128e-05,0.00434688111
2192,2,4.3468811128e-05,0.00434688111
2193,3,6.5203216692e-05,0.00652032167
2194,2,4.3468811128e-05,0.00434688111
2195,1,2.1734405564e-05,0.00217344056
2196,2,4.3468811128e-05,0.00434688111
2197,2,4.3468811128e-05,0.00434688111
2198,1,2.1734405564e-05,0.00217344056
2199,3,6.5203216692e-05,0.00652032167
2200,1,2.1734405564e-05,0.00217344056
2201,2,4.3468811128e-05,0.00434688111
2202,1,2.1734405564e-05,0.00217344056
2203,1,2.1734405564e-05,0.00217344056
2205,4,8.6937622256e-05,0.00869376223
2206,1,2.1734405564e-05,0.00217344056
2207,1,2.1734405564e-05,0.00217344056
2210,2,4.3468811128e-05,0.00434688111
2211,2,4.3468811128e-05,0.00434688111
2212,1,2.1734405564e-05,0.00217344056
2213,1,2.1734405564e-05,0.00217344056
2215,3,6.5203216692e-05,0.00652032167
2216,4,8.6937622256e-05,0.00869376223
2218,3,6.5203216692e-05,0.00652032167
2219,1,2.1734405564e-05,0.00217344056
2220,3,6.5203216692e-05,0.00652032167
2221,2,4.3468811128e-05,0.00434688111
2222,1,2.1734405564e-05,0.00217344056
2223,2,4.3468811128e-05,0.00434688111
2224,3,6.5203216692e-05,0.00652032167
2225,2,4.3468811128e-05,0.00434688111
2226,1,2.1734405564e-05,0.00217344056
2227,1,2.1734405564e-05,0.00217344056
2228,7,0.000152140838948,0.0152140839
2229,1,2.1734405564e-05,0.00217344056
2230,6,0.000130406433384,0.0130406433
2231,2,4.3468811128e-05,0.00434688111
2232,5,0.00010867202782,0.0108672028
2233,5,0.00010867202782,0.0108672028
2234,4,8.6937622256e-05,0.00869376223
2235,5,0.00010867202782,0.0108672028
2236,5,0.00010867202782,0.0108672028
2237,4,8.6937622256e-05,0.00869376223
2238,4,8.6937622256e-05,0.00869376223
2239,5,0.00010867202782,0.0108672028
2240,5,0.00010867202782,0.0108672028
2241,2,4.3468811128e-05,0.00434688111
2242,1,2.1734405564e-05,0.00217344056
2243,2,4.3468811128e-05,0.00434688111
2244,4,8.6937622256e-05,0.00869376223
2245,5,0.00010867202782,0.0108672028
2246,3,6.5203216692e-05,0.00652032167
2247,3,6.5203216692e-05,0.00652032167
2248,2,4.3468811128e-05,0.00434688111
2249,3,6.5203216692e-05,0.00652032167
2250,3,6.5203216692e-05,0.00652032167
2251,5,0.00010867202782,0.0108672028
2252,2,4.3468811128e-05,0.00434688111
2253,1,2.1734405564e-05,0.00217344056
2254,2,4.3468811128e-05,0.00434688111
2255,8,0.000173875244512,0.0173875245
2256,4,8.6937622256e-05,0.00869376223
2257,5,0.00010867202782,0.0108672028
2258,1,2.1734405564e-05,0.00217344056
2259,4,8.6937622256e-05,0.00869376223
2260,4,8.6937622256e-05,0.00869376223
2261,6,0.000130406433384,0.0130406433
2262,7,0.000152140838948,0.0152140839
2263,8,0.000173875244512,0.0173875245
2264,7,0.000152140838948,0.0152140839
2265,7,0.000152140838948,0.0152140839
2266,6,0.000130406433384,0.0130406433
2267,8,0.000173875244512,0.0173875245
2268,5,0.00010867202782,0.0108672028
2269,6,0.000130406433384,0.0130406433
2270,10,0.00021734405564,0.0217344056
2271,6,0.000130406433384,0.0130406433
2272,5,0.00010867202782,0.0108672028
2273,5,0.00010867202782,0.0108672028
2274,7,0.000152140838948,0.0152140839
2275,5,0.00010867202782,0.0108672028
2276,8,0.000173875244512,0.0173875245
2277,9,0.000195609650076,0.019560965
2278,4,8.6937622256e-05,0.00869376223
2279,5,0.00010867202782,0.0108672028
2280,4,8.6937622256e-05,0.00869376223
2281,7,0.000152140838948,0.0152140839
2282,4,8.6937622256e-05,0.00869376223
2283,11,0.000239078461204,0.0239078461
2284,11,0.000239078461204,0.0239078461
2285,13,0.000282547272332,0.0282547272
2286,12,0.000260812866768,0.0260812867
2287,11,0.000239078461204,0.0239078461
2288,9,0.000195609650076,0.019560965
2289,14,0.000304281677896,0.0304281678
2290,2,4.3468811128e-05,0.00434688111
2291,2,4.3468811128e-05,0.00434688111
2292,2,4.3468811128e-05,0.00434688111
2294,1,2.1734405564e-05,0.00217344056
2295,2,4.3468811128e-05,0.00434688111
2296,1,2.1734405564e-05,0.00217344056
2297,1,2.1734405564e-05,0.00217344056
2298,3,6.5203216692e-05,0.00652032167
2299,6,0.000130406433384,0.0130406433
2300,3,6.5203216692e-05,0.00652032167
2301,12,0.000260812866768,0.0260812867
2302,12,0.000260812866768,0.0260812867
2303,5,0.00010867202782,0.0108672028
2304,3,6.5203216692e-05,0.00652032167
2305,4,8.6937622256e-05,0.00869376223
2306,3,6.5203216692e-05,0.00652032167
2307,3,6.5203216692e-05,0.00652032167
2308,2,4.3468811128e-05,0.00434688111
2309,6,0.000130406433384,0.0130406433
2310,3,6.5203216692e-05,0.00652032167
2311,2,4.3468811128e-05,0.00434688111
2312,6,0.000130406433384,0.0130406433
2313,1,2.1734405564e-05,0.00217344056
2314,3,6.5203216692e-05,0.00652032167
2315,3,6.5203216692e-05,0.00652032167
2316,6,0.000130406433384,0.0130406433
2317,5,0.00010867202782,0.0108672028
2318,2,4.3468811128e-05,0.00434688111
2319,4,8.6937622256e-05,0.00869376223
2320,2,4.3468811128e-05,0.00434688111
2321,6,0.000130406433384,0.0130406433
2322,4,8.6937622256e-05,0.00869376223
2323,5,0.00010867202782,0.0108672028
2324,8,0.000173875244512,0.0173875245
2325,10,0.00021734405564,0.0217344056
2326,4,8.6937622256e-05,0.00869376223
2327,11,0.000239078461204,0.0239078461
2328,13,0.000282547272332,0.0282547272
2329,10,0.00021734405564,0.0217344056
2330,6,0.000130406433384,0.0130406433
2331,8,0.000173875244512,0.0173875245
2332,7,0.000152140838948,0.0152140839
2333,8,0.000173875244512,0.0173875245
2334,6,0.000130406433384,0.0130406433
2335,14,0.000304281677896,0.0304281678
2336,7,0.000152140838948,0.0152140839
2337,9,0.000195609650076,0.019560965
2338,8,0.000173875244512,0.0173875245
2339,7,0.000152140838948,0.0152140839
2340,9,0.000195609650076,0.019560965
2341,12,0.000260812866768,0.0260812867
2342,5,0.00010867202782,0.0108672028
2343,11,0.000239078461204,0.0239078461
2344,12,0.000260812866768,0.0260812867
2345,9,0.000195609650076,0.019560965
2346,6,0.000130406433384,0.0130406433
2347,7,0.000152140838948,0.0152140839
2348,12,0.000260812866768,0.0260812867
2349,6,0.000130406433384,0.0130406433
2350,4,8.6937622256e-05,0.00869376223
2351,8,0.000173875244512,0.0173875245
2352,3,6.5203216692e-05,0.00652032167
2353,4,8.6937622256e-05,0.00869376223
2354,8,0.000173875244512,0.0173875245
2355,6,0.000130406433384,0.0130406433
2356,6,0.000130406433384,0.0130406433
2357,1,2.1734405564e-05,0.00217344056
2358,6,0.000130406433384,0.0130406433
2359,3,6.5203216692e-05,0.00652032167
2360,7,0.000152140838948,0.0152140839
2362,2,4.3468811128e-05,0.00434688111
2363,4,8.6937622256e-05,0.00869376223
2364,2,4.3468811128e-05,0.00434688111
2365,4,8.6937622256e-05,0.00869376223
2366,7,0.000152140838948,0.0152140839
2367,5,0.00010867202782,0.0108672028
2368,5,0.00010867202782,0.0108672028
2369,10,0.00021734405564,0.0217344056
2370,4,8.6937622256e-05,0.00869376223
2371,7,0.000152140838948,0.0152140839
2372,6,0.000130406433384,0.0130406433
2373,4,8.6937622256e-05,0.00869376223
2374,4,8.6937622256e-05,0.00869376223
2375,6,0.000130406433384,0.0130406433
2376,4,8.6937622256e-05,0.00869376223
2377,4,8.6937622256e-05,0.00869376223
2378,4,8.6937622256e-05,0.00869376223
2379,3,6.5203216692e-05,0.00652032167
2380,4,8.6937622256e-05,0.00869376223
2381,3,6.5203216692e-05,0.00652032167
2382,4,8.6937622256e-05,0.00869376223
2383,2,4.3468811128e-05,0.00434688111
2384,7,0.000152140838948,0.0152140839
2385,4,8.6937622256e-05,0.00869376223
2386,3,6.5203216692e-05,0.00652032167
2387,2,4.3468811128e-05,0.00434688111
2388,2,4.3468811128e-05,0.00434688111
2389,3,6.5203216692e-05,0.00652032167
2390,2,4.3468811128e-05,0.00434688111
2391,1,2.1734405564e-05,0.00217344056
2392,2,4.3468811128e-05,0.00434688111
2393,2,4.3468811128e-05,0.00434688111
2394,4,8.6937622256e-05,0.00869376223
2395,5,0.00010867202782,0.0108672028
2396,9,0.000195609650076,0.019560965
2397,2,4.3468811128e-05,0.00434688111
2398,4,8.6937622256e-05,0.00869376223
2399,4,8.6937622256e-05,0.00869376223
2401,8,0.000173875244512,0.0173875245
2402,5,0.00010867202782,0.0108672028
2403,1,2.1734405564e-05,0.00217344056
2404,4,8.6937622256e-05,0.00869376223
2405,4,8.6937622256e-05,0.00869376223
2406,3,6.5203216692e-05,0.00652032167
2407,7,0.000152140838948,0.0152140839
2408,3,6.5203216692e-05,0.00652032167
2409,3,6.5203216692e-05,0.00652032167
2410,2,4.3468811128e-05,0.00434688111
2411,4,8.6937622256e-05,0.00869376223
2412,3,6.5203216692e-05,0.00652032167
2413,3,6.5203216692e-05,0.00652032167
2414,4,8.6937622256e-05,0.00869376223
2415,5,0.00010867202782,0.0108672028
2416,6,0.000130406433384,0.0130406433
2417,1,2.1734405564e-05,0.00217344056
2418,2,4.3468811128e-05,0.00434688111
2419,5,0.00010867202782,0.0108672028
2420,4,8.6937622256e-05,0.00869376223
2421,1,2.1734405564e-05,0.00217344056
2422,4,8.6937622256e-05,0.00869376223
2423,5,0.00010867202782,0.0108672028
2424,4,8.6937622256e-05,0.00869376223
2425,7,0.000152140838948,0.0152140839
2426,5,0.00010867202782,0.0108672028
2427,2,4.3468811128e-05,0.00434688111
2428,4,8.6937622256e-05,0.00869376223
2429,6,0.000130406433384,0.0130406433
2430,2,4.3468811128e-05,0.00434688111
2431,7,0.000152140838948,0.0152140839
2432,2,4.3468811128e-05,0.00434688111
2433,1,2.1734405564e-05,0.00217344056
2434,3,6.5203216692e-05,0.00652032167
2435,6,0.000130406433384,0.0130406433
2436,5,0.00010867202782,0.0108672028
2437,4,8.6937622256e-05,0.00869376223
2438,6,0.000130406433384,0.0130406433
2439,4,8.6937622256e-05,0.00869376223
2440,5,0.00010867202782,0.0108672028
2441,8,0.000173875244512,0.0173875245
2442,5,0.00010867202782,0.0108672028
2443,10,0.00021734405564,0.0217344056
2444,7,0.000152140838948,0.0152140839
2445,3,6.5203216692e-05,0.00652032167
2446,5,0.00010867202782,0.0108672028
2447,7,0.000152140838948,0.0152140839
2448,7,0.000152140838948,0.0152140839
2449,9,0.000195609650076,0.019560965
2450,16,0.000347750489024,0.0347750489
2451,4,8.6937622256e-05,0.00869376223
2452,5,0.00010867202782,0.0108672028
2453,10,0.00021734405564,0.0217344056
2454,7,0.000152140838948,0.0152140839
2455,8,0.000173875244512,0.0173875245
2456,6,0.000130406433384,0.0130406433
2457,7,0.000152140838948,0.0152140839
2458,12,0.000260812866768,0.0260812867
2459,8,0.000173875244512,0.0173875245
2460,7,0.000152140838948,0.0152140839
2461,7,0.000152140838948,0.0152140839
2462,8,0.000173875244512,0.0173875245
2463,12,0.000260812866768,0.0260812867
2464,11,0.000239078461204,0.0239078461
2465,4,8.6937622256e-05,0.00869376223
2466,7,0.000152140838948,0.0152140839
2467,8,0.000173875244512,0.0173875245
2468,13,0.000282547272332,0.0282547272
2469,10,0.00021734405564,0.0217344056
2470,7,0.000152140838948,0.0152140839
2471,6,0.000130406433384,0.0130406433
2472,8,0.000173875244512,0.0173875245
2473,7,0.000152140838948,0.0152140839
2474,7,0.000152140838948,0.0152140839
2475,11,0.000239078461204,0.0239078461
2476,5,0.00010867202782,0.0108672028
2477,10,0.00021734405564,0.0217344056
2478,4,8.6937622256e-05,0.00869376223
2479,5,0.00010867202782,0.0108672028
2480,4,8.6937622256e-05,0.00869376223
2481,5,0.00010867202782,0.0108672028
2482,4,8.6937622256e-05,0.00869376223
2483,3,6.5203216692e-05,0.00652032167
2484,6,0.000130406433384,0.0130406433
2485,6,0.000130406433384,0.0130406433
2486,7,0.000152140838948,0.0152140839
2487,9,0.000195609650076,0.019560965
2488,8,0.000173875244512,0.0173875245
2489,2,4.3468811128e-05,0.00434688111
2490,7,0.000152140838948,0.0152140839
2491,3,6.5203216692e-05,0.00652032167
2492,9,0.000195609650076,0.019560965
2494,2,4.3468811128e-05,0.00434688111
2495,3,6.5203216692e-05,0.00652032167
2496,7,0.000152140838948,0.0152140839
2497,6,0.000130406433384,0.0130406433
2498,7,0.000152140838948,0.0152140839
2499,4,8.6937622256e-05,0.00869376223
2500,4,8.6937622256e-05,0.00869376223
2501,6,0.000130406433384,0.0130406433
2502,1,2.1734405564e-05,0.00217344056
2503,7,0.000152140838948,0.0152140839
2504,2,4.3468811128e-05,0.00434688111
2506,5,0.00010867202782,0.0108672028
2507,3,6.5203216692e-05,0.00652032167
2508,4,8.6937622256e-05,0.00869376223
2509,3,6.5203216692e-05,0.00652032167
2510,3,6.5203216692e-05,0.00652032167
2511,8,0.000173875244512,0.0173875245
2512,7,0.000152140838948,0.0152140839
2513,8,0.000173875244512,0.0173875245
2514,4,8.6937622256e-05,0.00869376223
2515,6,0.000130406433384,0.0130406433
2516,6,0.000130406433384,0.0130406433
2517,9,0.000195609650076,0.019560965
2518,3,6.5203216692e-05,0.00652032167
2519,10,0.00021734405564,0.0217344056
2520,7,0.000152140838948,0.0152140839
2521,4,8.6937622256e-05,0.00869376223
2522,2,4.3468811128e-05,0.00434688111
2523,3,6.5203216692e-05,0.00652032167
2524,8,0.000173875244512,0.0173875245
2525,3,6.5203216692e-05,0.00652032167
2526,8,0.000173875244512,0.0173875245
2527,7,0.000152140838948,0.0152140839
2528,7,0.000152140838948,0.0152140839
2529,6,0.000130406433384,0.0130406433
2530,5,0.00010867202782,0.0108672028
2531,6,0.000130406433384,0.0130406433
2532,6,0.000130406433384,0.0130406433
2533,5,0.00010867202782,0.0108672028
2534,8,0.000173875244512,0.0173875245
2535,7,0.000152140838948,0.0152140839
2536,12,0.000260812866768,0.0260812867
2537,10,0.00021734405564,0.0217344056
2538,8,0.000173875244512,0.0173875245
2539,7,0.000152140838948,0.0152140839
2540,10,0.00021734405564,0.0217344056
2541,10,0.00021734405564,0.0217344056
2542,8,0.000173875244512,0.0173875245
2543,10,0.00021734405564,0.0217344056
2544,3,6.5203216692e-05,0.00652032167
2545,9,0.000195609650076,0.019560965
2546,4,8.6937622256e-05,0.00869376223
2547,2,4.3468811128e-05,0.00434688111
2548,8,0.000173875244512,0.0173875245
2549,8,0.000173875244512,0.0173875245
2550,11,0.000239078461204,0.0239078461
2551,14,0.000304281677896,0.0304281678
2552,13,0.000282547272332,0.0282547272
2553,12,0.000260812866768,0.0260812867
2554,3,6.5203216692e-05,0.00652032167
2555,8,0.000173875244512,0.0173875245
2556,7,0.000152140838948,0.0152140839
2557,5,0.00010867202782,0.0108672028
2558,8,0.000173875244512,0.0173875245
2559,13,0.000282547272332,0.0282547272
2560,683,0.0148445990002,1.4844599
2561,18,0.000391219300152,0.03912193
2562,17,0.000369484894588,0.0369484895
2563,13,0.000282547272332,0.0282547272
2564,4,8.6937622256e-05,0.00869376223
2565,11,0.000239078461204,0.0239078461
2566,8,0.000173875244512,0.0173875245
2567,4,8.6937622256e-05,0.00869376223
2568,5,0.00010867202782,0.0108672028
2569,7,0.000152140838948,0.0152140839
2570,10,0.00021734405564,0.0217344056
2571,6,0.000130406433384,0.0130406433
2572,8,0.000173875244512,0.0173875245
2573,9,0.000195609650076,0.019560965
2574,7,0.000152140838948,0.0152140839
2575,3,6.5203216692e-05,0.00652032167
2576,5,0.00010867202782,0.0108672028
2577,6,0.000130406433384,0.0130406433
2578,13,0.000282547272332,0.0282547272
2579,9,0.000195609650076,0.019560965
2580,11,0.000239078461204,0.0239078461
2581,18,0.000391219300152,0.03912193
2582,26,0.000565094544664,0.0565094545
2583,20,0.00043468811128,0.0434688111
2584,19,0.000412953705716,0.0412953706
2585,20,0.00043468811128,0.0434688111
2586,14,0.000304281677896,0.0304281678
2587,25,0.0005433601391,0.0543360139
2588,19,0.000412953705716,0.0412953706
2589,28,0.000608563355792,0.0608563356
2590,26,0.000565094544664,0.0565094545
2591,19,0.000412953705716,0.0412953706
2592,11,0.000239078461204,0.0239078461
2593,12,0.000260812866768,0.0260812867
2594,17,0.000369484894588,0.0369484895
2595,11,0.000239078461204,0.0239078461
2596,9,0.000195609650076,0.019560965
2597,7,0.000152140838948,0.0152140839
2598,6,0.000130406433384,0.0130406433
2599,4,8.6937622256e-05,0.00869376223
2600,14,0.000304281677896,0.0304281678
2601,12,0.000260812866768,0.0260812867
2602,9,0.000195609650076,0.019560965
2603,11,0.000239078461204,0.0239078461
2604,11,0.000239078461204,0.0239078461
2605,18,0.000391219300152,0.03912193
2606,19,0.000412953705716,0.0412953706
2607,14,0.000304281677896,0.0304281678
2608,7,0.000152140838948,0.0152140839
2609,8,0.000173875244512,0.0173875245
2610,15,0.00032601608346,0.0326016083
2611,17,0.000369484894588,0.0369484895
2612,17,0.000369484894588,0.0369484895
2613,15,0.00032601608346,0.0326016083
2614,12,0.000260812866768,0.0260812867
2615,9,0.000195609650076,0.019560965
2616,16,0.000347750489024,0.0347750489
2617,17,0.000369484894588,0.0369484895
2618,15,0.00032601608346,0.0326016083
2619,18,0.000391219300152,0.03912193
2620,30,0.00065203216692,0.0652032167
2621,25,0.0005433601391,0.0543360139
2622,24,0.000521625733536,0.0521625734
2623,40,0.00086937622256,0.0869376223
2624,37,0.000804173005868,0.0804173006
2625,40,0.00086937622256,0.0869376223
2626,45,0.00097804825038,0.097804825
2627,52,0.00113018908933,0.113018909
2628,68,0.00147793957835,0.147793958
2629,51,0.00110845468376,0.110845468
2630,49,0.00106498587264,0.106498587
2631,68,0.00147793957835,0.147793958
2632,71,0.00154314279504,0.15431428
2633,52,0.00113018908933,0.113018909
2634,53,0.00115192349489,0.115192349
2635,61,0.0013257987394,0.132579874
2636,54,0.00117365790046,0.11736579
2637,59,0.00128232992828,0.128232993
2638,56,0.00121712671158,0.121712671
2639,77,0.00167354922843,0.167354923
2640,61,0.0013257987394,0.132579874
2641,75,0.0016300804173,0.163008042
2642,76,0.00165181482286,0.165181482
2643,50,0.0010867202782,0.108672028
2644,43,0.000934579439252,0.0934579439
2645,48,0.00104325146707,0.104325147
2646,47,0.00102151706151,0.102151706
2647,48,0.00104325146707,0.104325147
2648,35,0.00076070419474,0.0760704195
2649,33,0.000717235383612,0.0717235384
2650,33,0.000717235383612,0.0717235384
2651,29,0.000630297761356,0.0630297761
2652,22,0.000478156922408,0.0478156922
2653,27,0.000586828950228,0.058682895
2654,27,0.000586828950228,0.058682895
2655,31,0.000673766572484,0.0673766572
2656,32,0.000695500978048,0.0695500978
2657,31,0.000673766572484,0.0673766572
2658,33,0.000717235383612,0.0717235384
2659,34,0.000738969789176,0.0738969789
2660,32,0.000695500978048,0.0695500978
2661,36,0.000782438600304,0.07824386
2662,35,0.00076070419474,0.0760704195
2663,31,0.000673766572484,0.0673766572
2664,23,0.000499891327972,0.0499891328
2665,31,0.000673766572484,0.0673766572
2666,26,0.000565094544664,0.0565094545
2667,24,0.000521625733536,0.0521625734
2668,16,0.000347750489024,0.0347750489
2669,27,0.000586828950228,0.058682895
2670,18,0.000391219300152,0.03912193
2671,17,0.000369484894588,0.0369484895
2672,15,0.00032601608346,0.0326016083
2673,22,0.000478156922408,0.0478156922
2674,14,0.000304281677896,0.0304281678
2675,18,0.000391219300152,0.03912193
2676,18,0.000391219300152,0.03912193
2677,14,0.000304281677896,0.0304281678
2678,4,8.6937622256e-05,0.00869376223
2679,20,0.00043468811128,0.0434688111
2680,18,0.000391219300152,0.03912193
2681,14,0.000304281677896,0.0304281678
2682,8,0.000173875244512,0.0173875245
2683,15,0.00032601608346,0.0326016083
2684,11,0.000239078461204,0.0239078461
2685,14,0.000304281677896,0.0304281678
2686,12,0.000260812866768,0.0260812867
2687,15,0.00032601608346,0.0326016083
2688,13,0.000282547272332,0.0282547272
2689,17,0.000369484894588,0.0369484895
2690,17,0.000369484894588,0.0369484895
2691,21,0.000456422516844,0.0456422517
2692,15,0.00032601608346,0.0326016083
2693,24,0.000521625733536,0.0521625734
2694,17,0.000369484894588,0.0369484895
2695,22,0.000478156922408,0.0478156922
2696,19,0.000412953705716,0.0412953706
2697,24,0.000521625733536,0.0521625734
2698,15,0.00032601608346,0.0326016083
2699,25,0.0005433601391,0.0543360139
2700,24,0.000521625733536,0.0521625734
2701,20,0.00043468811128,0.0434688111
2702,23,0.000499891327972,0.0499891328
2703,18,0.000391219300152,0.03912193
2704,19,0.000412953705716,0.0412953706
2705,17,0.000369484894588,0.0369484895
2706,13,0.000282547272332,0.0282547272
2707,25,0.0005433601391,0.0543360139
2708,18,0.000391219300152,0.03912193
2709,21,0.000456422516844,0.0456422517
2710,19,0.000412953705716,0.0412953706
2711,13,0.000282547272332,0.0282547272
2712,13,0.000282547272332,0.0282547272
2713,18,0.000391219300152,0.03912193
2714,10,0.00021734405564,0.0217344056
2715,20,0.00043468811128,0.0434688111
2716,22,0.000478156922408,0.0478156922
2717,13,0.000282547272332,0.0282547272
2718,13,0.000282547272332,0.0282547272
2719,16,0.000347750489024,0.0347750489
2720,21,0.000456422516844,0.0456422517
2721,22,0.000478156922408,0.0478156922
2722,14,0.000304281677896,0.0304281678
2723,16,0.000347750489024,0.0347750489
2724,20,0.00043468811128,0.0434688111
2725,21,0.000456422516844,0.0456422517
2726,28,0.000608563355792,0.0608563356
2727,14,0.000304281677896,0.0304281678
2728,23,0.000499891327972,0.0499891328
2729,18,0.000391219300152,0.03912193
2730,22,0.000478156922408,0.0478156922
2731,26,0.000565094544664,0.0565094545
2732,26,0.000565094544664,0.0565094545
2733,23,0.000499891327972,0.0499891328
2734,18,0.000391219300152,0.03912193
2735,25,0.0005433601391,0.0543360139
2736,23,0.000499891327972,0.0499891328
2737,15,0.00032601608346,0.0326016083
2738,19,0.000412953705716,0.0412953706
2739,21,0.000456422516844,0.0456422517
2740,14,0.000304281677896,0.0304281678
2741,11,0.000239078461204,0.0239078461
2742,18,0.000391219300152,0.03912193
2743,20,0.00043468811128,0.0434688111
2744,24,0.000521625733536,0.0521625734
2745,21,0.000456422516844,0.0456422517
2746,22,0.000478156922408,0.0478156922
2747,17,0.000369484894588,0.0369484895
2748,26,0.000565094544664,0.0565094545
2749,18,0.000391219300152,0.03912193
2750,18,0.000391219300152,0.03912193
2751,15,0.00032601608346,0.0326016083
2752,10,0.00021734405564,0.0217344056
2753,26,0.000565094544664,0.0565094545
2754,23,0.000499891327972,0.0499891328
2755,18,0.000391219300152,0.03912193
2756,16,0.000347750489024,0.0347750489
2757,11,0.000239078461204,0.0239078461
2758,22,0.000478156922408,0.0478156922
2759,12,0.000260812866768,0.0260812867
2760,11,0.000239078461204,0.0239078461
2761,20,0.00043468811128,0.0434688111
2762,15,0.00032601608346,0.0326016083
2763,19,0.000412953705716,0.0412953706
2764,8,0.000173875244512,0.0173875245
2765,9,0.000195609650076,0.019560965
2766,11,0.000239078461204,0.0239078461
2767,13,0.000282547272332,0.0282547272
2768,16,0.000347750489024,0.0347750489
2769,13,0.000282547272332,0.0282547272
2770,16,0.000347750489024,0.0347750489
2771,12,0.000260812866768,0.0260812867
2772,20,0.00043468811128,0.0434688111
2773,15,0.00032601608346,0.0326016083
2774,15,0.00032601608346,0.0326016083
2775,18,0.000391219300152,0.03912193
2776,20,0.00043468811128,0.0434688111
2777,11,0.000239078461204,0.0239078461
2778,18,0.000391219300152,0.03912193
2779,7,0.000152140838948,0.0152140839
2780,11,0.000239078461204,0.0239078461
2781,17,0.000369484894588,0.0369484895
2782,11,0.000239078461204,0.0239078461
2783,15,0.00032601608346,0.0326016083
2784,14,0.000304281677896,0.0304281678
2785,13,0.000282547272332,0.0282547272
2786,11,0.000239078461204,0.0239078461
2787,9,0.000195609650076,0.019560965
2788,8,0.000173875244512,0.0173875245
2789,17,0.000369484894588,0.0369484895
2790,12,0.000260812866768,0.0260812867
2791,15,0.00032601608346,0.0326016083
2792,9,0.000195609650076,0.019560965
2793,8,0.000173875244512,0.0173875245
2794,11,0.000239078461204,0.0239078461
2795,12,0.000260812866768,0.0260812867
2796,14,0.000304281677896,0.0304281678
2797,19,0.000412953705716,0.0412953706
2798,13,0.000282547272332,0.0282547272
2799,12,0.000260812866768,0.0260812867
2800,18,0.000391219300152,0.03912193
2801,7,0.000152140838948,0.0152140839
2802,19,0.000412953705716,0.0412953706
2803,15,0.00032601608346,0.0326016083
2804,8,0.000173875244512,0.0173875245
2805,4,8.6937622256e-05,0.00869376223
2806,6,0.000130406433384,0.0130406433
2807,9,0.000195609650076,0.019560965
2808,7,0.000152140838948,0.0152140839
2809,9,0.000195609650076,0.019560965
2810,10,0.00021734405564,0.0217344056
2811,6,0.000130406433384,0.0130406433
2812,4,8.6937622256e-05,0.00869376223
2813,4,8.6937622256e-05,0.00869376223
2814,6,0.000130406433384,0.0130406433
2815,11,0.000239078461204,0.0239078461
2816,7,0.000152140838948,0.0152140839
2817,8,0.000173875244512,0.0173875245
2818,4,8.6937622256e-05,0.00869376223
2819,8,0.000173875244512,0.0173875245
2820,7,0.000152140838948,0.0152140839
2821,9,0.000195609650076,0.019560965
2822,2,4.3468811128e-05,0.00434688111
2823,11,0.000239078461204,0.0239078461
2824,7,0.000152140838948,0.0152140839
2825,10,0.00021734405564,0.0217344056
2826,7,0.000152140838948,0.0152140839
2827,9,0.000195609650076,0.019560965
2828,6,0.000130406433384,0.0130406433
2829,11,0.000239078461204,0.0239078461
2830,4,8.6937622256e-05,0.00869376223
2831,7,0.000152140838948,0.0152140839
2832,5,0.00010867202782,0.0108672028
2833,9,0.000195609650076,0.019560965
2834,6,0.000130406433384,0.0130406433
2835,11,0.000239078461204,0.0239078461
2836,9,0.000195609650076,0.019560965
2837,8,0.000173875244512,0.0173875245
2838,5,0.00010867202782,0.0108672028
2839,8,0.000173875244512,0.0173875245
2840,6,0.000130406433384,0.0130406433
2841,5,0.00010867202782,0.0108672028
2842,9,0.000195609650076,0.019560965
2843,7,0.000152140838948,0.0152140839
2844,11,0.000239078461204,0.0239078461
2845,14,0.000304281677896,0.0304281678
2846,8,0.000173875244512,0.0173875245
2847,13,0.000282547272332,0.0282547272
2848,12,0.000260812866768,0.0260812867
2849,4,8.6937622256e-05,0.00869376223
2850,9,0.000195609650076,0.019560965
2851,8,0.000173875244512,0.0173875245
2852,12,0.000260812866768,0.0260812867
2853,16,0.000347750489024,0.0347750489
2854,6,0.000130406433384,0.0130406433
2855,12,0.000260812866768,0.0260812867
2856,12,0.000260812866768,0.0260812867
2857,9,0.000195609650076,0.019560965
2858,10,0.00021734405564,0.0217344056
2859,12,0.000260812866768,0.0260812867
2860,10,0.00021734405564,0.0217344056
2861,9,0.000195609650076,0.019560965
2862,10,0.00021734405564,0.0217344056
2863,9,0.000195609650076,0.019560965
2864,11,0.000239078461204,0.0239078461
2865,8,0.000173875244512,0.0173875245
2866,5,0.00010867202782,0.0108672028
2867,11,0.000239078461204,0.0239078461
2868,11,0.000239078461204,0.0239078461
2869,11,0.000239078461204,0.0239078461
2870,4,8.6937622256e-05,0.00869376223
2871,6,0.000130406433384,0.0130406433
2872,9,0.000195609650076,0.019560965
2873,10,0.00021734405564,0.0217344056
2874,9,0.000195609650076,0.019560965
2875,9,0.000195609650076,0.019560965
2876,10,0.00021734405564,0.0217344056
2877,11,0.000239078461204,0.0239078461
2878,8,0.000173875244512,0.0173875245
2879,7,0.000152140838948,0.0152140839
2880,14,0.000304281677896,0.0304281678
2881,14,0.000304281677896,0.0304281678
2882,8,0.000173875244512,0.0173875245
2883,14,0.000304281677896,0.0304281678
2884,16,0.000347750489024,0.0347750489
2885,10,0.00021734405564,0.0217344056
2886,10,0.00021734405564,0.0217344056
2887,10,0.00021734405564,0.0217344056
2888,8,0.000173875244512,0.0173875245
2889,9,0.000195609650076,0.019560965
2890,3,6.5203216692e-05,0.00652032167
2891,9,0.000195609650076,0.019560965
2892,12,0.000260812866768,0.0260812867
2893,10,0.00021734405564,0.0217344056
2894,11,0.000239078461204,0.0239078461
2895,11,0.000239078461204,0.0239078461
2896,11,0.000239078461204,0.0239078461
2897,12,0.000260812866768,0.0260812867
2898,11,0.000239078461204,0.0239078461
2899,10,0.00021734405564,0.0217344056
2900,9,0.000195609650076,0.019560965
2901,11,0.000239078461204,0.0239078461
2902,6,0.000130406433384,0.0130406433
2903,14,0.000304281677896,0.0304281678
2904,10,0.00021734405564,0.0217344056
2905,9,0.000195609650076,0.019560965
2906,10,0.00021734405564,0.0217344056
2907,13,0.000282547272332,0.0282547272
2908,11,0.000239078461204,0.0239078461
2909,5,0.00010867202782,0.0108672028
2910,7,0.000152140838948,0.0152140839
2911,7,0.000152140838948,0.0152140839
2912,1,2.1734405564e-05,0.00217344056
2913,5,0.00010867202782,0.0108672028
2914,8,0.000173875244512,0.0173875245
2915,9,0.000195609650076,0.019560965
2916,2,4.3468811128e-05,0.00434688111
2917,3,6.5203216692e-05,0.00652032167
2918,2,4.3468811128e-05,0.00434688111
2919,6,0.000130406433384,0.0130406433
2920,6,0.000130406433384,0.0130406433
2921,8,0.000173875244512,0.0173875245
2922,3,6.5203216692e-05,0.00652032167
2923,11,0.000239078461204,0.0239078461
2924,6,0.000130406433384,0.0130406433
2925,7,0.000152140838948,0.0152140839
2926,13,0.000282547272332,0.0282547272
2927,9,0.000195609650076,0.019560965
2928,8,0.000173875244512,0.0173875245
2929,7,0.000152140838948,0.0152140839
2930,9,0.000195609650076,0.019560965
2931,5,0.00010867202782,0.0108672028
2932,5,0.00010867202782,0.0108672028
2933,5,0.00010867202782,0.0108672028
2934,10,0.00021734405564,0.0217344056
2935,8,0.000173875244512,0.0173875245
2936,7,0.000152140838948,0.0152140839
2937,13,0.000282547272332,0.0282547272
2938,13,0.000282547272332,0.0282547272
2939,4,8.6937622256e-05,0.00869376223
2940,12,0.000260812866768,0.0260812867
2941,12,0.000260812866768,0.0260812867
2942,7,0.000152140838948,0.0152140839
2943,11,0.000239078461204,0.0239078461
2944,17,0.000369484894588,0.0369484895
2945,9,0.000195609650076,0.019560965
2946,15,0.00032601608346,0.0326016083
2947,14,0.000304281677896,0.0304281678
2948,14,0.000304281677896,0.0304281678
2949,12,0.000260812866768,0.0260812867
2950,11,0.000239078461204,0.0239078461
2951,12,0.000260812866768,0.0260812867
2952,8,0.000173875244512,0.0173875245
2953,15,0.00032601608346,0.0326016083
2954,14,0.000304281677896,0.0304281678
2955,9,0.000195609650076,0.019560965
2956,17,0.000369484894588,0.0369484895
2957,7,0.000152140838948,0.0152140839
2958,12,0.000260812866768,0.0260812867
2959,8,0.000173875244512,0.0173875245
2960,13,0.000282547272332,0.0282547272
2961,9,0.000195609650076,0.019560965
2962,8,0.000173875244512,0.0173875245
2963,16,0.000347750489024,0.0347750489
2964,18,0.000391219300152,0.03912193
2965,17,0.000369484894588,0.0369484895
2966,17,0.000369484894588,0.0369484895
2967,8,0.000173875244512,0.0173875245
2968,8,0.000173875244512,0.0173875245
2969,15,0.00032601608346,0.0326016083
2970,13,0.000282547272332,0.0282547272
2971,7,0.000152140838948,0.0152140839
2972,21,0.000456422516844,0.0456422517
2973,14,0.000304281677896,0.0304281678
2974,16,0.000347750489024,0.0347750489
2975,12,0.000260812866768,0.0260812867
2976,15,0.00032601608346,0.0326016083
2977,9,0.000195609650076,0.019560965
2978,7,0.000152140838948,0.0152140839
2979,7,0.000152140838948,0.0152140839
2980,9,0.000195609650076,0.019560965
2981,7,0.000152140838948,0.0152140839
2982,15,0.00032601608346,0.0326016083
2983,8,0.000173875244512,0.0173875245
2984,8,0.000173875244512,0.0173875245
2985,8,0.000173875244512,0.0173875245
2986,7,0.000152140838948,0.0152140839
2987,6,0.000130406433384,0.0130406433
2988,7,0.000152140838948,0.0152140839
2989,7,0.000152140838948,0.0152140839
2990,6,0.000130406433384,0.0130406433
2991,13,0.000282547272332,0.0282547272
2992,19,0.000412953705716,0.0412953706
2993,5,0.00010867202782,0.0108672028
2994,8,0.000173875244512,0.0173875245
2995,9,0.000195609650076,0.019560965
2996,8,0.000173875244512,0.0173875245
2997,12,0.000260812866768,0.0260812867
2998,13,0.000282547272332,0.0282547272
2999,7,0.000152140838948,0.0152140839
3000,4,8.6937622256e-05,0.00869376223
3001,4,8.6937622256e-05,0.00869376223
3002,7,0.000152140838948,0.0152140839
3003,9,0.000195609650076,0.019560965
3004,5,0.00010867202782,0.0108672028
3005,11,0.000239078461204,0.0239078461
3006,9,0.000195609650076,0.019560965
3007,7,0.000152140838948,0.0152140839
3008,10,0.00021734405564,0.0217344056
3009,10,0.00021734405564,0.0217344056
3010,6,0.000130406433384,0.0130406433
3011,9,0.000195609650076,0.019560965
3012,13,0.000282547272332,0.0282547272
3013,13,0.000282547272332,0.0282547272
3014,12,0.000260812866768,0.0260812867
3015,7,0.000152140838948,0.0152140839
3016,17,0.000369484894588,0.0369484895
3017,10,0.00021734405564,0.0217344056
3018,8,0.000173875244512,0.0173875245
3019,11,0.000239078461204,0.0239078461
3020,9,0.000195609650076,0.019560965
3021,13,0.000282547272332,0.0282547272
3022,15,0.00032601608346,0.0326016083
3023,15,0.00032601608346,0.0326016083
3024,11,0.000239078461204,0.0239078461
3025,11,0.000239078461204,0.0239078461
3026,12,0.000260812866768,0.0260812867
3027,10,0.00021734405564,0.0217344056
3028,14,0.000304281677896,0.0304281678
3029,10,0.00021734405564,0.0217344056
3030,9,0.000195609650076,0.019560965
3031,5,0.00010867202782,0.0108672028
3032,10,0.00021734405564,0.0217344056
3033,13,0.000282547272332,0.0282547272
3034,9,0.000195609650076,0.019560965
3035,16,0.000347750489024,0.0347750489
3036,16,0.000347750489024,0.0347750489
3037,7,0.000152140838948,0.0152140839
3038,10,0.00021734405564,0.0217344056
3039,7,0.000152140838948,0.0152140839
3040,12,0.000260812866768,0.0260812867
3041,13,0.000282547272332,0.0282547272
3042,10,0.00021734405564,0.0217344056
3043,8,0.000173875244512,0.0173875245
3044,9,0.000195609650076,0.019560965
3045,9,0.000195609650076,0.019560965
3046,18,0.000391219300152,0.03912193
3047,9,0.000195609650076,0.019560965
3048,12,0.000260812866768,0.0260812867
3049,18,0.000391219300152,0.03912193
3050,14,0.000304281677896,0.0304281678
3051,17,0.000369484894588,0.0369484895
3052,10,0.00021734405564,0.0217344056
3053,5,0.00010867202782,0.0108672028
3054,6,0.000130406433384,0.0130406433
3055,7,0.000152140838948,0.0152140839
3056,9,0.000195609650076,0.019560965
3057,10,0.00021734405564,0.0217344056
3058,14,0.000304281677896,0.0304281678
3059,14,0.000304281677896,0.0304281678
3060,9,0.000195609650076,0.019560965
3061,17,0.000369484894588,0.0369484895
3062,12,0.000260812866768,0.0260812867
3063,20,0.00043468811128,0.0434688111
3064,17,0.000369484894588,0.0369484895
3065,11,0.000239078461204,0.0239078461
3066,14,0.000304281677896,0.0304281678
3067,19,0.000412953705716,0.0412953706
3068,15,0.00032601608346,0.0326016083
3069,12,0.000260812866768,0.0260812867
3070,11,0.000239078461204,0.0239078461
3071,10,0.00021734405564,0.0217344056
3072,12,0.000260812866768,0.0260812867
3073,14,0.000304281677896,0.0304281678
3074,15,0.00032601608346,0.0326016083
3075,12,0.000260812866768,0.0260812867
3076,10,0.00021734405564,0.0217344056
3077,6,0.000130406433384,0.0130406433
3078,14,0.000304281677896,0.0304281678
3079,12,0.000260812866768,0.0260812867
3080,10,0.00021734405564,0.0217344056
3081,14,0.000304281677896,0.0304281678
3082,17,0.000369484894588,0.0369484895
3083,15,0.00032601608346,0.0326016083
3084,13,0.000282547272332,0.0282547272
3085,14,0.000304281677896,0.0304281678
3086,20,0.00043468811128,0.0434688111
3087,13,0.000282547272332,0.0282547272
3088,12,0.000260812866768,0.0260812867
3089,9,0.000195609650076,0.019560965
3090,13,0.000282547272332,0.0282547272
3091,21,0.000456422516844,0.0456422517
3092,18,0.000391219300152,0.03912193
3093,7,0.000152140838948,0.0152140839
3094,15,0.00032601608346,0.0326016083
3095,18,0.000391219300152,0.03912193
3096,15,0.00032601608346,0.0326016083
3097,15,0.00032601608346,0.0326016083
3098,14,0.000304281677896,0.0304281678
3099,9,0.000195609650076,0.019560965
3100,11,0.000239078461204,0.0239078461
3101,8,0.000173875244512,0.0173875245
3102,8,0.000173875244512,0.0173875245
3103,15,0.00032601608346,0.0326016083
3104,14,0.000304281677896,0.0304281678
3105,22,0.000478156922408,0.0478156922
3106,11,0.000239078461204,0.0239078461
3107,8,0.000173875244512,0.0173875245
3108,11,0.000239078461204,0.0239078461
3109,10,0.00021734405564,0.0217344056
3110,10,0.00021734405564,0.0217344056
3111,8,0.000173875244512,0.0173875245
3112,13,0.000282547272332,0.0282547272
3113,11,0.000239078461204,0.0239078461
3114,12,0.000260812866768,0.0260812867
3115,5,0.00010867202782,0.0108672028
3116,6,0.000130406433384,0.0130406433
3117,8,0.000173875244512,0.0173875245
3118,9,0.000195609650076,0.019560965
3119,8,0.000173875244512,0.0173875245
3120,12,0.000260812866768,0.0260812867
3121,9,0.000195609650076,0.019560965
3122,4,8.6937622256e-05,0.00869376223
3123,15,0.00032601608346,0.0326016083
3124,9,0.000195609650076,0.019560965
3125,11,0.000239078461204,0.0239078461
3126,14,0.000304281677896,0.0304281678
3127,1,2.1734405564e-05,0.00217344056
3128,9,0.000195609650076,0.019560965
3129,6,0.000130406433384,0.0130406433
3130,5,0.00010867202782,0.0108672028
3131,8,0.000173875244512,0.0173875245
3132,10,0.00021734405564,0.0217344056
3133,6,0.000130406433384,0.0130406433
3134,7,0.000152140838948,0.0152140839
3135,8,0.000173875244512,0.0173875245
3136,8,0.000173875244512,0.0173875245
3137,12,0.000260812866768,0.0260812867
3138,7,0.000152140838948,0.0152140839
3139,7,0.000152140838948,0.0152140839
3140,11,0.000239078461204,0.0239078461
3141,13,0.000282547272332,0.0282547272
3142,10,0.00021734405564,0.0217344056
3143,7,0.000152140838948,0.0152140839
3144,12,0.000260812866768,0.0260812867
3145,9,0.000195609650076,0.019560965
3146,6,0.000130406433384,0.0130406433
3147,10,0.00021734405564,0.0217344056
3148,7,0.000152140838948,0.0152140839
3149,9,0.000195609650076,0.019560965
3150,5,0.00010867202782,0.0108672028
3151,13,0.000282547272332,0.0282547272
3152,17,0.000369484894588,0.0369484895
3153,6,0.000130406433384,0.0130406433
3154,7,0.000152140838948,0.0152140839
3155,8,0.000173875244512,0.0173875245
3156,4,8.6937622256e-05,0.00869376223
3157,7,0.000152140838948,0.0152140839
3158,8,0.000173875244512,0.0173875245
3159,4,8.6937622256e-05,0.00869376223
3160,6,0.000130406433384,0.0130406433
3161,4,8.6937622256e-05,0.00869376223
3162,8,0.000173875244512,0.0173875245
3163,6,0.000130406433384,0.0130406433
3164,8,0.000173875244512,0.0173875245
3165,6,0.000130406433384,0.0130406433
3166,14,0.000304281677896,0.0304281678
3167,6,0.000130406433384,0.0130406433
3168,8,0.000173875244512,0.0173875245
3169,11,0.000239078461204,0.0239078461
3170,7,0.000152140838948,0.0152140839
3171,11,0.000239078461204,0.0239078461
3172,4,8.6937622256e-05,0.00869376223
3173,6,0.000130406433384,0.0130406433
3174,9,0.000195609650076,0.019560965
3175,11,0.000239078461204,0.0239078461
3176,5,0.00010867202782,0.0108672028
3177,7,0.000152140838948,0.0152140839
3178,8,0.000173875244512,0.0173875245
3179,7,0.000152140838948,0.0152140839
3180,3,6.5203216692e-05,0.00652032167
3181,10,0.00021734405564,0.0217344056
3182,4,8.6937622256e-05,0.00869376223
3183,7,0.000152140838948,0.0152140839
3184,7,0.000152140838948,0.0152140839
3185,9,0.000195609650076,0.019560965
3186,12,0.000260812866768,0.0260812867
3187,11,0.000239078461204,0.0239078461
3188,7,0.000152140838948,0.0152140839
3189,5,0.00010867202782,0.0108672028
3190,5,0.00010867202782,0.0108672028
3191,10,0.00021734405564,0.0217344056
3192,5,0.00010867202782,0.0108672028
3193,6,0.000130406433384,0.0130406433
3194,7,0.000152140838948,0.0152140839
3195,6,0.000130406433384,0.0130406433
3196,9,0.000195609650076,0.019560965
3197,5,0.00010867202782,0.0108672028
3198,4,8.6937622256e-05,0.00869376223
3199,4,8.6937622256e-05,0.00869376223
3200,11,0.000239078461204,0.0239078461
3201,4,8.6937622256e-05,0.00869376223
3202,11,0.000239078461204,0.0239078461
3203,6,0.000130406433384,0.0130406433
3204,8,0.000173875244512,0.0173875245
3205,5,0.00010867202782,0.0108672028
3206,4,8.6937622256e-05,0.00869376223
3207,5,0.00010867202782,0.0108672028
3208,6,0.000130406433384,0.0130406433
3209,7,0.000152140838948,0.0152140839
3210,5,0.00010867202782,0.0108672028
3211,9,0.000195609650076,0.019560965
3212,12,0.000260812866768,0.0260812867
3213,9,0.000195609650076,0.019560965
3214,7,0.000152140838948,0.0152140839
3215,12,0.000260812866768,0.0260812867
3216,5,0.00010867202782,0.0108672028
3217,19,0.000412953705716,0.0412953706
3218,12,0.000260812866768,0.0260812867
3219,9,0.000195609650076,0.019560965
3220,11,0.000239078461204,0.0239078461
3221,9,0.000195609650076,0.019560965
3222,8,0.000173875244512,0.0173875245
3223,8,0.000173875244512,0.0173875245
3224,13,0.000282547272332,0.0282547272
3225,10,0.00021734405564,0.0217344056
3226,7,0.000152140838948,0.0152140839
3227,9,0.000195609650076,0.019560965
3228,13,0.000282547272332,0.0282547272
3229,14,0.000304281677896,0.0304281678
3230,10,0.00021734405564,0.0217344056
3231,14,0.000304281677896,0.0304281678
3232,11,0.000239078461204,0.0239078461
3233,5,0.00010867202782,0.0108672028
3234,8,0.000173875244512,0.0173875245
3235,11,0.000239078461204,0.0239078461
3236,12,0.000260812866768,0.0260812867
3237,7,0.000152140838948,0.0152140839
3238,10,0.00021734405564,0.0217344056
3239,12,0.000260812866768,0.0260812867
3240,8,0.000173875244512,0.0173875245
3241,9,0.000195609650076,0.019560965
3242,13,0.000282547272332,0.0282547272
3243,11,0.000239078461204,0.0239078461
3244,8,0.000173875244512,0.0173875245
3245,11,0.000239078461204,0.0239078461
3246,9,0.000195609650076,0.019560965
3247,12,0.000260812866768,0.0260812867
3248,7,0.000152140838948,0.0152140839
3249,6,0.000130406433384,0.0130406433
3250,8,0.000173875244512,0.0173875245
3251,9,0.000195609650076,0.019560965
3252,15,0.00032601608346,0.0326016083
3253,13,0.000282547272332,0.0282547272
3254,4,8.6937622256e-05,0.00869376223
3255,8,0.000173875244512,0.0173875245
3256,11,0.000239078461204,0.0239078461
3257,11,0.000239078461204,0.0239078461
3258,3,6.5203216692e-05,0.00652032167
3259,10,0.00021734405564,0.0217344056
3260,7,0.000152140838948,0.0152140839
3261,15,0.00032601608346,0.0326016083
3262,8,0.000173875244512,0.0173875245
3263,8,0.000173875244512,0.0173875245
3264,11,0.000239078461204,0.0239078461
3265,11,0.000239078461204,0.0239078461
3266,8,0.000173875244512,0.0173875245
3267,10,0.00021734405564,0.0217344056
3268,7,0.000152140838948,0.0152140839
3269,8,0.000173875244512,0.0173875245
3270,7,0.000152140838948,0.0152140839
3271,8,0.000173875244512,0.0173875245
3272,11,0.000239078461204,0.0239078461
3273,4,8.6937622256e-05,0.00869376223
3274,6,0.000130406433384,0.0130406433
3275,9,0.000195609650076,0.019560965
3276,4,8.6937622256e-05,0.00869376223
3277,9,0.000195609650076,0.019560965
3278,5,0.00010867202782,0.0108672028
3279,7,0.000152140838948,0.0152140839
3280,10,0.00021734405564,0.0217344056
3281,11,0.000239078461204,0.0239078461
3282,5,0.00010867202782,0.0108672028
3283,6,0.000130406433384,0.0130406433
3284,8,0.000173875244512,0.0173875245
3285,14,0.000304281677896,0.0304281678
3286,7,0.000152140838948,0.0152140839
3287,7,0.000152140838948,0.0152140839
3288,6,0.000130406433384,0.0130406433
3289,5,0.00010867202782,0.0108672028
3290,4,8.6937622256e-05,0.00869376223
3291,12,0.000260812866768,0.0260812867
3292,10,0.00021734405564,0.0217344056
3293,5,0.00010867202782,0.0108672028
3294,7,0.000152140838948,0.0152140839
3295,5,0.00010867202782,0.0108672028
3296,5,0.00010867202782,0.0108672028
3297,5,0.00010867202782,0.0108672028
3298,7,0.000152140838948,0.0152140839
3299,5,0.00010867202782,0.0108672028
3300,7,0.000152140838948,0.0152140839
3301,18,0.000391219300152,0.03912193
3302,11,0.000239078461204,0.0239078461
3303,11,0.000239078461204,0.0239078461
3304,11,0.000239078461204,0.0239078461
3305,5,0.00010867202782,0.0108672028
3306,2,4.3468811128e-05,0.00434688111
3307,9,0.000195609650076,0.019560965
3308,8,0.000173875244512,0.0173875245
3309,5,0.00010867202782,0.0108672028
3310,4,8.6937622256e-05,0.00869376223
3311,5,0.00010867202782,0.0108672028
3312,5,0.00010867202782,0.0108672028
3313,8,0.000173875244512,0.0173875245
3314,6,0.000130406433384,0.0130406433
3315,6,0.000130406433384,0.0130406433
3316,9,0.000195609650076,0.019560965
3317,13,0.000282547272332,0.0282547272
3318,9,0.000195609650076,0.019560965
3319,14,0.000304281677896,0.0304281678
3320,10,0.00021734405564,0.0217344056
3321,5,0.00010867202782,0.0108672028
3322,6,0.000130406433384,0.0130406433
3323,8,0.000173875244512,0.0173875245
3324,9,0.000195609650076,0.019560965
3325,7,0.000152140838948,0.0152140839
3326,9,0.000195609650076,0.019560965
3327,5,0.00010867202782,0.0108672028
3328,7,0.000152140838948,0.0152140839
3329,3,6.5203216692e-05,0.00652032167
3330,6,0.000130406433384,0.0130406433
3331,10,0.00021734405564,0.0217344056
3332,9,0.000195609650076,0.019560965
3333,6,0.000130406433384,0.0130406433
3334,5,0.00010867202782,0.0108672028
3335,3,6.5203216692e-05,0.00652032167
3336,8,0.000173875244512,0.0173875245
3337,3,6.5203216692e-05,0.00652032167
3338,5,0.00010867202782,0.0108672028
3339,5,0.00010867202782,0.0108672028
3340,3,6.5203216692e-05,0.00652032167
3341,10,0.00021734405564,0.0217344056
3342,4,8.6937622256e-05,0.00869376223
3343,7,0.000152140838948,0.0152140839
3344,10,0.00021734405564,0.0217344056
3345,2,4.3468811128e-05,0.00434688111
3346,1,2.1734405564e-05,0.00217344056
3347,8,0.000173875244512,0.0173875245
3348,6,0.000130406433384,0.0130406433
3349,5,0.00010867202782,0.0108672028
3350,5,0.00010867202782,0.0108672028
3351,2,4.3468811128e-05,0.00434688111
3352,7,0.000152140838948,0.0152140839
3353,3,6.5203216692e-05,0.00652032167
3354,6,0.000130406433384,0.0130406433
3355,9,0.000195609650076,0.019560965
3356,5,0.00010867202782,0.0108672028
3357,2,4.3468811128e-05,0.00434688111
3358,11,0.000239078461204,0.0239078461
3359,12,0.000260812866768,0.0260812867
3360,8,0.000173875244512,0.0173875245
3361,9,0.000195609650076,0.019560965
3362,8,0.000173875244512,0.0173875245
3363,4,8.6937622256e-05,0.00869376223
3364,9,0.000195609650076,0.019560965
3365,7,0.000152140838948,0.0152140839
3366,4,8.6937622256e-05,0.00869376223
3367,8,0.000173875244512,0.0173875245
3368,9,0.000195609650076,0.019560965
3369,6,0.000130406433384,0.0130406433
3370,5,0.00010867202782,0.0108672028
3371,7,0.000152140838948,0.0152140839
3372,10,0.00021734405564,0.0217344056
3373,9,0.000195609650076,0.019560965
3374,8,0.000173875244512,0.0173875245
3375,10,0.00021734405564,0.0217344056
3376,7,0.000152140838948,0.0152140839
3377,12,0.000260812866768,0.0260812867
3378,10,0.00021734405564,0.0217344056
3379,10,0.00021734405564,0.0217344056
3380,8,0.000173875244512,0.0173875245
3381,5,0.00010867202782,0.0108672028
3382,6,0.000130406433384,0.0130406433
3383,3,6.5203216692e-05,0.00652032167
3384,9,0.000195609650076,0.019560965
3385,8,0.000173875244512,0.0173875245
3386,7,0.000152140838948,0.0152140839
3387,7,0.000152140838948,0.0152140839
3388,7,0.000152140838948,0.0152140839
3389,14,0.000304281677896,0.0304281678
3390,5,0.00010867202782,0.0108672028
3391,8,0.000173875244512,0.0173875245
3392,11,0.000239078461204,0.0239078461
3393,5,0.00010867202782,0.0108672028
3394,12,0.000260812866768,0.0260812867
3395,7,0.000152140838948,0.0152140839
3396,6,0.000130406433384,0.0130406433
3397,5,0.00010867202782,0.0108672028
3398,3,6.5203216692e-05,0.00652032167
3399,10,0.00021734405564,0.0217344056
3400,7,0.000152140838948,0.0152140839
3401,11,0.000239078461204,0.0239078461
3402,4,8.6937622256e-05,0.00869376223
3403,10,0.00021734405564,0.0217344056
3404,6,0.000130406433384,0.0130406433
3405,7,0.000152140838948,0.0152140839
3406,8,0.000173875244512,0.0173875245
3407,13,0.000282547272332,0.0282547272
3408,18,0.000391219300152,0.03912193
3409,7,0.000152140838948,0.0152140839
3410,9,0.000195609650076,0.019560965
3411,19,0.000412953705716,0.0412953706
3412,14,0.000304281677896,0.0304281678
3413,271,0.00589002390785,0.589002391
3414,5,0.00010867202782,0.0108672028
3415,9,0.000195609650076,0.019560965
3416,15,0.00032601608346,0.0326016083
3417,12,0.000260812866768,0.0260812867
3418,7,0.000152140838948,0.0152140839
3419,4,8.6937622256e-05,0.00869376223
3420,8,0.000173875244512,0.0173875245
3421,7,0.000152140838948,0.0152140839
3422,6,0.000130406433384,0.0130406433
3423,2,4.3468811128e-05,0.00434688111
3424,10,0.00021734405564,0.0217344056
3425,5,0.00010867202782,0.0108672028
3426,4,8.6937622256e-05,0.00869376223
3427,7,0.000152140838948,0.0152140839
3428,6,0.000130406433384,0.0130406433
3429,11,0.000239078461204,0.0239078461
3430,13,0.000282547272332,0.0282547272
3431,11,0.000239078461204,0.0239078461
3432,8,0.000173875244512,0.0173875245
3433,11,0.000239078461204,0.0239078461
3434,7,0.000152140838948,0.0152140839
3435,7,0.000152140838948,0.0152140839
3436,6,0.000130406433384,0.0130406433
3437,5,0.00010867202782,0.0108672028
3438,15,0.00032601608346,0.0326016083
3439,6,0.000130406433384,0.0130406433
3440,6,0.000130406433384,0.0130406433
3441,4,8.6937622256e-05,0.00869376223
3442,8,0.000173875244512,0.0173875245
3443,7,0.000152140838948,0.0152140839
3444,3,6.5203216692e-05,0.00652032167
3445,4,8.6937622256e-05,0.00869376223
3446,2,4.3468811128e-05,0.00434688111
3447,4,8.6937622256e-05,0.00869376223
3448,2,4.3468811128e-05,0.00434688111
3449,3,6.5203216692e-05,0.00652032167
3450,4,8.6937622256e-05,0.00869376223
3451,2,4.3468811128e-05,0.00434688111
3452,7,0.000152140838948,0.0152140839
3453,2,4.3468811128e-05,0.00434688111
3454,6,0.000130406433384,0.0130406433
3455,5,0.00010867202782,0.0108672028
3456,3,6.5203216692e-05,0.00652032167
3457,2,4.3468811128e-05,0.00434688111
3458,6,0.000130406433384,0.0130406433
3459,4,8.6937622256e-05,0.00869376223
3460,6,0.000130406433384,0.0130406433
3461,7,0.000152140838948,0.0152140839
3462,3,6.5203216692e-05,0.00652032167
3463,3,6.5203216692e-05,0.00652032167
3464,5,0.00010867202782,0.0108672028
3465,5,0.00010867202782,0.0108672028
3466,7,0.000152140838948,0.0152140839
3467,9,0.000195609650076,0.019560965
3468,13,0.000282547272332,0.0282547272
3469,6,0.000130406433384,0.0130406433
3470,4,8.6937622256e-05,0.00869376223
3471,11,0.000239078461204,0.0239078461
3472,8,0.000173875244512,0.0173875245
3473,6,0.000130406433384,0.0130406433
3474,4,8.6937622256e-05,0.00869376223
3475,5,0.00010867202782,0.0108672028
3476,3,6.5203216692e-05,0.00652032167
3477,7,0.000152140838948,0.0152140839
3478,3,6.5203216692e-05,0.00652032167
3479,1,2.1734405564e-05,0.00217344056
3480,4,8.6937622256e-05,0.00869376223
3481,4,8.6937622256e-05,0.00869376223
3482,5,0.00010867202782,0.0108672028
3483,6,0.000130406433384,0.0130406433
3484,7,0.000152140838948,0.0152140839
3485,4,8.6937622256e-05,0.00869376223
3486,3,6.5203216692e-05,0.00652032167
3487,3,6.5203216692e-05,0.00652032167
3488,6,0.000130406433384,0.0130406433
3489,7,0.000152140838948,0.0152140839
3490,4,8.6937622256e-05,0.00869376223
3491,6,0.000130406433384,0.0130406433
3492,4,8.6937622256e-05,0.00869376223
3493,4,8.6937622256e-05,0.00869376223
3494,3,6.5203216692e-05,0.00652032167
3495,4,8.6937622256e-05,0.00869376223
3496,1,2.1734405564e-05,0.00217344056
3499,3,6.5203216692e-05,0.00652032167
3500,2,4.3468811128e-05,0.00434688111
3501,3,6.5203216692e-05,0.00652032167
3502,2,4.3468811128e-05,0.00434688111
3503,1,2.1734405564e-05,0.00217344056
3504,4,8.6937622256e-05,0.00869376223
3505,1,2.1734405564e-05,0.00217344056
3506,2,4.3468811128e-05,0.00434688111
3507,3,6.5203216692e-05,0.00652032167
3509,2,4.3468811128e-05,0.00434688111
3510,1,2.1734405564e-05,0.00217344056
3511,1,2.1734405564e-05,0.00217344056
3512,2,4.3468811128e-05,0.00434688111
3513,2,4.3468811128e-05,0.00434688111
3514,3,6.5203216692e-05,0.00652032167
3515,3,6.5203216692e-05,0.00652032167
3516,2,4.3468811128e-05,0.00434688111
3517,5,0.00010867202782,0.0108672028
3518,3,6.5203216692e-05,0.00652032167
3519,6,0.000130406433384,0.0130406433
3520,8,0.000173875244512,0.0173875245
3521,10,0.00021734405564,0.0217344056
3522,6,0.000130406433384,0.0130406433
3523,11,0.000239078461204,0.0239078461
3524,6,0.000130406433384,0.0130406433
3525,5,0.00010867202782,0.0108672028
3526,5,0.00010867202782,0.0108672028
3527,4,8.6937622256e-05,0.00869376223
3528,9,0.000195609650076,0.019560965
3529,10,0.00021734405564,0.0217344056
3530,6,0.000130406433384,0.0130406433
3531,5,0.00010867202782,0.0108672028
3532,6,0.000130406433384,0.0130406433
3533,2,4.3468811128e-05,0.00434688111
3534,7,0.000152140838948,0.0152140839
3535,8,0.000173875244512,0.0173875245
3536,7,0.000152140838948,0.0152140839
3537,7,0.000152140838948,0.0152140839
3538,3,6.5203216692e-05,0.00652032167
3539,8,0.000173875244512,0.0173875245
3540,10,0.00021734405564,0.0217344056
3541,2,4.3468811128e-05,0.00434688111
3542,7,0.000152140838948,0.0152140839
3543,5,0.00010867202782,0.0108672028
3544,5,0.00010867202782,0.0108672028
3545,5,0.00010867202782,0.0108672028
3546,9,0.000195609650076,0.019560965
3547,7,0.000152140838948,0.0152140839
3548,6,0.000130406433384,0.0130406433
3549,1,2.1734405564e-05,0.00217344056
3550,7,0.000152140838948,0.0152140839
3551,4,8.6937622256e-05,0.00869376223
3552,3,6.5203216692e-05,0.00652032167
3553,4,8.6937622256e-05,0.00869376223
3555,5,0.00010867202782,0.0108672028
3556,2,4.3468811128e-05,0.00434688111
3557,4,8.6937622256e-05,0.00869376223
3558,6,0.000130406433384,0.0130406433
3559,5,0.00010867202782,0.0108672028
3560,1,2.1734405564e-05,0.00217344056
3561,2,4.3468811128e-05,0.00434688111
3562,5,0.00010867202782,0.0108672028
3563,4,8.6937622256e-05,0.00869376223
3564,4,8.6937622256e-05,0.00869376223
3565,7,0.000152140838948,0.0152140839
3566,3,6.5203216692e-05,0.00652032167
3567,1,2.1734405564e-05,0.00217344056
3568,3,6.5203216692e-05,0.00652032167
3569,5,0.00010867202782,0.0108672028
3570,2,4.3468811128e-05,0.00434688111
3571,5,0.00010867202782,0.0108672028
3572,3,6.5203216692e-05,0.00652032167
3573,5,0.00010867202782,0.0108672028
3574,5,0.00010867202782,0.0108672028
3575,4,8.6937622256e-05,0.00869376223
3576,2,4.3468811128e-05,0.00434688111
3577,5,0.00010867202782,0.0108672028
3578,8,0.000173875244512,0.0173875245
3579,6,0.000130406433384,0.0130406433
3580,5,0.00010867202782,0.0108672028
3581,2,4.3468811128e-05,0.00434688111
3582,4,8.6937622256e-05,0.00869376223
3583,5,0.00010867202782,0.0108672028
3584,3,6.5203216692e-05,0.00652032167
3585,7,0.000152140838948,0.0152140839
3586,6,0.000130406433384,0.0130406433
3587,11,0.000239078461204,0.0239078461
3588,6,0.000130406433384,0.0130406433
3589,3,6.5203216692e-05,0.00652032167
3590,2,4.3468811128e-05,0.00434688111
3591,5,0.00010867202782,0.0108672028
3592,4,8.6937622256e-05,0.00869376223
3593,6,0.000130406433384,0.0130406433
3594,6,0.000130406433384,0.0130406433
3595,5,0.00010867202782,0.0108672028
3596,8,0.000173875244512,0.0173875245
3597,3,6.5203216692e-05,0.00652032167
3598,3,6.5203216692e-05,0.00652032167
3599,3,6.5203216692e-05,0.00652032167
3600,3,6.5203216692e-05,0.00652032167
3601,8,0.000173875244512,0.0173875245
3602,4,8.6937622256e-05,0.00869376223
3603,3,6.5203216692e-05,0.00652032167
3604,2,4.3468811128e-05,0.00434688111
3605,9,0.000195609650076,0.019560965
3606,3,6.5203216692e-05,0.00652032167
3607,5,0.00010867202782,0.0108672028
3608,3,6.5203216692e-05,0.00652032167
3609,6,0.000130406433384,0.0130406433
3610,1,2.1734405564e-05,0.00217344056
3611,7,0.000152140838948,0.0152140839
3612,3,6.5203216692e-05,0.00652032167
3613,10,0.00021734405564,0.0217344056
3614,3,6.5203216692e-05,0.00652032167
3615,4,8.6937622256e-05,0.00869376223
3616,4,8.6937622256e-05,0.00869376223
3617,1,2.1734405564e-05,0.00217344056
3618,5,0.00010867202782,0.0108672028
3619,6,0.000130406433384,0.0130406433
3620,6,0.000130406433384,0.0130406433
3621,5,0.00010867202782,0.0108672028
3622,3,6.5203216692e-05,0.00652032167
3623,4,8.6937622256e-05,0.00869376223
3624,5,0.00010867202782,0.0108672028
3625,5,0.00010867202782,0.0108672028
3626,3,6.5203216692e-05,0.00652032167
3627,3,6.5203216692e-05,0.00652032167
3628,5,0.00010867202782,0.0108672028
3629,7,0.000152140838948,0.0152140839
3630,5,0.00010867202782,0.0108672028
3631,5,0.00010867202782,0.0108672028
3632,4,8.6937622256e-05,0.00869376223
3633,3,6.5203216692e-05,0.00652032167
3634,3,6.5203216692e-05,0.00652032167
3635,3,6.5203216692e-05,0.00652032167
3636,4,8.6937622256e-05,0.00869376223
3637,3,6.5203216692e-05,0.00652032167
3638,4,8.6937622256e-05,0.00869376223
3639,3,6.5203216692e-05,0.00652032167
3640,2,4.3468811128e-05,0.00434688111
3641,3,6.5203216692e-05,0.00652032167
3642,5,0.00010867202782,0.0108672028
3643,2,4.3468811128e-05,0.00434688111
3644,4,8.6937622256e-05,0.00869376223
3645,4,8.6937622256e-05,0.00869376223
3646,3,6.5203216692e-05,0.00652032167
3647,5,0.00010867202782,0.0108672028
3648,3,6.5203216692e-05,0.00652032167
3649,4,8.6937622256e-05,0.00869376223
3650,4,8.6937622256e-05,0.00869376223
3651,5,0.00010867202782,0.0108672028
3652,1,2.1734405564e-05,0.00217344056
3653,3,6.5203216692e-05,0.00652032167
3654,1,2.1734405564e-05,0.00217344056
3655,1,2.1734405564e-05,0.00217344056
3656,4,8.6937622256e-05,0.00869376223
3657,5,0.00010867202782,0.0108672028
3658,5,0.00010867202782,0.0108672028
3659,6,0.000130406433384,0.0130406433
3660,2,4.3468811128e-05,0.00434688111
3661,1,2.1734405564e-05,0.00217344056
3662,1,2.1734405564e-05,0.00217344056
3663,6,0.000130406433384,0.0130406433
3664,5,0.00010867202782,0.0108672028
3665,5,0.00010867202782,0.0108672028
3666,8,0.000173875244512,0.0173875245
3667,3,6.5203216692e-05,0.00652032167
3668,6,0.000130406433384,0.0130406433
3669,7,0.000152140838948,0.0152140839
3670,9,0.000195609650076,0.019560965
3671,6,0.000130406433384,0.0130406433
3672,3,6.5203216692e-05,0.00652032167
3673,7,0.000152140838948,0.0152140839
3674,4,8.6937622256e-05,0.00869376223
3675,2,4.3468811128e-05,0.00434688111
3676,2,4.3468811128e-05,0.00434688111
3677,6,0.000130406433384,0.0130406433
3678,1,2.1734405564e-05,0.00217344056
3679,1,2.1734405564e-05,0.00217344056
3680,3,6.5203216692e-05,0.00652032167
3681,4,8.6937622256e-05,0.00869376223
3682,2,4.3468811128e-05,0.00434688111
3683,5,0.00010867202782,0.0108672028
3684,6,0.000130406433384,0.0130406433
3685,3,6.5203216692e-05,0.00652032167
3686,5,0.00010867202782,0.0108672028
3687,1,2.1734405564e-05,0.00217344056
3688,4,8.6937622256e-05,0.00869376223
3689,3,6.5203216692e-05,0.00652032167
3690,5,0.00010867202782,0.0108672028
3691,1,2.1734405564e-05,0.00217344056
3692,3,6.5203216692e-05,0.00652032167
3693,1,2.1734405564e-05,0.00217344056
3694,3,6.5203216692e-05,0.00652032167
3695,2,4.3468811128e-05,0.00434688111
3696,3,6.5203216692e-05,0.00652032167
3697,6,0.000130406433384,0.0130406433
3698,7,0.000152140838948,0.0152140839
3699,4,8.6937622256e-05,0.00869376223
3700,5,0.00010867202782,0.0108672028
3701,4,8.6937622256e-05,0.00869376223
3702,4,8.6937622256e-05,0.00869376223
3703,3,6.5203216692e-05,0.00652032167
3704,4,8.6937622256e-05,0.00869376223
3705,3,6.5203216692e-05,0.00652032167
3706,4,8.6937622256e-05,0.00869376223
3707,4,8.6937622256e-05,0.00869376223
3708,8,0.000173875244512,0.0173875245
3709,8,0.000173875244512,0.0173875245
3710,5,0.00010867202782,0.0108672028
3711,3,6.5203216692e-05,0.00652032167
3712,6,0.000130406433384,0.0130406433
3713,4,8.6937622256e-05,0.00869376223
3714,5,0.00010867202782,0.0108672028
3715,2,4.3468811128e-05,0.00434688111
3716,4,8.6937622256e-05,0.00869376223
3717,5,0.00010867202782,0.0108672028
3718,5,0.00010867202782,0.0108672028
3719,6,0.000130406433384,0.0130406433
3720,8,0.000173875244512,0.0173875245
3721,2,4.3468811128e-05,0.00434688111
3722,9,0.000195609650076,0.019560965
3723,41,0.000891110628124,0.0891110628
3724,8,0.000173875244512,0.0173875245
3725,9,0.000195609650076,0.019560965
3726,3,6.5203216692e-05,0.00652032167
3727,4,8.6937622256e-05,0.00869376223
3728,6,0.000130406433384,0.0130406433
3729,5,0.00010867202782,0.0108672028
3730,5,0.00010867202782,0.0108672028
3731,7,0.000152140838948,0.0152140839
3732,10,0.00021734405564,0.0217344056
3733,6,0.000130406433384,0.0130406433
3734,3,6.5203216692e-05,0.00652032167
3735,3,6.5203216692e-05,0.00652032167
3736,7,0.000152140838948,0.0152140839
3737,4,8.6937622256e-05,0.00869376223
3738,3,6.5203216692e-05,0.00652032167
3739,3,6.5203216692e-05,0.00652032167
3740,4,8.6937622256e-05,0.00869376223
3741,8,0.000173875244512,0.0173875245
3742,6,0.000130406433384,0.0130406433
3743,4,8.6937622256e-05,0.00869376223
3744,4,8.6937622256e-05,0.00869376223
3745,2,4.3468811128e-05,0.00434688111
3746,3,6.5203216692e-05,0.00652032167
3747,8,0.000173875244512,0.0173875245
3748,5,0.00010867202782,0.0108672028
3749,3,6.5203216692e-05,0.00652032167
3750,5,0.00010867202782,0.0108672028
3751,3,6.5203216692e-05,0.00652032167
3752,5,0.00010867202782,0.0108672028
3753,4,8.6937622256e-05,0.00869376223
3754,6,0.000130406433384,0.0130406433
3755,5,0.00010867202782,0.0108672028
3756,4,8.6937622256e-05,0.00869376223
3757,4,8.6937622256e-05,0.00869376223
3758,5,0.00010867202782,0.0108672028
3759,5,0.00010867202782,0.0108672028
3760,2,4.3468811128e-05,0.00434688111
3762,5,0.00010867202782,0.0108672028
3763,4,8.6937622256e-05,0.00869376223
3764,7,0.000152140838948,0.0152140839
3765,7,0.000152140838948,0.0152140839
3766,4,8.6937622256e-05,0.00869376223
3767,5,0.00010867202782,0.0108672028
3768,5,0.00010867202782,0.0108672028
3769,3,6.5203216692e-05,0.00652032167
3770,6,0.000130406433384,0.0130406433
3771,4,8.6937622256e-05,0.00869376223
3772,6,0.000130406433384,0.0130406433
3773,2,4.3468811128e-05,0.00434688111
3774,6,0.000130406433384,0.0130406433
3775,6,0.000130406433384,0.0130406433
3776,4,8.6937622256e-05,0.00869376223
3777,2,4.3468811128e-05,0.00434688111
3778,5,0.00010867202782,0.0108672028
3779,2,4.3468811128e-05,0.00434688111
3780,3,6.5203216692e-05,0.00652032167
3781,1,2.1734405564e-05,0.00217344056
3782,8,0.000173875244512,0.0173875245
3783,7,0.000152140838948,0.0152140839
3784,3,6.5203216692e-05,0.00652032167
3785,5,0.00010867202782,0.0108672028
3786,4,8.6937622256e-05,0.00869376223
3787,4,8.6937622256e-05,0.00869376223
3788,1,2.1734405564e-05,0.00217344056
3789,5,0.00010867202782,0.0108672028
3790,6,0.000130406433384,0.0130406433
3792,5,0.00010867202782,0.0108672028
3793,1,2.1734405564e-05,0.00217344056
3794,1,2.1734405564e-05,0.00217344056
3795,3,6.5203216692e-05,0.00652032167
3796,2,4.3468811128e-05,0.00434688111
3797,5,0.00010867202782,0.0108672028
3798,4,8.6937622256e-05,0.00869376223
3799,5,0.00010867202782,0.0108672028
3800,5,0.00010867202782,0.0108672028
3801,1,2.1734405564e-05,0.00217344056
3802,2,4.3468811128e-05,0.00434688111
3803,4,8.6937622256e-05,0.00869376223
3804,6,0.000130406433384,0.0130406433
3805,2,4.3468811128e-05,0.00434688111
3806,3,6.5203216692e-05,0.00652032167
3807,2,4.3468811128e-05,0.00434688111
3808,5,0.00010867202782,0.0108672028
3809,5,0.00010867202782,0.0108672028
3810,3,6.5203216692e-05,0.00652032167
3811,5,0.00010867202782,0.0108672028
3812,5,0.00010867202782,0.0108672028
3813,1,2.1734405564e-05,0.00217344056
3814,1,2.1734405564e-05,0.00217344056
3815,6,0.000130406433384,0.0130406433
3816,1,2.1734405564e-05,0.00217344056
3817,6,0.000130406433384,0.0130406433
3818,4,8.6937622256e-05,0.00869376223
3819,7,0.000152140838948,0.0152140839
3820,4,8.6937622256e-05,0.00869376223
3821,2,4.3468811128e-05,0.00434688111
3822,4,8.6937622256e-05,0.00869376223
3823,6,0.000130406433384,0.0130406433
3824,7,0.000152140838948,0.0152140839
3825,2,4.3468811128e-05,0.00434688111
3826,3,6.5203216692e-05,0.00652032167
3827,4,8.6937622256e-05,0.00869376223
3828,6,0.000130406433384,0.0130406433
3829,4,8.6937622256e-05,0.00869376223
3830,6,0.000130406433384,0.0130406433
3831,8,0.000173875244512,0.0173875245
3832,7,0.000152140838948,0.0152140839
3833,4,8.6937622256e-05,0.00869376223
3834,5,0.00010867202782,0.0108672028
3835,7,0.000152140838948,0.0152140839
3836,6,0.000130406433384,0.0130406433
3837,4,8.6937622256e-05,0.00869376223
3838,4,8.6937622256e-05,0.00869376223
3839,4,8.6937622256e-05,0.00869376223
3840,2,4.3468811128e-05,0.00434688111
3841,4,8.6937622256e-05,0.00869376223
3842,6,0.000130406433384,0.0130406433
3843,2,4.3468811128e-05,0.00434688111
3844,7,0.000152140838948,0.0152140839
3845,3,6.5203216692e-05,0.00652032167
3846,4,8.6937622256e-05,0.00869376223
3847,3,6.5203216692e-05,0.00652032167
3848,6,0.000130406433384,0.0130406433
3850,3,6.5203216692e-05,0.00652032167
3851,2,4.3468811128e-05,0.00434688111
3852,4,8.6937622256e-05,0.00869376223
3853,3,6.5203216692e-05,0.00652032167
3854,6,0.000130406433384,0.0130406433
3855,3,6.5203216692e-05,0.00652032167
3856,1,2.1734405564e-05,0.00217344056
3857,1,2.1734405564e-05,0.00217344056
3858,3,6.5203216692e-05,0.00652032167
3859,4,8.6937622256e-05,0.00869376223
3860,1,2.1734405564e-05,0.00217344056
3861,5,0.00010867202782,0.0108672028
3862,5,0.00010867202782,0.0108672028
3863,1,2.1734405564e-05,0.00217344056
3864,3,6.5203216692e-05,0.00652032167
3865,6,0.000130406433384,0.0130406433
3866,3,6.5203216692e-05,0.00652032167
3867,2,4.3468811128e-05,0.00434688111
3868,3,6.5203216692e-05,0.00652032167
3869,1,2.1734405564e-05,0.00217344056
3870,6,0.000130406433384,0.0130406433
3871,8,0.000173875244512,0.0173875245
3872,5,0.00010867202782,0.0108672028
3873,8,0.000173875244512,0.0173875245
3874,3,6.5203216692e-05,0.00652032167
3875,3,6.5203216692e-05,0.00652032167
3876,6,0.000130406433384,0.0130406433
3877,4,8.6937622256e-05,0.00869376223
3878,3,6.5203216692e-05,0.00652032167
3879,4,8.6937622256e-05,0.00869376223
3880,4,8.6937622256e-05,0.00869376223
3881,2,4.3468811128e-05,0.00434688111
3882,6,0.000130406433384,0.0130406433
3883,8,0.000173875244512,0.0173875245
3884,6,0.000130406433384,0.0130406433
3885,6,0.000130406433384,0.0130406433
3886,3,6.5203216692e-05,0.00652032167
3887,2,4.3468811128e-05,0.00434688111
3888,1,2.1734405564e-05,0.00217344056
3889,4,8.6937622256e-05,0.00869376223
3890,3,6.5203216692e-05,0.00652032167
3891,8,0.000173875244512,0.0173875245
3892,7,0.000152140838948,0.0152140839
3893,7,0.000152140838948,0.0152140839
3894,5,0.00010867202782,0.0108672028
3895,11,0.000239078461204,0.0239078461
3896,3,6.5203216692e-05,0.00652032167
3897,6,0.000130406433384,0.0130406433
3898,8,0.000173875244512,0.0173875245
3899,3,6.5203216692e-05,0.00652032167
3900,1,2.1734405564e-05,0.00217344056
3901,5,0.00010867202782,0.0108672028
3902,5,0.00010867202782,0.0108672028
3903,4,8.6937622256e-05,0.00869376223
3904,3,6.5203216692e-05,0.00652032167
3905,6,0.000130406433384,0.0130406433
3906,4,8.6937622256e-05,0.00869376223
3907,6,0.000130406433384,0.0130406433
3908,3,6.5203216692e-05,0.00652032167
3909,1,2.1734405564e-05,0.00217344056
3910,4,8.6937622256e-05,0.00869376223
3911,4,8.6937622256e-05,0.00869376223
3912,2,4.3468811128e-05,0.00434688111
3913,1,2.1734405564e-05,0.00217344056
3914,4,8.6937622256e-05,0.00869376223
3915,2,4.3468811128e-05,0.00434688111
3916,2,4.3468811128e-05,0.00434688111
3917,3,6.5203216692e-05,0.00652032167
3918,2,4.3468811128e-05,0.00434688111
3919,1,2.1734405564e-05,0.00217344056
3920,2,4.3468811128e-05,0.00434688111
3921,8,0.000173875244512,0.0173875245
3922,2,4.3468811128e-05,0.00434688111
3923,2,4.3468811128e-05,0.00434688111
3924,1,2.1734405564e-05,0.00217344056
3925,4,8.6937622256e-05,0.00869376223
3926,5,0.00010867202782,0.0108672028
3927,3,6.5203216692e-05,0.00652032167
3928,2,4.3468811128e-05,0.00434688111
3929,1,2.1734405564e-05,0.00217344056
3930,1,2.1734405564e-05,0.00217344056
3931,2,4.3468811128e-05,0.00434688111
3932,4,8.6937622256e-05,0.00869376223
3933,1,2.1734405564e-05,0.00217344056
3934,2,4.3468811128e-05,0.00434688111
3935,4,8.6937622256e-05,0.00869376223
3936,2,4.3468811128e-05,0.00434688111
3937,3,6.5203216692e-05,0.00652032167
3938,2,4.3468811128e-05,0.00434688111
3939,2,4.3468811128e-05,0.00434688111
3940,3,6.5203216692e-05,0.00652032167
3941,1,2.1734405564e-05,0.00217344056
3942,1,2.1734405564e-05,0.00217344056
3943,1,2.1734405564e-05,0.00217344056
3944,3,6.5203216692e-05,0.00652032167
3946,5,0.00010867202782,0.0108672028
3947,1,2.1734405564e-05,0.00217344056
3948,1,2.1734405564e-05,0.00217344056
3949,2,4.3468811128e-05,0.00434688111
3950,3,6.5203216692e-05,0.00652032167
3951,2,4.3468811128e-05,0.00434688111
3952,2,4.3468811128e-05,0.00434688111
3954,1,2.1734405564e-05,0.00217344056
3955,1,2.1734405564e-05,0.00217344056
3957,3,6.5203216692e-05,0.00652032167
3959,1,2.1734405564e-05,0.00217344056
3961,1,2.1734405564e-05,0.00217344056
3962,1,2.1734405564e-05,0.00217344056
3963,1,2.1734405564e-05,0.00217344056
3964,2,4.3468811128e-05,0.00434688111
3965,2,4.3468811128e-05,0.00434688111
3968,3,6.5203216692e-05,0.00652032167
3969,2,4.3468811128e-05,0.00434688111
3970,1,2.1734405564e-05,0.00217344056
3972,3,6.5203216692e-05,0.00652032167
3973,3,6.5203216692e-05,0.00652032167
3974,3,6.5203216692e-05,0.00652032167
3975,2,4.3468811128e-05,0.00434688111
3976,6,0.000130406433384,0.0130406433
3977,3,6.5203216692e-05,0.00652032167
3978,6,0.000130406433384,0.0130406433
3979,2,4.3468811128e-05,0.00434688111
3980,9,0.000195609650076,0.019560965
3981,3,6.5203216692e-05,0.00652032167
3982,3,6.5203216692e-05,0.00652032167
3983,2,4.3468811128e-05,0.00434688111
3984,5,0.00010867202782,0.0108672028
3985,4,8.6937622256e-05,0.00869376223
3986,3,6.5203216692e-05,0.00652032167
3987,1,2.1734405564e-05,0.00217344056
3988,1,2.1734405564e-05,0.00217344056
3989,1,2.1734405564e-05,0.00217344056
3990,8,0.000173875244512,0.0173875245
3992,5,0.00010867202782,0.0108672028
3993,4,8.6937622256e-05,0.00869376223
3994,2,4.3468811128e-05,0.00434688111
3995,5,0.00010867202782,0.0108672028
3996,1,2.1734405564e-05,0.00217344056
3997,1,2.1734405564e-05,0.00217344056
3998,4,8.6937622256e-05,0.00869376223
3999,1,2.1734405564e-05,0.00217344056
4000,3,6.5203216692e-05,0.00652032167
4001,3,6.5203216692e-05,0.00652032167
4002,1,2.1734405564e-05,0.00217344056
4003,2,4.3468811128e-05,0.00434688111
4004,1,2.1734405564e-05,0.00217344056
4005,2,4.3468811128e-05,0.00434688111
4006,3,6.5203216692e-05,0.00652032167
4008,1,2.1734405564e-05,0.00217344056
4010,3,6.5203216692e-05,0.00652032167
4012,1,2.1734405564e-05,0.00217344056
4013,1,2.1734405564e-05,0.00217344056
4015,2,4.3468811128e-05,0.00434688111
4017,3,6.5203216692e-05,0.00652032167
4018,3,6.5203216692e-05,0.00652032167
4019,2,4.3468811128e-05,0.00434688111
4020,1,2.1734405564e-05,0.00217344056
4021,2,4.3468811128e-05,0.00434688111
4022,1,2.1734405564e-05,0.00217344056
4023,1,2.1734405564e-05,0.00217344056
4024,3,6.5203216692e-05,0.00652032167
4025,3,6.5203216692e-05,0.00652032167
4026,1,2.1734405564e-05,0.00217344056
4027,4,8.6937622256e-05,0.00869376223
4028,1,2.1734405564e-05,0.00217344056
4029,3,6.5203216692e-05,0.00652032167
4030,3,6.5203216692e-05,0.00652032167
4031,4,8.6937622256e-05,0.00869376223
4032,1,2.1734405564e-05,0.00217344056
4033,3,6.5203216692e-05,0.00652032167
4034,3,6.5203216692e-05,0.00652032167
4035,2,4.3468811128e-05,0.00434688111
4036,3,6.5203216692e-05,0.00652032167
4037,1,2.1734405564e-05,0.00217344056
4038,3,6.5203216692e-05,0.00652032167
4039,3,6.5203216692e-05,0.00652032167
4040,6,0.000130406433384,0.0130406433
4041,2,4.3468811128e-05,0.00434688111
4042,5,0.00010867202782,0.0108672028
4043,3,6.5203216692e-05,0.00652032167
4044,7,0.000152140838948,0.0152140839
4046,8,0.000173875244512,0.0173875245
4047,3,6.5203216692e-05,0.00652032167
4048,7,0.000152140838948,0.0152140839
4049,4,8.6937622256e-05,0.00869376223
4050,3,6.5203216692e-05,0.00652032167
4051,3,6.5203216692e-05,0.00652032167
4052,4,8.6937622256e-05,0.00869376223
4053,1,2.1734405564e-05,0.00217344056
4054,3,6.5203216692e-05,0.00652032167
4055,3,6.5203216692e-05,0.00652032167
4056,5,0.00010867202782,0.0108672028
4057,2,4.3468811128e-05,0.00434688111
4058,6,0.000130406433384,0.0130406433
4059,1,2.1734405564e-05,0.00217344056
4060,1,2.1734405564e-05,0.00217344056
4061,2,4.3468811128e-05,0.00434688111
4063,3,6.5203216692e-05,0.00652032167
4064,1,2.1734405564e-05,0.00217344056
4065,2,4.3468811128e-05,0.00434688111
4066,4,8.6937622256e-05,0.00869376223
4067,2,4.3468811128e-05,0.00434688111
4068,3,6.5203216692e-05,0.00652032167
4069,4,8.6937622256e-05,0.00869376223
4070,8,0.000173875244512,0.0173875245
4071,7,0.000152140838948,0.0152140839
4072,5,0.00010867202782,0.0108672028
4073,5,0.00010867202782,0.0108672028
4074,7,0.000152140838948,0.0152140839
4075,6,0.000130406433384,0.0130406433
4076,4,8.6937622256e-05,0.00869376223
4077,1,2.1734405564e-05,0.00217344056
4078,4,8.6937622256e-05,0.00869376223
4079,1,2.1734405564e-05,0.00217344056
4080,2,4.3468811128e-05,0.00434688111
4081,1,2.1734405564e-05,0.00217344056
4082,2,4.3468811128e-05,0.00434688111
4083,1,2.1734405564e-05,0.00217344056
4086,1,2.1734405564e-05,0.00217344056
4087,2,4.3468811128e-05,0.00434688111
4088,1,2.1734405564e-05,0.00217344056
4089,1,2.1734405564e-05,0.00217344056
4090,2,4.3468811128e-05,0.00434688111
4091,2,4.3468811128e-05,0.00434688111
4092,1,2.1734405564e-05,0.00217344056
4093,2,4.3468811128e-05,0.00434688111
4094,3,6.5203216692e-05,0.00652032167
4095,2,4.3468811128e-05,0.00434688111
4096,904,0.0196479026299,1.96479026
4097,1,2.1734405564e-05,0.00217344056
4098,2,4.3468811128e-05,0.00434688111
4099,2,4.3468811128e-05,0.00434688111
4101,3,6.5203216692e-05,0.00652032167
4102,1,2.1734405564e-05,0.00217344056
4103,1,2.1734405564e-05,0.00217344056
4104,1,2.1734405564e-05,0.00217344056
4105,1,2.1734405564e-05,0.00217344056
4106,2,4.3468811128e-05,0.00434688111
4107,2,4.3468811128e-05,0.00434688111
4108,3,6.5203216692e-05,0.00652032167
4109,2,4.3468811128e-05,0.00434688111
4111,1,2.1734405564e-05,0.00217344056
4112,3,6.5203216692e-05,0.00652032167
4113,1,2.1734405564e-05,0.00217344056
4115,2,4.3468811128e-05,0.00434688111
4116,1,2.1734405564e-05,0.00217344056
4117,1,2.1734405564e-05,0.00217344056
4118,3,6.5203216692e-05,0.00652032167
4120,1,2.1734405564e-05,0.00217344056
4121,1,2.1734405564e-05,0.00217344056
4122,1,2.1734405564e-05,0.00217344056
4123,4,8.6937622256e-05,0.00869376223
4125,2,4.3468811128e-05,0.00434688111
4126,4,8.6937622256e-05,0.00869376223
4127,1,2.1734405564e-05,0.00217344056
4128,4,8.6937622256e-05,0.00869376223
4129,1,2.1734405564e-05,0.00217344056
4130,1,2.1734405564e-05,0.00217344056
4132,2,4.3468811128e-05,0.00434688111
4133,2,4.3468811128e-05,0.00434688111
4134,1,2.1734405564e-05,0.00217344056
4135,1,2.1734405564e-05,0.00217344056
4137,1,2.1734405564e-05,0.00217344056
4138,1,2.1734405564e-05,0.00217344056
4140,1,2.1734405564e-05,0.00217344056
4142,1,2.1734405564e-05,0.00217344056
4144,2,4.3468811128e-05,0.00434688111
4145,2,4.3468811128e-05,0.00434688111
4146,1,2.1734405564e-05,0.00217344056
4150,2,4.3468811128e-05,0.00434688111
4153,2,4.3468811128e-05,0.00434688111
4160,1,2.1734405564e-05,0.00217344056
4162,1,2.1734405564e-05,0.00217344056
4163,1,2.1734405564e-05,0.00217344056
4165,1,2.1734405564e-05,0.00217344056
4172,1,2.1734405564e-05,0.00217344056
4173,1,2.1734405564e-05,0.00217344056
4174,1,2.1734405564e-05,0.00217344056
4175,2,4.3468811128e-05,0.00434688111
4176,1,2.1734405564e-05,0.00217344056
4179,2,4.3468811128e-05,0.00434688111
4183,1,2.1734405564e-05,0.00217344056
4184,1,2.1734405564e-05,0.00217344056
4186,2,4.3468811128e-05,0.00434688111
4194,1,2.1734405564e-05,0.00217344056
4198,3,6.5203216692e-05,0.00652032167
4208,1,2.1734405564e-05,0.00217344056
4209,1,2.1734405564e-05,0.00217344056
4216,2,4.3468811128e-05,0.00434688111
4217,1,2.1734405564e-05,0.00217344056
4219,1,2.1734405564e-05,0.00217344056
4222,1,2.1734405564e-05,0.00217344056
4226,2,4.3468811128e-05,0.00434688111
4227,1,2.1734405564e-05,0.00217344056
4228,1,2.1734405564e-05,0.00217344056
4229,1,2.1734405564e-05,0.00217344056
4231,1,2.1734405564e-05,0.00217344056
4232,1,2.1734405564e-05,0.00217344056
4233,2,4.3468811128e-05,0.00434688111
4234,2,4.3468811128e-05,0.00434688111
4237,1,2.1734405564e-05,0.00217344056
4241,1,2.1734405564e-05,0.00217344056
4242,4,8.6937622256e-05,0.00869376223
4245,3,6.5203216692e-05,0.00652032167
4246,1,2.1734405564e-05,0.00217344056
4247,2,4.3468811128e-05,0.00434688111
4248,4,8.6937622256e-05,0.00869376223
4249,3,6.5203216692e-05,0.00652032167
4250,1,2.1734405564e-05,0.00217344056
4251,1,2.1734405564e-05,0.00217344056
4252,3,6.5203216692e-05,0.00652032167
4253,3,6.5203216692e-05,0.00652032167
4255,1,2.1734405564e-05,0.00217344056
4257,2,4.3468811128e-05,0.00434688111
4258,5,0.00010867202782,0.0108672028
4259,2,4.3468811128e-05,0.00434688111
4260,1,2.1734405564e-05,0.00217344056
4261,1,2.1734405564e-05,0.00217344056
4262,2,4.3468811128e-05,0.00434688111
4263,1,2.1734405564e-05,0.00217344056
4264,3,6.5203216692e-05,0.00652032167
4266,3,6.5203216692e-05,0.00652032167
4267,1,2.1734405564e-05,0.00217344056
4268,1,2.1734405564e-05,0.00217344056
4270,2,4.3468811128e-05,0.00434688111
4271,1,2.1734405564e-05,0.00217344056
4275,1,2.1734405564e-05,0.00217344056
4276,3,6.5203216692e-05,0.00652032167
4278,2,4.3468811128e-05,0.00434688111
4279,2,4.3468811128e-05,0.00434688111
4281,1,2.1734405564e-05,0.00217344056
4283,1,2.1734405564e-05,0.00217344056
4284,2,4.3468811128e-05,0.00434688111
4285,2,4.3468811128e-05,0.00434688111
4286,2,4.3468811128e-05,0.00434688111
4287,1,2.1734405564e-05,0.00217344056
4288,1,2.1734405564e-05,0.00217344056
4290,2,4.3468811128e-05,0.00434688111
4292,1,2.1734405564e-05,0.00217344056
4293,1,2.1734405564e-05,0.00217344056
4294,2,4.3468811128e-05,0.00434688111
4296,1,2.1734405564e-05,0.00217344056
4299,3,6.5203216692e-05,0.00652032167
4300,2,4.3468811128e-05,0.00434688111
4302,4,8.6937622256e-05,0.00869376223
4303,1,2.1734405564e-05,0.00217344056
4305,3,6.5203216692e-05,0.00652032167
4306,3,6.5203216692e-05,0.00652032167
4307,3,6.5203216692e-05,0.00652032167
4309,2,4.3468811128e-05,0.00434688111
4310,1,2.1734405564e-05,0.00217344056
4311,3,6.5203216692e-05,0.00652032167
4312,2,4.3468811128e-05,0.00434688111
4313,3,6.5203216692e-05,0.00652032167
4314,1,2.1734405564e-05,0.00217344056
4315,3,6.5203216692e-05,0.00652032167
4316,4,8.6937622256e-05,0.00869376223
4318,1,2.1734405564e-05,0.00217344056
4319,1,2.1734405564e-05,0.00217344056
4320,1,2.1734405564e-05,0.00217344056
4321,1,2.1734405564e-05,0.00217344056
4322,1,2.1734405564e-05,0.00217344056
4323,6,0.000130406433384,0.0130406433
4324,5,0.00010867202782,0.0108672028
4325,4,8.6937622256e-05,0.00869376223
4326,1,2.1734405564e-05,0.00217344056
4327,1,2.1734405564e-05,0.00217344056
4328,3,6.5203216692e-05,0.00652032167
4329,3,6.5203216692e-05,0.00652032167
4330,1,2.1734405564e-05,0.00217344056
4331,2,4.3468811128e-05,0.00434688111
4333,3,6.5203216692e-05,0.00652032167
4335,2,4.3468811128e-05,0.00434688111
4336,1,2.1734405564e-05,0.00217344056
4339,1,2.1734405564e-05,0.00217344056
4340,3,6.5203216692e-05,0.00652032167
4341,3,6.5203216692e-05,0.00652032167
4344,2,4.3468811128e-05,0.00434688111
4345,1,2.1734405564e-05,0.00217344056
4346,2,4.3468811128e-05,0.00434688111
4347,1,2.1734405564e-05,0.00217344056
4349,4,8.6937622256e-05,0.00869376223
4350,2,4.3468811128e-05,0.00434688111
4354,1,2.1734405564e-05,0.00217344056
4356,2,4.3468811128e-05,0.00434688111
4357,2,4.3468811128e-05,0.00434688111
4358,2,4.3468811128e-05,0.00434688111
4359,3,6.5203216692e-05,0.00652032167
4360,1,2.1734405564e-05,0.00217344056
4361,2,4.3468811128e-05,0.00434688111
4364,1,2.1734405564e-05,0.00217344056
4366,2,4.3468811128e-05,0.00434688111
4367,2,4.3468811128e-05,0.00434688111
4368,1,2.1734405564e-05,0.00217344056
4369,1,2.1734405564e-05,0.00217344056
4370,4,8.6937622256e-05,0.00869376223
4371,2,4.3468811128e-05,0.00434688111
4373,1,2.1734405564e-05,0.00217344056
4374,1,2.1734405564e-05,0.00217344056
4375,1,2.1734405564e-05,0.00217344056
4376,1,2.1734405564e-05,0.00217344056
4377,1,2.1734405564e-05,0.00217344056
4379,2,4.3468811128e-05,0.00434688111
4380,3,6.5203216692e-05,0.00652032167
4381,2,4.3468811128e-05,0.00434688111
4387,2,4.3468811128e-05,0.00434688111
4388,1,2.1734405564e-05,0.00217344056
4389,1,2.1734405564e-05,0.00217344056
4390,2,4.3468811128e-05,0.00434688111
4391,2,4.3468811128e-05,0.00434688111
4392,1,2.1734405564e-05,0.00217344056
4395,1,2.1734405564e-05,0.00217344056
4396,1,2.1734405564e-05,0.00217344056
4398,2,4.3468811128e-05,0.00434688111
4399,1,2.1734405564e-05,0.00217344056
4400,2,4.3468811128e-05,0.00434688111
4401,1,2.1734405564e-05,0.00217344056
4403,1,2.1734405564e-05,0.00217344056
4404,2,4.3468811128e-05,0.00434688111
4405,3,6.5203216692e-05,0.00652032167
4406,3,6.5203216692e-05,0.00652032167
4408,1,2.1734405564e-05,0.00217344056
4409,2,4.3468811128e-05,0.00434688111
4411,2,4.3468811128e-05,0.00434688111
4413,1,2.1734405564e-05,0.00217344056
4414,1,2.1734405564e-05,0.00217344056
4416,1,2.1734405564e-05,0.00217344056
4417,2,4.3468811128e-05,0.00434688111
4419,1,2.1734405564e-05,0.00217344056
4420,1,2.1734405564e-05,0.00217344056
4422,3,6.5203216692e-05,0.00652032167
4423,1,2.1734405564e-05,0.00217344056
4424,1,2.1734405564e-05,0.00217344056
4426,2,4.3468811128e-05,0.00434688111
4429,2,4.3468811128e-05,0.00434688111
4432,1,2.1734405564e-05,0.00217344056
4433,1,2.1734405564e-05,0.00217344056
4434,4,8.6937622256e-05,0.00869376223
4439,1,2.1734405564e-05,0.00217344056
4440,1,2.1734405564e-05,0.00217344056
4444,1,2.1734405564e-05,0.00217344056
4446,1,2.1734405564e-05,0.00217344056
4447,1,2.1734405564e-05,0.00217344056
4448,2,4.3468811128e-05,0.00434688111
4449,1,2.1734405564e-05,0.00217344056
4450,1,2.1734405564e-05,0.00217344056
4457,1,2.1734405564e-05,0.00217344056
4458,2,4.3468811128e-05,0.00434688111
4460,1,2.1734405564e-05,0.00217344056
4462,1,2.1734405564e-05,0.00217344056
4463,2,4.3468811128e-05,0.00434688111
4466,1,2.1734405564e-05,0.00217344056
4467,1,2.1734405564e-05,0.00217344056
4469,1,2.1734405564e-05,0.00217344056
4473,2,4.3468811128e-05,0.00434688111
4477,1,2.1734405564e-05,0.00217344056
4478,1,2.1734405564e-05,0.00217344056
4479,3,6.5203216692e-05,0.00652032167
4483,2,4.3468811128e-05,0.00434688111
4486,1,2.1734405564e-05,0.00217344056
4489,1,2.1734405564e-05,0.00217344056
4490,1,2.1734405564e-05,0.00217344056
4495,2,4.3468811128e-05,0.00434688111
4496,2,4.3468811128e-05,0.00434688111
4499,1,2.1734405564e-05,0.00217344056
4502,1,2.1734405564e-05,0.00217344056
4503,1,2.1734405564e-05,0.00217344056
4504,1,2.1734405564e-05,0.00217344056
4505,2,4.3468811128e-05,0.00434688111
4506,1,2.1734405564e-05,0.00217344056
4507,1,2.1734405564e-05,0.00217344056
4508,1,2.1734405564e-05,0.00217344056
4510,2,4.3468811128e-05,0.00434688111
4511,2,4.3468811128e-05,0.00434688111
4514,3,6.5203216692e-05,0.00652032167
4515,2,4.3468811128e-05,0.00434688111
4517,2,4.3468811128e-05,0.00434688111
4518,3,6.5203216692e-05,0.00652032167
4519,1,2.1734405564e-05,0.00217344056
4521,2,4.3468811128e-05,0.00434688111
4522,1,2.1734405564e-05,0.00217344056
4523,1,2.1734405564e-05,0.00217344056
4524,1,2.1734405564e-05,0.00217344056
4525,1,2.1734405564e-05,0.00217344056
4526,1,2.1734405564e-05,0.00217344056
4527,1,2.1734405564e-05,0.00217344056
4528,2,4.3468811128e-05,0.00434688111
4529,1,2.1734405564e-05,0.00217344056
4531,2,4.3468811128e-05,0.00434688111
4533,3,6.5203216692e-05,0.00652032167
4535,2,4.3468811128e-05,0.00434688111
4536,1,2.1734405564e-05,0.00217344056
4538,1,2.1734405564e-05,0.00217344056
4540,2,4.3468811128e-05,0.00434688111
4542,2,4.3468811128e-05,0.00434688111
4543,1,2.1734405564e-05,0.00217344056
4545,1,2.1734405564e-05,0.00217344056
4546,2,4.3468811128e-05,0.00434688111
4547,1,2.1734405564e-05,0.00217344056
4548,1,2.1734405564e-05,0.00217344056
4550,4,8.6937622256e-05,0.00869376223
4553,3,6.5203216692e-05,0.00652032167
4554,2,4.3468811128e-05,0.00434688111
4555,2,4.3468811128e-05,0.00434688111
4556,1,2.1734405564e-05,0.00217344056
4558,1,2.1734405564e-05,0.00217344056
4560,1,2.1734405564e-05,0.00217344056
4561,1,2.1734405564e-05,0.00217344056
4562,3,6.5203216692e-05,0.00652032167
4563,1,2.1734405564e-05,0.00217344056
4564,2,4.3468811128e-05,0.00434688111
4565,1,2.1734405564e-05,0.00217344056
4566,4,8.6937622256e-05,0.00869376223
4567,2,4.3468811128e-05,0.00434688111
4568,3,6.5203216692e-05,0.00652032167
4569,1,2.1734405564e-05,0.00217344056
4570,2,4.3468811128e-05,0.00434688111
4575,1,2.1734405564e-05,0.00217344056
4576,2,4.3468811128e-05,0.00434688111
4577,1,2.1734405564e-05,0.00217344056
4579,1,2.1734405564e-05,0.00217344056
4581,1,2.1734405564e-05,0.00217344056
4582,1,2.1734405564e-05,0.00217344056
4583,1,2.1734405564e-05,0.00217344056
4584,3,6.5203216692e-05,0.00652032167
4585,1,2.1734405564e-05,0.00217344056
4586,2,4.3468811128e-05,0.00434688111
4587,2,4.3468811128e-05,0.00434688111
4589,1,2.1734405564e-05,0.00217344056
4590,2,4.3468811128e-05,0.00434688111
4592,2,4.3468811128e-05,0.00434688111
4593,2,4.3468811128e-05,0.00434688111
4599,1,2.1734405564e-05,0.00217344056
4600,2,4.3468811128e-05,0.00434688111
4601,2,4.3468811128e-05,0.00434688111
4605,2,4.3468811128e-05,0.00434688111
4606,3,6.5203216692e-05,0.00652032167
4607,1,2.1734405564e-05,0.00217344056
4609,1,2.1734405564e-05,0.00217344056
4610,1,2.1734405564e-05,0.00217344056
4613,1,2.1734405564e-05,0.00217344056
4614,1,2.1734405564e-05,0.00217344056
4617,3,6.5203216692e-05,0.00652032167
4618,1,2.1734405564e-05,0.00217344056
4619,4,8.6937622256e-05,0.00869376223
4620,1,2.1734405564e-05,0.00217344056
4621,1,2.1734405564e-05,0.00217344056
4622,2,4.3468811128e-05,0.00434688111
4623,1,2.1734405564e-05,0.00217344056
4627,2,4.3468811128e-05,0.00434688111
4628,2,4.3468811128e-05,0.00434688111
4629,1,2.1734405564e-05,0.00217344056
4630,1,2.1734405564e-05,0.00217344056
4631,2,4.3468811128e-05,0.00434688111
4633,1,2.1734405564e-05,0.00217344056
4635,2,4.3468811128e-05,0.00434688111
4636,1,2.1734405564e-05,0.00217344056
4637,3,6.5203216692e-05,0.00652032167
4640,2,4.3468811128e-05,0.00434688111
4641,1,2.1734405564e-05,0.00217344056
4646,1,2.1734405564e-05,0.00217344056
4647,2,4.3468811128e-05,0.00434688111
4648,2,4.3468811128e-05,0.00434688111
4649,2,4.3468811128e-05,0.00434688111
4651,1,2.1734405564e-05,0.00217344056
4652,2,4.3468811128e-05,0.00434688111
4653,1,2.1734405564e-05,0.00217344056
4656,1,2.1734405564e-05,0.00217344056
4659,4,8.6937622256e-05,0.00869376223
4660,2,4.3468811128e-05,0.00434688111
4664,1,2.1734405564e-05,0.00217344056
4665,3,6.5203216692e-05,0.00652032167
4667,1,2.1734405564e-05,0.00217344056
4670,1,2.1734405564e-05,0.00217344056
4671,2,4.3468811128e-05,0.00434688111
4672,1,2.1734405564e-05,0.00217344056
4673,1,2.1734405564e-05,0.00217344056
4674,1,2.1734405564e-05,0.00217344056
4675,1,2.1734405564e-05,0.00217344056
4676,2,4.3468811128e-05,0.00434688111
4677,1,2.1734405564e-05,0.00217344056
4679,2,4.3468811128e-05,0.00434688111
4681,1,2.1734405564e-05,0.00217344056
4684,1,2.1734405564e-05,0.00217344056
4685,1,2.1734405564e-05,0.00217344056
4686,2,4.3468811128e-05,0.00434688111
4688,1,2.1734405564e-05,0.00217344056
4689,1,2.1734405564e-05,0.00217344056
4692,1,2.1734405564e-05,0.00217344056
4693,1,2.1734405564e-05,0.00217344056
4694,2,4.3468811128e-05,0.00434688111
4696,1,2.1734405564e-05,0.00217344056
4698,3,6.5203216692e-05,0.00652032167
4700,1,2.1734405564e-05,0.00217344056
4702,2,4.3468811128e-05,0.00434688111
4705,1,2.1734405564e-05,0.00217344056
4706,1,2.1734405564e-05,0.00217344056
4708,3,6.5203216692e-05,0.00652032167
4709,2,4.3468811128e-05,0.00434688111
4712,3,6.5203216692e-05,0.00652032167
4713,2,4.3468811128e-05,0.00434688111
4714,1,2.1734405564e-05,0.00217344056
4715,2,4.3468811128e-05,0.00434688111
4716,1,2.1734405564e-05,0.00217344056
4719,2,4.3468811128e-05,0.00434688111
4721,1,2.1734405564e-05,0.00217344056
4722,5,0.00010867202782,0.0108672028
4723,1,2.1734405564e-05,0.00217344056
4724,1,2.1734405564e-05,0.00217344056
4725,2,4.3468811128e-05,0.00434688111
4726,3,6.5203216692e-05,0.00652032167
4729,2,4.3468811128e-05,0.00434688111
4731,1,2.1734405564e-05,0.00217344056
4732,1,2.1734405564e-05,0.00217344056
4737,1,2.1734405564e-05,0.00217344056
4739,2,4.3468811128e-05,0.00434688111
4741,2,4.3468811128e-05,0.00434688111
4742,1,2.1734405564e-05,0.00217344056
4743,1,2.1734405564e-05,0.00217344056
4745,1,2.1734405564e-05,0.00217344056
4746,2,4.3468811128e-05,0.00434688111
4747,2,4.3468811128e-05,0.00434688111
4748,1,2.1734405564e-05,0.00217344056
4750,1,2.1734405564e-05,0.00217344056
4751,1,2.1734405564e-05,0.00217344056
4752,1,2.1734405564e-05,0.00217344056
4756,1,2.1734405564e-05,0.00217344056
4757,1,2.1734405564e-05,0.00217344056
4758,1,2.1734405564e-05,0.00217344056
4760,1,2.1734405564e-05,0.00217344056
4761,1,2.1734405564e-05,0.00217344056
4762,2,4.3468811128e-05,0.00434688111
4763,1,2.1734405564e-05,0.00217344056
4764,1,2.1734405564e-05,0.00217344056
4766,1,2.1734405564e-05,0.00217344056
4767,2,4.3468811128e-05,0.00434688111
4769,2,4.3468811128e-05,0.00434688111
4770,1,2.1734405564e-05,0.00217344056
4771,1,2.1734405564e-05,0.00217344056
4773,3,6.5203216692e-05,0.00652032167
4775,1,2.1734405564e-05,0.00217344056
4779,2,4.3468811128e-05,0.00434688111
4780,1,2.1734405564e-05,0.00217344056
4782,1,2.1734405564e-05,0.00217344056
4783,2,4.3468811128e-05,0.00434688111
4785,3,6.5203216692e-05,0.00652032167
4786,2,4.3468811128e-05,0.00434688111
4787,1,2.1734405564e-05,0.00217344056
4788,1,2.1734405564e-05,0.00217344056
4789,1,2.1734405564e-05,0.00217344056
4790,1,2.1734405564e-05,0.00217344056
4791,3,6.5203216692e-05,0.00652032167
4792,2,4.3468811128e-05,0.00434688111
4794,2,4.3468811128e-05,0.00434688111
4795,3,6.5203216692e-05,0.00652032167
4796,1,2.1734405564e-05,0.00217344056
4797,1,2.1734405564e-05,0.00217344056
4798,1,2.1734405564e-05,0.00217344056
4800,1,2.1734405564e-05,0.00217344056
4801,2,4.3468811128e-05,0.00434688111
4802,1,2.1734405564e-05,0.00217344056
4803,3,6.5203216692e-05,0.00652032167
4805,2,4.3468811128e-05,0.00434688111
4806,3,6.5203216692e-05,0.00652032167
4808,1,2.1734405564e-05,0.00217344056
4810,2,4.3468811128e-05,0.00434688111
4813,1,2.1734405564e-05,0.00217344056
4814,1,2.1734405564e-05,0.00217344056
4815,2,4.3468811128e-05,0.00434688111
4816,2,4.3468811128e-05,0.00434688111
4817,1,2.1734405564e-05,0.00217344056
4818,2,4.3468811128e-05,0.00434688111
4820,2,4.3468811128e-05,0.00434688111
4821,1,2.1734405564e-05,0.00217344056
4822,2,4.3468811128e-05,0.00434688111
4823,1,2.1734405564e-05,0.00217344056
4824,1,2.1734405564e-05,0.00217344056
4825,1,2.1734405564e-05,0.00217344056
4827,4,8.6937622256e-05,0.00869376223
4828,1,2.1734405564e-05,0.00217344056
4831,3,6.5203216692e-05,0.00652032167
4832,1,2.1734405564e-05,0.00217344056
4833,1,2.1734405564e-05,0.00217344056
4836,1,2.1734405564e-05,0.00217344056
4837,1,2.1734405564e-05,0.00217344056
4839,1,2.1734405564e-05,0.00217344056
4840,2,4.3468811128e-05,0.00434688111
4841,1,2.1734405564e-05,0.00217344056
4842,1,2.1734405564e-05,0.00217344056
4844,1,2.1734405564e-05,0.00217344056
4845,1,2.1734405564e-05,0.00217344056
4846,1,2.1734405564e-05,0.00217344056
4848,3,6.5203216692e-05,0.00652032167
4849,1,2.1734405564e-05,0.00217344056
4853,1,2.1734405564e-05,0.00217344056
4855,2,4.3468811128e-05,0.00434688111
4857,1,2.1734405564e-05,0.00217344056
4859,1,2.1734405564e-05,0.00217344056
4861,2,4.3468811128e-05,0.00434688111
4868,1,2.1734405564e-05,0.00217344056
4869,1,2.1734405564e-05,0.00217344056
4872,1,2.1734405564e-05,0.00217344056
4873,1,2.1734405564e-05,0.00217344056
4875,1,2.1734405564e-05,0.00217344056
4877,1,2.1734405564e-05,0.00217344056
4882,1,2.1734405564e-05,0.00217344056
4886,1,2.1734405564e-05,0.00217344056
4889,1,2.1734405564e-05,0.00217344056
4897,1,2.1734405564e-05,0.00217344056
4902,1,2.1734405564e-05,0.00217344056
4909,1,2.1734405564e-05,0.00217344056
4910,1,2.1734405564e-05,0.00217344056
4911,1,2.1734405564e-05,0.00217344056
4912,1,2.1734405564e-05,0.00217344056
4913,1,2.1734405564e-05,0.00217344056
4914,1,2.1734405564e-05,0.00217344056
4915,2,4.3468811128e-05,0.00434688111
4920,1,2.1734405564e-05,0.00217344056
4923,1,2.1734405564e-05,0.00217344056
4929,1,2.1734405564e-05,0.00217344056
4930,1,2.1734405564e-05,0.00217344056
4933,1,2.1734405564e-05,0.00217344056
4937,2,4.3468811128e-05,0.00434688111
4940,3,6.5203216692e-05,0.00652032167
4941,2,4.3468811128e-05,0.00434688111
4942,2,4.3468811128e-05,0.00434688111
4944,1,2.1734405564e-05,0.00217344056
4946,1,2.1734405564e-05,0.00217344056
4953,1,2.1734405564e-05,0.00217344056
4956,3,6.5203216692e-05,0.00652032167
4958,1,2.1734405564e-05,0.00217344056
4959,1,2.1734405564e-05,0.00217344056
4960,1,2.1734405564e-05,0.00217344056
4963,1,2.1734405564e-05,0.00217344056
4964,2,4.3468811128e-05,0.00434688111
4965,1,2.1734405564e-05,0.00217344056
4966,2,4.3468811128e-05,0.00434688111
4968,3,6.5203216692e-05,0.00652032167
4969,4,8.6937622256e-05,0.00869376223
4973,3,6.5203216692e-05,0.00652032167
4974,3,6.5203216692e-05,0.00652032167
4975,1,2.1734405564e-05,0.00217344056
4976,2,4.3468811128e-05,0.00434688111
4977,1,2.1734405564e-05,0.00217344056
4979,2,4.3468811128e-05,0.00434688111
4981,2,4.3468811128e-05,0.00434688111
4982,1,2.1734405564e-05,0.00217344056
4984,2,4.3468811128e-05,0.00434688111
4985,1,2.1734405564e-05,0.00217344056
4988,1,2.1734405564e-05,0.00217344056
4989,1,2.1734405564e-05,0.00217344056
4992,3,6.5203216692e-05,0.00652032167
4994,2,4.3468811128e-05,0.00434688111
4996,1,2.1734405564e-05,0.00217344056
4997,1,2.1734405564e-05,0.00217344056
4998,1,2.1734405564e-05,0.00217344056
4999,1,2.1734405564e-05,0.00217344056
5002,1,2.1734405564e-05,0.00217344056
5003,2,4.3468811128e-05,0.00434688111
5004,1,2.1734405564e-05,0.00217344056
5005,1,2.1734405564e-05,0.00217344056
5006,1,2.1734405564e-05,0.00217344056
5008,2,4.3468811128e-05,0.00434688111
5009,1,2.1734405564e-05,0.00217344056
5010,1,2.1734405564e-05,0.00217344056
5011,1,2.1734405564e-05,0.00217344056
5012,1,2.1734405564e-05,0.00217344056
5013,1,2.1734405564e-05,0.00217344056
5014,2,4.3468811128e-05,0.00434688111
5016,1,2.1734405564e-05,0.00217344056
5017,3,6.5203216692e-05,0.00652032167
5020,2,4.3468811128e-05,0.00434688111
5021,1,2.1734405564e-05,0.00217344056
5022,1,2.1734405564e-05,0.00217344056
5023,1,2.1734405564e-05,0.00217344056
5024,1,2.1734405564e-05,0.00217344056
5026,2,4.3468811128e-05,0.00434688111
5032,1,2.1734405564e-05,0.00217344056
5033,1,2.1734405564e-05,0.00217344056
5034,1,2.1734405564e-05,0.00217344056
5035,2,4.3468811128e-05,0.00434688111
5037,1,2.1734405564e-05,0.00217344056
5038,2,4.3468811128e-05,0.00434688111
5039,2,4.3468811128e-05,0.00434688111
5041,2,4.3468811128e-05,0.00434688111
5042,3,6.5203216692e-05,0.00652032167
5044,3,6.5203216692e-05,0.00652032167
5045,3,6.5203216692e-05,0.00652032167
5046,1,2.1734405564e-05,0.00217344056
5049,2,4.3468811128e-05,0.00434688111
5050,2,4.3468811128e-05,0.00434688111
5051,2,4.3468811128e-05,0.00434688111
5052,2,4.3468811128e-05,0.00434688111
5053,2,4.3468811128e-05,0.00434688111
5054,1,2.1734405564e-05,0.00217344056
5055,1,2.1734405564e-05,0.00217344056
5056,2,4.3468811128e-05,0.00434688111
5057,2,4.3468811128e-05,0.00434688111
5058,2,4.3468811128e-05,0.00434688111
5059,5,0.00010867202782,0.0108672028
5060,6,0.000130406433384,0.0130406433
5061,2,4.3468811128e-05,0.00434688111
5062,2,4.3468811128e-05,0.00434688111
5063,1,2.1734405564e-05,0.00217344056
5064,2,4.3468811128e-05,0.00434688111
5065,3,6.5203216692e-05,0.00652032167
5066,3,6.5203216692e-05,0.00652032167
5067,1,2.1734405564e-05,0.00217344056
5068,2,4.3468811128e-05,0.00434688111
5069,2,4.3468811128e-05,0.00434688111
5071,1,2.1734405564e-05,0.00217344056
5072,6,0.000130406433384,0.0130406433
5073,1,2.1734405564e-05,0.00217344056
5075,2,4.3468811128e-05,0.00434688111
5076,1,2.1734405564e-05,0.00217344056
5077,3,6.5203216692e-05,0.00652032167
5078,1,2.1734405564e-05,0.00217344056
5080,2,4.3468811128e-05,0.00434688111
5081,1,2.1734405564e-05,0.00217344056
5082,1,2.1734405564e-05,0.00217344056
5084,2,4.3468811128e-05,0.00434688111
5085,1,2.1734405564e-05,0.00217344056
5086,2,4.3468811128e-05,0.00434688111
5087,1,2.1734405564e-05,0.00217344056
5088,4,8.6937622256e-05,0.00869376223
5089,1,2.1734405564e-05,0.00217344056
5090,1,2.1734405564e-05,0.00217344056
5091,2,4.3468811128e-05,0.00434688111
5092,3,6.5203216692e-05,0.00652032167
5093,5,0.00010867202782,0.0108672028
5094,4,8.6937622256e-05,0.00869376223
5095,4,8.6937622256e-05,0.00869376223
5096,2,4.3468811128e-05,0.00434688111
5097,1,2.1734405564e-05,0.00217344056
5098,1,2.1734405564e-05,0.00217344056
5099,1,2.1734405564e-05,0.00217344056
5100,1,2.1734405564e-05,0.00217344056
5101,1,2.1734405564e-05,0.00217344056
5102,2,4.3468811128e-05,0.00434688111
5103,1,2.1734405564e-05,0.00217344056
5105,1,2.1734405564e-05,0.00217344056
5107,1,2.1734405564e-05,0.00217344056
5109,2,4.3468811128e-05,0.00434688111
5110,2,4.3468811128e-05,0.00434688111
5114,1,2.1734405564e-05,0.00217344056
5115,2,4.3468811128e-05,0.00434688111
5117,1,2.1734405564e-05,0.00217344056
5118,1,2.1734405564e-05,0.00217344056
5119,2,4.3468811128e-05,0.00434688111
5120,250,0.005433601391,0.543360139
5121,1,2.1734405564e-05,0.00217344056
5125,1,2.1734405564e-05,0.00217344056
5128,2,4.3468811128e-05,0.00434688111
5129,1,2.1734405564e-05,0.00217344056
5133,1,2.1734405564e-05,0.00217344056
5135,2,4.3468811128e-05,0.00434688111
5136,2,4.3468811128e-05,0.00434688111
5137,1,2.1734405564e-05,0.00217344056
5138,2,4.3468811128e-05,0.00434688111
5139,5,0.00010867202782,0.0108672028
5140,2,4.3468811128e-05,0.00434688111
5141,1,2.1734405564e-05,0.00217344056
5142,1,2.1734405564e-05,0.00217344056
5144,1,2.1734405564e-05,0.00217344056
5146,1,2.1734405564e-05,0.00217344056
5148,3,6.5203216692e-05,0.00652032167
5149,3,6.5203216692e-05,0.00652032167
5150,4,8.6937622256e-05,0.00869376223
5151,3,6.5203216692e-05,0.00652032167
5152,2,4.3468811128e-05,0.00434688111
5153,1,2.1734405564e-05,0.00217344056
5154,1,2.1734405564e-05,0.00217344056
5155,3,6.5203216692e-05,0.00652032167
5156,1,2.1734405564e-05,0.00217344056
5157,1,2.1734405564e-05,0.00217344056
5162,1,2.1734405564e-05,0.00217344056
5163,1,2.1734405564e-05,0.00217344056
5166,2,4.3468811128e-05,0.00434688111
5167,1,2.1734405564e-05,0.00217344056
5171,4,8.6937622256e-05,0.00869376223
5173,1,2.1734405564e-05,0.00217344056
5174,2,4.3468811128e-05,0.00434688111
5176,2,4.3468811128e-05,0.00434688111
5178,1,2.1734405564e-05,0.00217344056
5179,1,2.1734405564e-05,0.00217344056
5180,1,2.1734405564e-05,0.00217344056
5181,1,2.1734405564e-05,0.00217344056
5182,1,2.1734405564e-05,0.00217344056
5187,2,4.3468811128e-05,0.00434688111
5190,1,2.1734405564e-05,0.00217344056
5193,1,2.1734405564e-05,0.00217344056
5196,1,2.1734405564e-05,0.00217344056
5197,1,2.1734405564e-05,0.00217344056
5201,1,2.1734405564e-05,0.00217344056
5202,1,2.1734405564e-05,0.00217344056
5204,1,2.1734405564e-05,0.00217344056
5205,2,4.3468811128e-05,0.00434688111
5207,2,4.3468811128e-05,0.00434688111
5209,2,4.3468811128e-05,0.00434688111
5211,1,2.1734405564e-05,0.00217344056
5212,1,2.1734405564e-05,0.00217344056
5213,1,2.1734405564e-05,0.00217344056
5214,1,2.1734405564e-05,0.00217344056
5216,1,2.1734405564e-05,0.00217344056
5219,1,2.1734405564e-05,0.00217344056
5221,1,2.1734405564e-05,0.00217344056
5225,1,2.1734405564e-05,0.00217344056
5231,1,2.1734405564e-05,0.00217344056
5232,3,6.5203216692e-05,0.00652032167
5233,2,4.3468811128e-05,0.00434688111
5237,1,2.1734405564e-05,0.00217344056
5242,1,2.1734405564e-05,0.00217344056
5251,1,2.1734405564e-05,0.00217344056
5253,2,4.3468811128e-05,0.00434688111
5256,1,2.1734405564e-05,0.00217344056
5258,2,4.3468811128e-05,0.00434688111
5259,1,2.1734405564e-05,0.00217344056
5263,1,2.1734405564e-05,0.00217344056
5265,3,6.5203216692e-05,0.00652032167
5268,1,2.1734405564e-05,0.00217344056
5269,1,2.1734405564e-05,0.00217344056
5270,1,2.1734405564e-05,0.00217344056
5272,2,4.3468811128e-05,0.00434688111
5273,1,2.1734405564e-05,0.00217344056
5274,1,2.1734405564e-05,0.00217344056
5275,1,2.1734405564e-05,0.00217344056
5276,1,2.1734405564e-05,0.00217344056
5277,1,2.1734405564e-05,0.00217344056
5280,2,4.3468811128e-05,0.00434688111
5282,1,2.1734405564e-05,0.00217344056
5283,1,2.1734405564e-05,0.00217344056
5284,3,6.5203216692e-05,0.00652032167
5285,2,4.3468811128e-05,0.00434688111
5286,1,2.1734405564e-05,0.00217344056
5287,3,6.5203216692e-05,0.00652032167
5291,3,6.5203216692e-05,0.00652032167
5292,1,2.1734405564e-05,0.00217344056
5293,2,4.3468811128e-05,0.00434688111
5294,4,8.6937622256e-05,0.00869376223
5295,2,4.3468811128e-05,0.00434688111
5296,1,2.1734405564e-05,0.00217344056
5297,2,4.3468811128e-05,0.00434688111
5298,1,2.1734405564e-05,0.00217344056
5300,2,4.3468811128e-05,0.00434688111
5301,3,6.5203216692e-05,0.00652032167
5303,1,2.1734405564e-05,0.00217344056
5306,3,6.5203216692e-05,0.00652032167
5307,2,4.3468811128e-05,0.00434688111
5308,2,4.3468811128e-05,0.00434688111
5309,2,4.3468811128e-05,0.00434688111
5310,3,6.5203216692e-05,0.00652032167
5313,1,2.1734405564e-05,0.00217344056
5320,1,2.1734405564e-05,0.00217344056
5322,1,2.1734405564e-05,0.00217344056
5325,1,2.1734405564e-05,0.00217344056
5327,1,2.1734405564e-05,0.00217344056
5328,1,2.1734405564e-05,0.00217344056
5329,1,2.1734405564e-05,0.00217344056
5330,1,2.1734405564e-05,0.00217344056
5337,1,2.1734405564e-05,0.00217344056
5338,2,4.3468811128e-05,0.00434688111
5341,1,2.1734405564e-05,0.00217344056
5343,2,4.3468811128e-05,0.00434688111
5345,1,2.1734405564e-05,0.00217344056
5348,1,2.1734405564e-05,0.00217344056
5349,1,2.1734405564e-05,0.00217344056
5353,1,2.1734405564e-05,0.00217344056
5355,1,2.1734405564e-05,0.00217344056
5357,2,4.3468811128e-05,0.00434688111
5359,1,2.1734405564e-05,0.00217344056
5361,1,2.1734405564e-05,0.00217344056
5362,3,6.5203216692e-05,0.00652032167
5363,1,2.1734405564e-05,0.00217344056
5364,1,2.1734405564e-05,0.00217344056
5365,1,2.1734405564e-05,0.00217344056
5366,2,4.3468811128e-05,0.00434688111
5367,1,2.1734405564e-05,0.00217344056
5368,1,2.1734405564e-05,0.00217344056
5369,1,2.1734405564e-05,0.00217344056
5373,1,2.1734405564e-05,0.00217344056
5374,1,2.1734405564e-05,0.00217344056
5375,1,2.1734405564e-05,0.00217344056
5376,2,4.3468811128e-05,0.00434688111
5383,2,4.3468811128e-05,0.00434688111
5384,1,2.1734405564e-05,0.00217344056
5385,2,4.3468811128e-05,0.00434688111
5387,1,2.1734405564e-05,0.00217344056
5388,1,2.1734405564e-05,0.00217344056
5390,1,2.1734405564e-05,0.00217344056
5391,1,2.1734405564e-05,0.00217344056
5402,1,2.1734405564e-05,0.00217344056
5404,1,2.1734405564e-05,0.00217344056
5413,1,2.1734405564e-05,0.00217344056
5415,2,4.3468811128e-05,0.00434688111
5421,2,4.3468811128e-05,0.00434688111
5424,1,2.1734405564e-05,0.00217344056
5425,1,2.1734405564e-05,0.00217344056
5427,2,4.3468811128e-05,0.00434688111
5429,1,2.1734405564e-05,0.00217344056
5430,1,2.1734405564e-05,0.00217344056
5434,2,4.3468811128e-05,0.00434688111
5435,2,4.3468811128e-05,0.00434688111
5436,1,2.1734405564e-05,0.00217344056
5437,1,2.1734405564e-05,0.00217344056
5439,2,4.3468811128e-05,0.00434688111
5441,5,0.00010867202782,0.0108672028
5442,1,2.1734405564e-05,0.00217344056
5443,2,4.3468811128e-05,0.00434688111
5445,3,6.5203216692e-05,0.00652032167
5446,2,4.3468811128e-05,0.00434688111
5447,3,6.5203216692e-05,0.00652032167
5449,2,4.3468811128e-05,0.00434688111
5450,1,2.1734405564e-05,0.00217344056
5452,1,2.1734405564e-05,0.00217344056
5454,2,4.3468811128e-05,0.00434688111
5456,1,2.1734405564e-05,0.00217344056
5457,1,2.1734405564e-05,0.00217344056
5459,4,8.6937622256e-05,0.00869376223
5460,1,2.1734405564e-05,0.00217344056
5462,2,4.3468811128e-05,0.00434688111
5463,2,4.3468811128e-05,0.00434688111
5464,1,2.1734405564e-05,0.00217344056
5465,1,2.1734405564e-05,0.00217344056
5466,2,4.3468811128e-05,0.00434688111
5467,2,4.3468811128e-05,0.00434688111
5468,3,6.5203216692e-05,0.00652032167
5470,1,2.1734405564e-05,0.00217344056
5471,2,4.3468811128e-05,0.00434688111
5474,2,4.3468811128e-05,0.00434688111
5475,1,2.1734405564e-05,0.00217344056
5476,1,2.1734405564e-05,0.00217344056
5478,2,4.3468811128e-05,0.00434688111
5479,1,2.1734405564e-05,0.00217344056
5481,1,2.1734405564e-05,0.00217344056
5484,2,4.3468811128e-05,0.00434688111
5487,2,4.3468811128e-05,0.00434688111
5489,2,4.3468811128e-05,0.00434688111
5490,1,2.1734405564e-05,0.00217344056
5491,1,2.1734405564e-05,0.00217344056
5492,2,4.3468811128e-05,0.00434688111
5497,1,2.1734405564e-05,0.00217344056
5498,1,2.1734405564e-05,0.00217344056
5500,2,4.3468811128e-05,0.00434688111
5501,2,4.3468811128e-05,0.00434688111
5502,2,4.3468811128e-05,0.00434688111
5503,2,4.3468811128e-05,0.00434688111
5505,2,4.3468811128e-05,0.00434688111
5507,2,4.3468811128e-05,0.00434688111
5509,1,2.1734405564e-05,0.00217344056
5510,1,2.1734405564e-05,0.00217344056
5511,3,6.5203216692e-05,0.00652032167
5512,2,4.3468811128e-05,0.00434688111
5513,1,2.1734405564e-05,0.00217344056
5514,1,2.1734405564e-05,0.00217344056
5517,2,4.3468811128e-05,0.00434688111
5518,1,2.1734405564e-05,0.00217344056
5519,1,2.1734405564e-05,0.00217344056
5520,1,2.1734405564e-05,0.00217344056
5522,1,2.1734405564e-05,0.00217344056
5524,1,2.1734405564e-05,0.00217344056
5530,2,4.3468811128e-05,0.00434688111
5531,1,2.1734405564e-05,0.00217344056
5535,1,2.1734405564e-05,0.00217344056
5537,1,2.1734405564e-05,0.00217344056
5540,1,2.1734405564e-05,0.00217344056
5541,2,4.3468811128e-05,0.00434688111
5544,1,2.1734405564e-05,0.00217344056
5547,1,2.1734405564e-05,0.00217344056
5548,2,4.3468811128e-05,0.00434688111
5552,2,4.3468811128e-05,0.00434688111
5553,1,2.1734405564e-05,0.00217344056
5555,1,2.1734405564e-05,0.00217344056
5559,1,2.1734405564e-05,0.00217344056
5560,3,6.5203216692e-05,0.00652032167
5561,3,6.5203216692e-05,0.00652032167
5565,2,4.3468811128e-05,0.00434688111
5566,1,2.1734405564e-05,0.00217344056
5567,1,2.1734405564e-05,0.00217344056
5569,2,4.3468811128e-05,0.00434688111
5572,1,2.1734405564e-05,0.00217344056
5573,1,2.1734405564e-05,0.00217344056
5577,1,2.1734405564e-05,0.00217344056
5578,2,4.3468811128e-05,0.00434688111
5580,1,2.1734405564e-05,0.00217344056
5582,1,2.1734405564e-05,0.00217344056
5588,1,2.1734405564e-05,0.00217344056
5593,1,2.1734405564e-05,0.00217344056
5598,3,6.5203216692e-05,0.00652032167
5601,1,2.1734405564e-05,0.00217344056
5604,1,2.1734405564e-05,0.00217344056
5620,1,2.1734405564e-05,0.00217344056
5625,1,2.1734405564e-05,0.00217344056
5626,1,2.1734405564e-05,0.00217344056
5627,1,2.1734405564e-05,0.00217344056
5630,1,2.1734405564e-05,0.00217344056
5632,1,2.1734405564e-05,0.00217344056
5634,1,2.1734405564e-05,0.00217344056
5636,1,2.1734405564e-05,0.00217344056
5637,1,2.1734405564e-05,0.00217344056
5640,1,2.1734405564e-05,0.00217344056
5645,1,2.1734405564e-05,0.00217344056
5646,1,2.1734405564e-05,0.00217344056
5649,1,2.1734405564e-05,0.00217344056
5657,1,2.1734405564e-05,0.00217344056
5662,2,4.3468811128e-05,0.00434688111
5667,1,2.1734405564e-05,0.00217344056
5671,1,2.1734405564e-05,0.00217344056
5672,1,2.1734405564e-05,0.00217344056
5673,1,2.1734405564e-05,0.00217344056
5674,2,4.3468811128e-05,0.00434688111
5677,1,2.1734405564e-05,0.00217344056
5678,1,2.1734405564e-05,0.00217344056
5680,1,2.1734405564e-05,0.00217344056
5683,1,2.1734405564e-05,0.00217344056
5686,2,4.3468811128e-05,0.00434688111
5687,1,2.1734405564e-05,0.00217344056
5689,1,2.1734405564e-05,0.00217344056
5695,1,2.1734405564e-05,0.00217344056
5697,1,2.1734405564e-05,0.00217344056
5702,1,2.1734405564e-05,0.00217344056
5703,1,2.1734405564e-05,0.00217344056
5709,1,2.1734405564e-05,0.00217344056
5711,1,2.1734405564e-05,0.00217344056
5712,1,2.1734405564e-05,0.00217344056
5713,1,2.1734405564e-05,0.00217344056
5725,1,2.1734405564e-05,0.00217344056
5728,1,2.1734405564e-05,0.00217344056
5747,1,2.1734405564e-05,0.00217344056
5749,1,2.1734405564e-05,0.00217344056
5754,1,2.1734405564e-05,0.00217344056
5762,1,2.1734405564e-05,0.00217344056
5763,1,2.1734405564e-05,0.00217344056
5777,1,2.1734405564e-05,0.00217344056
5781,1,2.1734405564e-05,0.00217344056
5795,1,2.1734405564e-05,0.00217344056
5799,1,2.1734405564e-05,0.00217344056
5802,1,2.1734405564e-05,0.00217344056
5810,1,2.1734405564e-05,0.00217344056
5812,1,2.1734405564e-05,0.00217344056
5816,1,2.1734405564e-05,0.00217344056
5817,1,2.1734405564e-05,0.00217344056
5823,1,2.1734405564e-05,0.00217344056
5824,1,2.1734405564e-05,0.00217344056
5826,1,2.1734405564e-05,0.00217344056
5829,1,2.1734405564e-05,0.00217344056
5833,1,2.1734405564e-05,0.00217344056
5836,1,2.1734405564e-05,0.00217344056
5839,1,2.1734405564e-05,0.00217344056
5841,2,4.3468811128e-05,0.00434688111
5844,1,2.1734405564e-05,0.00217344056
5848,1,2.1734405564e-05,0.00217344056
5851,11,0.000239078461204,0.0239078461
5855,2,4.3468811128e-05,0.00434688111
5858,1,2.1734405564e-05,0.00217344056
5861,1,2.1734405564e-05,0.00217344056
5866,1,2.1734405564e-05,0.00217344056
5867,1,2.1734405564e-05,0.00217344056
5871,1,2.1734405564e-05,0.00217344056
5875,2,4.3468811128e-05,0.00434688111
5876,1,2.1734405564e-05,0.00217344056
5880,1,2.1734405564e-05,0.00217344056
5885,3,6.5203216692e-05,0.00652032167
5891,2,4.3468811128e-05,0.00434688111
5894,1,2.1734405564e-05,0.00217344056
5896,2,4.3468811128e-05,0.00434688111
5901,1,2.1734405564e-05,0.00217344056
5902,1,2.1734405564e-05,0.00217344056
5905,1,2.1734405564e-05,0.00217344056
5907,1,2.1734405564e-05,0.00217344056
5908,1,2.1734405564e-05,0.00217344056
5915,1,2.1734405564e-05,0.00217344056
5926,1,2.1734405564e-05,0.00217344056
5940,1,2.1734405564e-05,0.00217344056
5943,1,2.1734405564e-05,0.00217344056
5954,1,2.1734405564e-05,0.00217344056
5955,1,2.1734405564e-05,0.00217344056
5965,1,2.1734405564e-05,0.00217344056
5973,1,2.1734405564e-05,0.00217344056
5974,1,2.1734405564e-05,0.00217344056
5976,1,2.1734405564e-05,0.00217344056
5984,1,2.1734405564e-05,0.00217344056
5985,1,2.1734405564e-05,0.00217344056
5994,1,2.1734405564e-05,0.00217344056
5996,1,2.1734405564e-05,0.00217344056
5998,1,2.1734405564e-05,0.00217344056
6002,1,2.1734405564e-05,0.00217344056
6004,2,4.3468811128e-05,0.00434688111
6006,1,2.1734405564e-05,0.00217344056
6013,1,2.1734405564e-05,0.00217344056
6015,2,4.3468811128e-05,0.00434688111
6017,1,2.1734405564e-05,0.00217344056
6024,1,2.1734405564e-05,0.00217344056
6027,1,2.1734405564e-05,0.00217344056
6032,1,2.1734405564e-05,0.00217344056
6039,1,2.1734405564e-05,0.00217344056
6040,1,2.1734405564e-05,0.00217344056
6045,2,4.3468811128e-05,0.00434688111
6047,1,2.1734405564e-05,0.00217344056
6048,1,2.1734405564e-05,0.00217344056
6049,1,2.1734405564e-05,0.00217344056
6051,1,2.1734405564e-05,0.00217344056
6052,1,2.1734405564e-05,0.00217344056
6053,1,2.1734405564e-05,0.00217344056
6055,1,2.1734405564e-05,0.00217344056
6056,1,2.1734405564e-05,0.00217344056
6058,1,2.1734405564e-05,0.00217344056
6059,1,2.1734405564e-05,0.00217344056
6062,2,4.3468811128e-05,0.00434688111
6063,1,2.1734405564e-05,0.00217344056
6070,1,2.1734405564e-05,0.00217344056
6074,1,2.1734405564e-05,0.00217344056
6079,1,2.1734405564e-05,0.00217344056
6080,1,2.1734405564e-05,0.00217344056
6081,2,4.3468811128e-05,0.00434688111
6084,1,2.1734405564e-05,0.00217344056
6085,1,2.1734405564e-05,0.00217344056
6087,2,4.3468811128e-05,0.00434688111
6088,1,2.1734405564e-05,0.00217344056
6090,1,2.1734405564e-05,0.00217344056
6092,1,2.1734405564e-05,0.00217344056
6093,1,2.1734405564e-05,0.00217344056
6095,1,2.1734405564e-05,0.00217344056
6097,2,4.3468811128e-05,0.00434688111
6098,1,2.1734405564e-05,0.00217344056
6099,1,2.1734405564e-05,0.00217344056
6106,1,2.1734405564e-05,0.00217344056
6107,1,2.1734405564e-05,0.00217344056
6110,1,2.1734405564e-05,0.00217344056
6112,1,2.1734405564e-05,0.00217344056
6114,2,4.3468811128e-05,0.00434688111
6118,1,2.1734405564e-05,0.00217344056
6125,1,2.1734405564e-05,0.00217344056
6127,2,4.3468811128e-05,0.00434688111
6130,1,2.1734405564e-05,0.00217344056
6131,1,2.1734405564e-05,0.00217344056
6133,1,2.1734405564e-05,0.00217344056
6136,1,2.1734405564e-05,0.00217344056
6140,1,2.1734405564e-05,0.00217344056
6143,2,4.3468811128e-05,0.00434688111
6145,1,2.1734405564e-05,0.00217344056
6146,1,2.1734405564e-05,0.00217344056
6148,3,6.5203216692e-05,0.00652032167
6150,1,2.1734405564e-05,0.00217344056
6151,1,2.1734405564e-05,0.00217344056
6152,1,2.1734405564e-05,0.00217344056
6154,1,2.1734405564e-05,0.00217344056
6155,2,4.3468811128e-05,0.00434688111
6158,1,2.1734405564e-05,0.00217344056
6161,1,2.1734405564e-05,0.00217344056
6162,1,2.1734405564e-05,0.00217344056
6163,1,2.1734405564e-05,0.00217344056
6166,1,2.1734405564e-05,0.00217344056
6167,1,2.1734405564e-05,0.00217344056
6168,1,2.1734405564e-05,0.00217344056
6171,3,6.5203216692e-05,0.00652032167
6172,1,2.1734405564e-05,0.00217344056
6173,2,4.3468811128e-05,0.00434688111
6178,1,2.1734405564e-05,0.00217344056
6181,2,4.3468811128e-05,0.00434688111
6183,2,4.3468811128e-05,0.00434688111
6184,2,4.3468811128e-05,0.00434688111
6187,2,4.3468811128e-05,0.00434688111
6188,1,2.1734405564e-05,0.00217344056
6189,1,2.1734405564e-05,0.00217344056
6190,1,2.1734405564e-05,0.00217344056
6194,1,2.1734405564e-05,0.00217344056
6198,1,2.1734405564e-05,0.00217344056
6199,1,2.1734405564e-05,0.00217344056
6201,2,4.3468811128e-05,0.00434688111
6209,2,4.3468811128e-05,0.00434688111
6210,2,4.3468811128e-05,0.00434688111
6211,1,2.1734405564e-05,0.00217344056
6215,1,2.1734405564e-05,0.00217344056
6217,2,4.3468811128e-05,0.00434688111
6219,1,2.1734405564e-05,0.00217344056
6221,1,2.1734405564e-05,0.00217344056
6226,1,2.1734405564e-05,0.00217344056
6230,4,8.6937622256e-05,0.00869376223
6231,1,2.1734405564e-05,0.00217344056
6234,2,4.3468811128e-05,0.00434688111
6235,1,2.1734405564e-05,0.00217344056
6237,1,2.1734405564e-05,0.00217344056
6238,1,2.1734405564e-05,0.00217344056
6240,1,2.1734405564e-05,0.00217344056
6241,1,2.1734405564e-05,0.00217344056
6242,1,2.1734405564e-05,0.00217344056
6243,3,6.5203216692e-05,0.00652032167
6244,1,2.1734405564e-05,0.00217344056
6245,1,2.1734405564e-05,0.00217344056
6246,1,2.1734405564e-05,0.00217344056
6247,2,4.3468811128e-05,0.00434688111
6249,1,2.1734405564e-05,0.00217344056
6250,1,2.1734405564e-05,0.00217344056
6252,4,8.6937622256e-05,0.00869376223
6253,2,4.3468811128e-05,0.00434688111
6256,1,2.1734405564e-05,0.00217344056
6259,1,2.1734405564e-05,0.00217344056
6265,1,2.1734405564e-05,0.00217344056
6266,1,2.1734405564e-05,0.00217344056
6275,1,2.1734405564e-05,0.00217344056
6281,1,2.1734405564e-05,0.00217344056
6285,1,2.1734405564e-05,0.00217344056
6286,2,4.3468811128e-05,0.00434688111
6287,1,2.1734405564e-05,0.00217344056
6291,1,2.1734405564e-05,0.00217344056
6293,1,2.1734405564e-05,0.00217344056
6298,1,2.1734405564e-05,0.00217344056
6301,2,4.3468811128e-05,0.00434688111
6305,1,2.1734405564e-05,0.00217344056
6309,1,2.1734405564e-05,0.00217344056
6313,2,4.3468811128e-05,0.00434688111
6319,1,2.1734405564e-05,0.00217344056
6320,2,4.3468811128e-05,0.00434688111
6323,1,2.1734405564e-05,0.00217344056
6324,1,2.1734405564e-05,0.00217344056
6325,1,2.1734405564e-05,0.00217344056
6326,1,2.1734405564e-05,0.00217344056
6328,1,2.1734405564e-05,0.00217344056
6330,2,4.3468811128e-05,0.00434688111
6331,1,2.1734405564e-05,0.00217344056
6341,1,2.1734405564e-05,0.00217344056
6342,2,4.3468811128e-05,0.00434688111
6345,1,2.1734405564e-05,0.00217344056
6346,1,2.1734405564e-05,0.00217344056
6347,1,2.1734405564e-05,0.00217344056
6348,1,2.1734405564e-05,0.00217344056
6350,1,2.1734405564e-05,0.00217344056
6356,2,4.3468811128e-05,0.00434688111
6358,1,2.1734405564e-05,0.00217344056
6360,1,2.1734405564e-05,0.00217344056
6362,2,4.3468811128e-05,0.00434688111
6366,1,2.1734405564e-05,0.00217344056
6369,2,4.3468811128e-05,0.00434688111
6378,1,2.1734405564e-05,0.00217344056
6379,1,2.1734405564e-05,0.00217344056
6381,2,4.3468811128e-05,0.00434688111
6382,1,2.1734405564e-05,0.00217344056
6389,1,2.1734405564e-05,0.00217344056
6390,1,2.1734405564e-05,0.00217344056
6391,1,2.1734405564e-05,0.00217344056
6393,1,2.1734405564e-05,0.00217344056
6397,1,2.1734405564e-05,0.00217344056
6406,1,2.1734405564e-05,0.00217344056
6409,1,2.1734405564e-05,0.00217344056
6417,1,2.1734405564e-05,0.00217344056
6419,1,2.1734405564e-05,0.00217344056
6420,1,2.1734405564e-05,0.00217344056
6429,1,2.1734405564e-05,0.00217344056
6436,1,2.1734405564e-05,0.00217344056
6438,1,2.1734405564e-05,0.00217344056
6440,2,4.3468811128e-05,0.00434688111
6441,1,2.1734405564e-05,0.00217344056
6444,1,2.1734405564e-05,0.00217344056
6448,1,2.1734405564e-05,0.00217344056
6453,1,2.1734405564e-05,0.00217344056
6454,1,2.1734405564e-05,0.00217344056
6459,1,2.1734405564e-05,0.00217344056
6462,1,2.1734405564e-05,0.00217344056
6464,1,2.1734405564e-05,0.00217344056
6467,1,2.1734405564e-05,0.00217344056
6468,2,4.3468811128e-05,0.00434688111
6474,1,2.1734405564e-05,0.00217344056
6477,2,4.3468811128e-05,0.00434688111
6483,1,2.1734405564e-05,0.00217344056
6496,1,2.1734405564e-05,0.00217344056
6515,1,2.1734405564e-05,0.00217344056
6520,1,2.1734405564e-05,0.00217344056
6524,2,4.3468811128e-05,0.00434688111
6527,1,2.1734405564e-05,0.00217344056
6529,3,6.5203216692e-05,0.00652032167
6537,1,2.1734405564e-05,0.00217344056
6543,1,2.1734405564e-05,0.00217344056
6544,1,2.1734405564e-05,0.00217344056
6545,1,2.1734405564e-05,0.00217344056
6547,1,2.1734405564e-05,0.00217344056
6548,1,2.1734405564e-05,0.00217344056
6549,1,2.1734405564e-05,0.00217344056
6554,2,4.3468811128e-05,0.00434688111
6555,1,2.1734405564e-05,0.00217344056
6556,2,4.3468811128e-05,0.00434688111
6562,1,2.1734405564e-05,0.00217344056
6568,2,4.3468811128e-05,0.00434688111
6569,1,2.1734405564e-05,0.00217344056
6570,1,2.1734405564e-05,0.00217344056
6585,2,4.3468811128e-05,0.00434688111
6588,1,2.1734405564e-05,0.00217344056
6590,2,4.3468811128e-05,0.00434688111
6594,1,2.1734405564e-05,0.00217344056
6595,2,4.3468811128e-05,0.00434688111
6599,2,4.3468811128e-05,0.00434688111
6600,1,2.1734405564e-05,0.00217344056
6604,2,4.3468811128e-05,0.00434688111
6607,1,2.1734405564e-05,0.00217344056
6608,1,2.1734405564e-05,0.00217344056
6613,1,2.1734405564e-05,0.00217344056
6618,1,2.1734405564e-05,0.00217344056
6624,1,2.1734405564e-05,0.00217344056
6628,1,2.1734405564e-05,0.00217344056
6629,1,2.1734405564e-05,0.00217344056
6630,1,2.1734405564e-05,0.00217344056
6631,1,2.1734405564e-05,0.00217344056
6637,2,4.3468811128e-05,0.00434688111
6643,1,2.1734405564e-05,0.00217344056
6644,1,2.1734405564e-05,0.00217344056
6648,2,4.3468811128e-05,0.00434688111
6652,1,2.1734405564e-05,0.00217344056
6657,1,2.1734405564e-05,0.00217344056
6659,1,2.1734405564e-05,0.00217344056
6667,1,2.1734405564e-05,0.00217344056
6669,1,2.1734405564e-05,0.00217344056
6673,2,4.3468811128e-05,0.00434688111
6677,1,2.1734405564e-05,0.00217344056
6680,1,2.1734405564e-05,0.00217344056
6682,1,2.1734405564e-05,0.00217344056
6685,1,2.1734405564e-05,0.00217344056
6689,1,2.1734405564e-05,0.00217344056
6690,1,2.1734405564e-05,0.00217344056
6694,2,4.3468811128e-05,0.00434688111
6705,1,2.1734405564e-05,0.00217344056
6706,1,2.1734405564e-05,0.00217344056
6715,1,2.1734405564e-05,0.00217344056
6718,1,2.1734405564e-05,0.00217344056
6720,1,2.1734405564e-05,0.00217344056
6724,1,2.1734405564e-05,0.00217344056
6726,1,2.1734405564e-05,0.00217344056
6729,1,2.1734405564e-05,0.00217344056
6732,1,2.1734405564e-05,0.00217344056
6733,1,2.1734405564e-05,0.00217344056
6739,1,2.1734405564e-05,0.00217344056
6741,1,2.1734405564e-05,0.00217344056
6755,1,2.1734405564e-05,0.00217344056
6759,2,4.3468811128e-05,0.00434688111
6763,1,2.1734405564e-05,0.00217344056
6764,1,2.1734405564e-05,0.00217344056
6767,1,2.1734405564e-05,0.00217344056
6768,1,2.1734405564e-05,0.00217344056
6769,1,2.1734405564e-05,0.00217344056
6774,1,2.1734405564e-05,0.00217344056
6775,4,8.6937622256e-05,0.00869376223
6776,1,2.1734405564e-05,0.00217344056
6787,2,4.3468811128e-05,0.00434688111
6790,2,4.3468811128e-05,0.00434688111
6793,1,2.1734405564e-05,0.00217344056
6798,1,2.1734405564e-05,0.00217344056
6801,1,2.1734405564e-05,0.00217344056
6803,1,2.1734405564e-05,0.00217344056
6804,1,2.1734405564e-05,0.00217344056
6812,2,4.3468811128e-05,0.00434688111
6813,1,2.1734405564e-05,0.00217344056
6818,1,2.1734405564e-05,0.00217344056
6826,1,2.1734405564e-05,0.00217344056
6835,1,2.1734405564e-05,0.00217344056
6838,1,2.1734405564e-05,0.00217344056
6842,1,2.1734405564e-05,0.00217344056
6844,1,2.1734405564e-05,0.00217344056
6848,1,2.1734405564e-05,0.00217344056
6850,1,2.1734405564e-05,0.00217344056
6851,1,2.1734405564e-05,0.00217344056
6852,2,4.3468811128e-05,0.00434688111
6853,2,4.3468811128e-05,0.00434688111
6855,2,4.3468811128e-05,0.00434688111
6856,2,4.3468811128e-05,0.00434688111
6857,1,2.1734405564e-05,0.00217344056
6858,3,6.5203216692e-05,0.00652032167
6859,1,2.1734405564e-05,0.00217344056
6860,1,2.1734405564e-05,0.00217344056
6861,2,4.3468811128e-05,0.00434688111
6862,3,6.5203216692e-05,0.00652032167
6863,2,4.3468811128e-05,0.00434688111
6864,3,6.5203216692e-05,0.00652032167
6865,2,4.3468811128e-05,0.00434688111
6866,1,2.1734405564e-05,0.00217344056
6867,4,8.6937622256e-05,0.00869376223
6870,1,2.1734405564e-05,0.00217344056
6871,1,2.1734405564e-05,0.00217344056
6872,1,2.1734405564e-05,0.00217344056
6874,1,2.1734405564e-05,0.00217344056
6875,3,6.5203216692e-05,0.00652032167
6876,2,4.3468811128e-05,0.00434688111
6877,1,2.1734405564e-05,0.00217344056
6878,2,4.3468811128e-05,0.00434688111
6879,1,2.1734405564e-05,0.00217344056
6881,4,8.6937622256e-05,0.00869376223
6882,3,6.5203216692e-05,0.00652032167
6883,2,4.3468811128e-05,0.00434688111
6884,4,8.6937622256e-05,0.00869376223
6885,1,2.1734405564e-05,0.00217344056
6886,4,8.6937622256e-05,0.00869376223
6887,2,4.3468811128e-05,0.00434688111
6888,3,6.5203216692e-05,0.00652032167
6890,1,2.1734405564e-05,0.00217344056
6891,1,2.1734405564e-05,0.00217344056
6892,3,6.5203216692e-05,0.00652032167
6893,1,2.1734405564e-05,0.00217344056
6895,1,2.1734405564e-05,0.00217344056
6898,1,2.1734405564e-05,0.00217344056
6899,3,6.5203216692e-05,0.00652032167
6901,2,4.3468811128e-05,0.00434688111
6903,1,2.1734405564e-05,0.00217344056
6904,2,4.3468811128e-05,0.00434688111
6905,3,6.5203216692e-05,0.00652032167
6906,1,2.1734405564e-05,0.00217344056
6908,2,4.3468811128e-05,0.00434688111
6909,3,6.5203216692e-05,0.00652032167
6910,2,4.3468811128e-05,0.00434688111
6912,1,2.1734405564e-05,0.00217344056
6913,2,4.3468811128e-05,0.00434688111
6915,2,4.3468811128e-05,0.00434688111
6918,1,2.1734405564e-05,0.00217344056
6919,1,2.1734405564e-05,0.00217344056
6921,2,4.3468811128e-05,0.00434688111
6929,1,2.1734405564e-05,0.00217344056
6930,1,2.1734405564e-05,0.00217344056
6932,1,2.1734405564e-05,0.00217344056
6936,2,4.3468811128e-05,0.00434688111
6939,1,2.1734405564e-05,0.00217344056
6941,1,2.1734405564e-05,0.00217344056
6945,1,2.1734405564e-05,0.00217344056
6947,1,2.1734405564e-05,0.00217344056
6948,3,6.5203216692e-05,0.00652032167
6950,1,2.1734405564e-05,0.00217344056
6952,1,2.1734405564e-05,0.00217344056
6959,1,2.1734405564e-05,0.00217344056
6966,1,2.1734405564e-05,0.00217344056
6968,1,2.1734405564e-05,0.00217344056
6971,1,2.1734405564e-05,0.00217344056
6984,1,2.1734405564e-05,0.00217344056
6991,1,2.1734405564e-05,0.00217344056
6993,1,2.1734405564e-05,0.00217344056
6995,1,2.1734405564e-05,0.00217344056
6996,2,4.3468811128e-05,0.00434688111
7001,1,2.1734405564e-05,0.00217344056
7008,1,2.1734405564e-05,0.00217344056
7009,1,2.1734405564e-05,0.00217344056
7014,2,4.3468811128e-05,0.00434688111
7015,2,4.3468811128e-05,0.00434688111
7017,1,2.1734405564e-05,0.00217344056
7019,2,4.3468811128e-05,0.00434688111
7022,1,2.1734405564e-05,0.00217344056
7025,1,2.1734405564e-05,0.00217344056
7027,1,2.1734405564e-05,0.00217344056
7032,1,2.1734405564e-05,0.00217344056
7035,1,2.1734405564e-05,0.00217344056
7036,1,2.1734405564e-05,0.00217344056
7038,1,2.1734405564e-05,0.00217344056
7050,1,2.1734405564e-05,0.00217344056
7051,1,2.1734405564e-05,0.00217344056
7053,1,2.1734405564e-05,0.00217344056
7057,1,2.1734405564e-05,0.00217344056
7059,1,2.1734405564e-05,0.00217344056
7067,1,2.1734405564e-05,0.00217344056
7069,2,4.3468811128e-05,0.00434688111
7070,1,2.1734405564e-05,0.00217344056
7076,1,2.1734405564e-05,0.00217344056
7080,1,2.1734405564e-05,0.00217344056
7083,1,2.1734405564e-05,0.00217344056
7087,2,4.3468811128e-05,0.00434688111
7088,1,2.1734405564e-05,0.00217344056
7089,2,4.3468811128e-05,0.00434688111
7090,1,2.1734405564e-05,0.00217344056
7092,1,2.1734405564e-05,0.00217344056
7093,1,2.1734405564e-05,0.00217344056
7095,1,2.1734405564e-05,0.00217344056
7096,2,4.3468811128e-05,0.00434688111
7098,1,2.1734405564e-05,0.00217344056
7099,1,2.1734405564e-05,0.00217344056
7100,1,2.1734405564e-05,0.00217344056
7101,1,2.1734405564e-05,0.00217344056
7102,3,6.5203216692e-05,0.00652032167
7104,1,2.1734405564e-05,0.00217344056
7107,2,4.3468811128e-05,0.00434688111
7109,1,2.1734405564e-05,0.00217344056
7111,3,6.5203216692e-05,0.00652032167
7115,1,2.1734405564e-05,0.00217344056
7116,1,2.1734405564e-05,0.00217344056
7118,2,4.3468811128e-05,0.00434688111
7119,1,2.1734405564e-05,0.00217344056
7121,2,4.3468811128e-05,0.00434688111
7122,1,2.1734405564e-05,0.00217344056
7123,1,2.1734405564e-05,0.00217344056
7124,1,2.1734405564e-05,0.00217344056
7125,1,2.1734405564e-05,0.00217344056
7129,1,2.1734405564e-05,0.00217344056
7130,1,2.1734405564e-05,0.00217344056
7136,2,4.3468811128e-05,0.00434688111
7139,1,2.1734405564e-05,0.00217344056
7140,1,2.1734405564e-05,0.00217344056
7141,1,2.1734405564e-05,0.00217344056
7149,1,2.1734405564e-05,0.00217344056
7150,1,2.1734405564e-05,0.00217344056
7154,3,6.5203216692e-05,0.00652032167
7155,1,2.1734405564e-05,0.00217344056
7156,1,2.1734405564e-05,0.00217344056
7164,1,2.1734405564e-05,0.00217344056
7168,1,2.1734405564e-05,0.00217344056
7169,1,2.1734405564e-05,0.00217344056
7172,2,4.3468811128e-05,0.00434688111
7180,1,2.1734405564e-05,0.00217344056
7182,2,4.3468811128e-05,0.00434688111
7183,1,2.1734405564e-05,0.00217344056
7185,1,2.1734405564e-05,0.00217344056
7186,1,2.1734405564e-05,0.00217344056
7188,1,2.1734405564e-05,0.00217344056
7196,2,4.3468811128e-05,0.00434688111
7197,1,2.1734405564e-05,0.00217344056
7201,1,2.1734405564e-05,0.00217344056
7208,1,2.1734405564e-05,0.00217344056
7212,1,2.1734405564e-05,0.00217344056
7213,1,2.1734405564e-05,0.00217344056
7214,1,2.1734405564e-05,0.00217344056
7220,1,2.1734405564e-05,0.00217344056
7223,1,2.1734405564e-05,0.00217344056
7225,2,4.3468811128e-05,0.00434688111
7226,1,2.1734405564e-05,0.00217344056
7231,1,2.1734405564e-05,0.00217344056
7234,1,2.1734405564e-05,0.00217344056
7249,1,2.1734405564e-05,0.00217344056
7251,1,2.1734405564e-05,0.00217344056
7261,1,2.1734405564e-05,0.00217344056
7262,1,2.1734405564e-05,0.00217344056
7263,1,2.1734405564e-05,0.00217344056
7264,1,2.1734405564e-05,0.00217344056
7267,1,2.1734405564e-05,0.00217344056
7271,1,2.1734405564e-05,0.00217344056
7280,1,2.1734405564e-05,0.00217344056
7282,1,2.1734405564e-05,0.00217344056
7293,1,2.1734405564e-05,0.00217344056
7301,1,2.1734405564e-05,0.00217344056
7305,1,2.1734405564e-05,0.00217344056
7309,1,2.1734405564e-05,0.00217344056
7311,1,2.1734405564e-05,0.00217344056
7313,1,2.1734405564e-05,0.00217344056
7315,1,2.1734405564e-05,0.00217344056
7345,1,2.1734405564e-05,0.00217344056
7354,1,2.1734405564e-05,0.00217344056
7360,1,2.1734405564e-05,0.00217344056
7364,1,2.1734405564e-05,0.00217344056
7369,1,2.1734405564e-05,0.00217344056
7371,1,2.1734405564e-05,0.00217344056
7372,1,2.1734405564e-05,0.00217344056
7378,1,2.1734405564e-05,0.00217344056
7386,1,2.1734405564e-05,0.00217344056
7388,1,2.1734405564e-05,0.00217344056
7389,1,2.1734405564e-05,0.00217344056
7393,1,2.1734405564e-05,0.00217344056
7394,2,4.3468811128e-05,0.00434688111
7421,2,4.3468811128e-05,0.00434688111
7423,1,2.1734405564e-05,0.00217344056
7428,1,2.1734405564e-05,0.00217344056
7437,1,2.1734405564e-05,0.00217344056
7470,1,2.1734405564e-05,0.00217344056
7474,1,2.1734405564e-05,0.00217344056
7503,1,2.1734405564e-05,0.00217344056
7509,1,2.1734405564e-05,0.00217344056
7510,1,2.1734405564e-05,0.00217344056
7512,1,2.1734405564e-05,0.00217344056
7515,1,2.1734405564e-05,0.00217344056
7517,1,2.1734405564e-05,0.00217344056
7520,1,2.1734405564e-05,0.00217344056
7526,1,2.1734405564e-05,0.00217344056
7530,1,2.1734405564e-05,0.00217344056
7531,1,2.1734405564e-05,0.00217344056
7542,1,2.1734405564e-05,0.00217344056
7544,1,2.1734405564e-05,0.00217344056
7546,1,2.1734405564e-05,0.00217344056
7548,3,6.5203216692e-05,0.00652032167
7550,2,4.3468811128e-05,0.00434688111
7557,1,2.1734405564e-05,0.00217344056
7564,2,4.3468811128e-05,0.00434688111
7567,1,2.1734405564e-05,0.00217344056
7571,1,2.1734405564e-05,0.00217344056
7573,2,4.3468811128e-05,0.00434688111
7590,2,4.3468811128e-05,0.00434688111
7593,3,6.5203216692e-05,0.00652032167
7600,1,2.1734405564e-05,0.00217344056
7601,1,2.1734405564e-05,0.00217344056
7609,1,2.1734405564e-05,0.00217344056
7621,1,2.1734405564e-05,0.00217344056
7623,1,2.1734405564e-05,0.00217344056
7626,1,2.1734405564e-05,0.00217344056
7627,2,4.3468811128e-05,0.00434688111
7635,1,2.1734405564e-05,0.00217344056
7645,1,2.1734405564e-05,0.00217344056
7648,1,2.1734405564e-05,0.00217344056
7657,1,2.1734405564e-05,0.00217344056
7662,3,6.5203216692e-05,0.00652032167
7663,1,2.1734405564e-05,0.00217344056
7665,1,2.1734405564e-05,0.00217344056
7666,1,2.1734405564e-05,0.00217344056
7668,1,2.1734405564e-05,0.00217344056
7671,1,2.1734405564e-05,0.00217344056
7675,1,2.1734405564e-05,0.00217344056
7678,1,2.1734405564e-05,0.00217344056
7680,1,2.1734405564e-05,0.00217344056
7682,1,2.1734405564e-05,0.00217344056
7687,1,2.1734405564e-05,0.00217344056
7688,1,2.1734405564e-05,0.00217344056
7689,1,2.1734405564e-05,0.00217344056
7693,1,2.1734405564e-05,0.00217344056
7696,1,2.1734405564e-05,0.00217344056
7697,1,2.1734405564e-05,0.00217344056
7698,1,2.1734405564e-05,0.00217344056
7712,2,4.3468811128e-05,0.00434688111
7713,1,2.1734405564e-05,0.00217344056
7719,1,2.1734405564e-05,0.00217344056
7721,1,2.1734405564e-05,0.00217344056
7742,2,4.3468811128e-05,0.00434688111
7746,1,2.1734405564e-05,0.00217344056
7747,1,2.1734405564e-05,0.00217344056
7753,1,2.1734405564e-05,0.00217344056
7754,2,4.3468811128e-05,0.00434688111
7756,1,2.1734405564e-05,0.00217344056
7758,1,2.1734405564e-05,0.00217344056
7764,2,4.3468811128e-05,0.00434688111
7765,1,2.1734405564e-05,0.00217344056
7788,2,4.3468811128e-05,0.00434688111
7791,1,2.1734405564e-05,0.00217344056
7796,1,2.1734405564e-05,0.00217344056
7797,1,2.1734405564e-05,0.00217344056
7799,1,2.1734405564e-05,0.00217344056
7800,1,2.1734405564e-05,0.00217344056
7821,1,2.1734405564e-05,0.00217344056
7826,2,4.3468811128e-05,0.00434688111
7836,1,2.1734405564e-05,0.00217344056
7841,1,2.1734405564e-05,0.00217344056
7856,1,2.1734405564e-05,0.00217344056
7860,1,2.1734405564e-05,0.00217344056
7866,1,2.1734405564e-05,0.00217344056
7871,1,2.1734405564e-05,0.00217344056
7873,1,2.1734405564e-05,0.00217344056
7875,1,2.1734405564e-05,0.00217344056
7880,1,2.1734405564e-05,0.00217344056
7881,1,2.1734405564e-05,0.00217344056
7889,2,4.3468811128e-05,0.00434688111
7912,2,4.3468811128e-05,0.00434688111
7914,1,2.1734405564e-05,0.00217344056
7922,1,2.1734405564e-05,0.00217344056
7928,1,2.1734405564e-05,0.00217344056
7929,1,2.1734405564e-05,0.00217344056
7930,1,2.1734405564e-05,0.00217344056
7932,1,2.1734405564e-05,0.00217344056
7934,1,2.1734405564e-05,0.00217344056
7938,1,2.1734405564e-05,0.00217344056
7939,2,4.3468811128e-05,0.00434688111
7944,2,4.3468811128e-05,0.00434688111
7945,2,4.3468811128e-05,0.00434688111
7948,1,2.1734405564e-05,0.00217344056
7953,1,2.1734405564e-05,0.00217344056
7957,1,2.1734405564e-05,0.00217344056
7960,1,2.1734405564e-05,0.00217344056
7961,1,2.1734405564e-05,0.00217344056
7971,1,2.1734405564e-05,0.00217344056
7977,1,2.1734405564e-05,0.00217344056
7983,1,2.1734405564e-05,0.00217344056
7985,1,2.1734405564e-05,0.00217344056
7987,1,2.1734405564e-05,0.00217344056
7992,1,2.1734405564e-05,0.00217344056
7997,2,4.3468811128e-05,0.00434688111
7998,1,2.1734405564e-05,0.00217344056
8001,1,2.1734405564e-05,0.00217344056
8003,1,2.1734405564e-05,0.00217344056
8005,1,2.1734405564e-05,0.00217344056
8006,1,2.1734405564e-05,0.00217344056
8009,1,2.1734405564e-05,0.00217344056
8010,2,4.3468811128e-05,0.00434688111
8012,1,2.1734405564e-05,0.00217344056
8013,3,6.5203216692e-05,0.00652032167
8015,3,6.5203216692e-05,0.00652032167
8016,1,2.1734405564e-05,0.00217344056
8020,1,2.1734405564e-05,0.00217344056
8027,1,2.1734405564e-05,0.00217344056
8028,1,2.1734405564e-05,0.00217344056
8029,1,2.1734405564e-05,0.00217344056
8043,1,2.1734405564e-05,0.00217344056
8051,1,2.1734405564e-05,0.00217344056
8068,1,2.1734405564e-05,0.00217344056
8074,1,2.1734405564e-05,0.00217344056
8075,1,2.1734405564e-05,0.00217344056
8076,1,2.1734405564e-05,0.00217344056
8079,1,2.1734405564e-05,0.00217344056
8085,1,2.1734405564e-05,0.00217344056
8101,1,2.1734405564e-05,0.00217344056
8103,2,4.3468811128e-05,0.00434688111
8104,2,4.3468811128e-05,0.00434688111
8105,1,2.1734405564e-05,0.00217344056
8106,1,2.1734405564e-05,0.00217344056
8107,2,4.3468811128e-05,0.00434688111
8109,1,2.1734405564e-05,0.00217344056
8111,1,2.1734405564e-05,0.00217344056
8113,2,4.3468811128e-05,0.00434688111
8114,1,2.1734405564e-05,0.00217344056
8115,2,4.3468811128e-05,0.00434688111
8116,1,2.1734405564e-05,0.00217344056
8125,1,2.1734405564e-05,0.00217344056
8126,1,2.1734405564e-05,0.00217344056
8128,3,6.5203216692e-05,0.00652032167
8130,2,4.3468811128e-05,0.00434688111
8132,2,4.3468811128e-05,0.00434688111
8139,1,2.1734405564e-05,0.00217344056
8140,1,2.1734405564e-05,0.00217344056
8144,1,2.1734405564e-05,0.00217344056
8150,1,2.1734405564e-05,0.00217344056
8157,1,2.1734405564e-05,0.00217344056
8158,1,2.1734405564e-05,0.00217344056
8159,1,2.1734405564e-05,0.00217344056
8163,1,2.1734405564e-05,0.00217344056
8164,1,2.1734405564e-05,0.00217344056
8165,1,2.1734405564e-05,0.00217344056
8167,1,2.1734405564e-05,0.00217344056
8174,1,2.1734405564e-05,0.00217344056
8176,1,2.1734405564e-05,0.00217344056
8177,1,2.1734405564e-05,0.00217344056
8184,1,2.1734405564e-05,0.00217344056
8188,1,2.1734405564e-05,0.00217344056
8192,596,0.0129537057161,1.29537057
8200,1,2.1734405564e-05,0.00217344056
8203,1,2.1734405564e-05,0.00217344056
8205,1,2.1734405564e-05,0.00217344056
8211,2,4.3468811128e-05,0.00434688111
8229,1,2.1734405564e-05,0.00217344056
8231,1,2.1734405564e-05,0.00217344056
8233,1,2.1734405564e-05,0.00217344056
8238,1,2.1734405564e-05,0.00217344056
8248,1,2.1734405564e-05,0.00217344056
8255,1,2.1734405564e-05,0.00217344056
8257,1,2.1734405564e-05,0.00217344056
8258,2,4.3468811128e-05,0.00434688111
8261,2,4.3468811128e-05,0.00434688111
8264,1,2.1734405564e-05,0.00217344056
8271,2,4.3468811128e-05,0.00434688111
8273,1,2.1734405564e-05,0.00217344056
8274,1,2.1734405564e-05,0.00217344056
8279,1,2.1734405564e-05,0.00217344056
8283,1,2.1734405564e-05,0.00217344056
8288,1,2.1734405564e-05,0.00217344056
8290,1,2.1734405564e-05,0.00217344056
8293,1,2.1734405564e-05,0.00217344056
8295,1,2.1734405564e-05,0.00217344056
8298,1,2.1734405564e-05,0.00217344056
8301,1,2.1734405564e-05,0.00217344056
8303,1,2.1734405564e-05,0.00217344056
8305,1,2.1734405564e-05,0.00217344056
8310,1,2.1734405564e-05,0.00217344056
8313,1,2.1734405564e-05,0.00217344056
8319,1,2.1734405564e-05,0.00217344056
8324,1,2.1734405564e-05,0.00217344056
8327,1,2.1734405564e-05,0.00217344056
8328,1,2.1734405564e-05,0.00217344056
8329,1,2.1734405564e-05,0.00217344056
8332,1,2.1734405564e-05,0.00217344056
8336,1,2.1734405564e-05,0.00217344056
8340,1,2.1734405564e-05,0.00217344056
8352,1,2.1734405564e-05,0.00217344056
8353,1,2.1734405564e-05,0.00217344056
8355,1,2.1734405564e-05,0.00217344056
8359,1,2.1734405564e-05,0.00217344056
8360,2,4.3468811128e-05,0.00434688111
8362,1,2.1734405564e-05,0.00217344056
8367,2,4.3468811128e-05,0.00434688111
8370,1,2.1734405564e-05,0.00217344056
8376,1,2.1734405564e-05,0.00217344056
8377,2,4.3468811128e-05,0.00434688111
8378,1,2.1734405564e-05,0.00217344056
8379,1,2.1734405564e-05,0.00217344056
8380,1,2.1734405564e-05,0.00217344056
8383,1,2.1734405564e-05,0.00217344056
8384,1,2.1734405564e-05,0.00217344056
8386,2,4.3468811128e-05,0.00434688111
8391,1,2.1734405564e-05,0.00217344056
8392,1,2.1734405564e-05,0.00217344056
8393,1,2.1734405564e-05,0.00217344056
8398,1,2.1734405564e-05,0.00217344056
8403,1,2.1734405564e-05,0.00217344056
8435,1,2.1734405564e-05,0.00217344056
8446,1,2.1734405564e-05,0.00217344056
8450,1,2.1734405564e-05,0.00217344056
8451,1,2.1734405564e-05,0.00217344056
8455,1,2.1734405564e-05,0.00217344056
8458,1,2.1734405564e-05,0.00217344056
8460,1,2.1734405564e-05,0.00217344056
8462,1,2.1734405564e-05,0.00217344056
8463,3,6.5203216692e-05,0.00652032167
8464,1,2.1734405564e-05,0.00217344056
8468,1,2.1734405564e-05,0.00217344056
8469,1,2.1734405564e-05,0.00217344056
8471,1,2.1734405564e-05,0.00217344056
8487,1,2.1734405564e-05,0.00217344056
8492,1,2.1734405564e-05,0.00217344056
8493,1,2.1734405564e-05,0.00217344056
8498,2,4.3468811128e-05,0.00434688111
8500,3,6.5203216692e-05,0.00652032167
8502,2,4.3468811128e-05,0.00434688111
8503,2,4.3468811128e-05,0.00434688111
8506,1,2.1734405564e-05,0.00217344056
8509,1,2.1734405564e-05,0.00217344056
8511,1,2.1734405564e-05,0.00217344056
8513,1,2.1734405564e-05,0.00217344056
8515,1,2.1734405564e-05,0.00217344056
8517,2,4.3468811128e-05,0.00434688111
8518,1,2.1734405564e-05,0.00217344056
8519,1,2.1734405564e-05,0.00217344056
8520,1,2.1734405564e-05,0.00217344056
8525,1,2.1734405564e-05,0.00217344056
8526,1,2.1734405564e-05,0.00217344056
8529,1,2.1734405564e-05,0.00217344056
8530,1,2.1734405564e-05,0.00217344056
8531,2,4.3468811128e-05,0.00434688111
8533,1,2.1734405564e-05,0.00217344056
8537,1,2.1734405564e-05,0.00217344056
8540,1,2.1734405564e-05,0.00217344056
8541,1,2.1734405564e-05,0.00217344056
8544,1,2.1734405564e-05,0.00217344056
8546,1,2.1734405564e-05,0.00217344056
8547,2,4.3468811128e-05,0.00434688111
8550,2,4.3468811128e-05,0.00434688111
8551,1,2.1734405564e-05,0.00217344056
8553,1,2.1734405564e-05,0.00217344056
8559,1,2.1734405564e-05,0.00217344056
8563,1,2.1734405564e-05,0.00217344056
8567,1,2.1734405564e-05,0.00217344056
8571,1,2.1734405564e-05,0.00217344056
8578,1,2.1734405564e-05,0.00217344056
8590,1,2.1734405564e-05,0.00217344056
8600,1,2.1734405564e-05,0.00217344056
8619,1,2.1734405564e-05,0.00217344056
8623,1,2.1734405564e-05,0.00217344056
8629,1,2.1734405564e-05,0.00217344056
8630,1,2.1734405564e-05,0.00217344056
8640,1,2.1734405564e-05,0.00217344056
8645,1,2.1734405564e-05,0.00217344056
8654,1,2.1734405564e-05,0.00217344056
8656,1,2.1734405564e-05,0.00217344056
8657,1,2.1734405564e-05,0.00217344056
8659,1,2.1734405564e-05,0.00217344056
8661,1,2.1734405564e-05,0.00217344056
8673,1,2.1734405564e-05,0.00217344056
8676,1,2.1734405564e-05,0.00217344056
8681,2,4.3468811128e-05,0.00434688111
8683,1,2.1734405564e-05,0.00217344056
8684,1,2.1734405564e-05,0.00217344056
8687,1,2.1734405564e-05,0.00217344056
8698,1,2.1734405564e-05,0.00217344056
8700,1,2.1734405564e-05,0.00217344056
8712,1,2.1734405564e-05,0.00217344056
8716,1,2.1734405564e-05,0.00217344056
8727,1,2.1734405564e-05,0.00217344056
8734,1,2.1734405564e-05,0.00217344056
8771,1,2.1734405564e-05,0.00217344056
8774,1,2.1734405564e-05,0.00217344056
8800,1,2.1734405564e-05,0.00217344056
8813,1,2.1734405564e-05,0.00217344056
8831,1,2.1734405564e-05,0.00217344056
8837,1,2.1734405564e-05,0.00217344056
8841,1,2.1734405564e-05,0.00217344056
8845,1,2.1734405564e-05,0.00217344056
8846,2,4.3468811128e-05,0.00434688111
8856,1,2.1734405564e-05,0.00217344056
8861,1,2.1734405564e-05,0.00217344056
8863,1,2.1734405564e-05,0.00217344056
8869,1,2.1734405564e-05,0.00217344056
8871,1,2.1734405564e-05,0.00217344056
8874,1,2.1734405564e-05,0.00217344056
8882,1,2.1734405564e-05,0.00217344056
8902,2,4.3468811128e-05,0.00434688111
8912,1,2.1734405564e-05,0.00217344056
8920,1,2.1734405564e-05,0.00217344056
8929,1,2.1734405564e-05,0.00217344056
8930,1,2.1734405564e-05,0.00217344056
8931,1,2.1734405564e-05,0.00217344056
8932,1,2.1734405564e-05,0.00217344056
8938,1,2.1734405564e-05,0.00217344056
8946,1,2.1734405564e-05,0.00217344056
8949,1,2.1734405564e-05,0.00217344056
8950,1,2.1734405564e-05,0.00217344056
8964,1,2.1734405564e-05,0.00217344056
8965,1,2.1734405564e-05,0.00217344056
8973,1,2.1734405564e-05,0.00217344056
8986,1,2.1734405564e-05,0.00217344056
8991,1,2.1734405564e-05,0.00217344056
9002,1,2.1734405564e-05,0.00217344056
9006,1,2.1734405564e-05,0.00217344056
9007,1,2.1734405564e-05,0.00217344056
9008,1,2.1734405564e-05,0.00217344056
9012,1,2.1734405564e-05,0.00217344056
9015,1,2.1734405564e-05,0.00217344056
9021,1,2.1734405564e-05,0.00217344056
9024,1,2.1734405564e-05,0.00217344056
9025,1,2.1734405564e-05,0.00217344056
9031,1,2.1734405564e-05,0.00217344056
9033,1,2.1734405564e-05,0.00217344056
9039,1,2.1734405564e-05,0.00217344056
9041,1,2.1734405564e-05,0.00217344056
9042,1,2.1734405564e-05,0.00217344056
9044,1,2.1734405564e-05,0.00217344056
9062,1,2.1734405564e-05,0.00217344056
9071,1,2.1734405564e-05,0.00217344056
9079,1,2.1734405564e-05,0.00217344056
9095,1,2.1734405564e-05,0.00217344056
9097,2,4.3468811128e-05,0.00434688111
9098,1,2.1734405564e-05,0.00217344056
9104,1,2.1734405564e-05,0.00217344056
9111,1,2.1734405564e-05,0.00217344056
9122,1,2.1734405564e-05,0.00217344056
9134,1,2.1734405564e-05,0.00217344056
9144,1,2.1734405564e-05,0.00217344056
9148,1,2.1734405564e-05,0.00217344056
9160,1,2.1734405564e-05,0.00217344056
9163,1,2.1734405564e-05,0.00217344056
9165,1,2.1734405564e-05,0.00217344056
9167,1,2.1734405564e-05,0.00217344056
9169,1,2.1734405564e-05,0.00217344056
9178,1,2.1734405564e-05,0.00217344056
9180,1,2.1734405564e-05,0.00217344056
9189,1,2.1734405564e-05,0.00217344056
9192,1,2.1734405564e-05,0.00217344056
9193,1,2.1734405564e-05,0.00217344056
9194,1,2.1734405564e-05,0.00217344056
9195,1,2.1734405564e-05,0.00217344056
9203,1,2.1734405564e-05,0.00217344056
9204,1,2.1734405564e-05,0.00217344056
9205,1,2.1734405564e-05,0.00217344056
9207,1,2.1734405564e-05,0.00217344056
9216,1,2.1734405564e-05,0.00217344056
9218,2,4.3468811128e-05,0.00434688111
9220,1,2.1734405564e-05,0.00217344056
9224,1,2.1734405564e-05,0.00217344056
9226,1,2.1734405564e-05,0.00217344056
9228,1,2.1734405564e-05,0.00217344056
9230,1,2.1734405564e-05,0.00217344056
9231,1,2.1734405564e-05,0.00217344056
9233,2,4.3468811128e-05,0.00434688111
9235,1,2.1734405564e-05,0.00217344056
9236,1,2.1734405564e-05,0.00217344056
9237,1,2.1734405564e-05,0.00217344056
9240,1,2.1734405564e-05,0.00217344056
9242,1,2.1734405564e-05,0.00217344056
9243,1,2.1734405564e-05,0.00217344056
9245,2,4.3468811128e-05,0.00434688111
9246,2,4.3468811128e-05,0.00434688111
9248,1,2.1734405564e-05,0.00217344056
9249,1,2.1734405564e-05,0.00217344056
9253,1,2.1734405564e-05,0.00217344056
9256,1,2.1734405564e-05,0.00217344056
9263,1,2.1734405564e-05,0.00217344056
9271,1,2.1734405564e-05,0.00217344056
9273,1,2.1734405564e-05,0.00217344056
9276,1,2.1734405564e-05,0.00217344056
9285,1,2.1734405564e-05,0.00217344056
9330,1,2.1734405564e-05,0.00217344056
9340,1,2.1734405564e-05,0.00217344056
9344,1,2.1734405564e-05,0.00217344056
9350,3,6.5203216692e-05,0.00652032167
9351,2,4.3468811128e-05,0.00434688111
9353,1,2.1734405564e-05,0.00217344056
9354,1,2.1734405564e-05,0.00217344056
9356,1,2.1734405564e-05,0.00217344056
9358,1,2.1734405564e-05,0.00217344056
9366,1,2.1734405564e-05,0.00217344056
9369,2,4.3468811128e-05,0.00434688111
9370,1,2.1734405564e-05,0.00217344056
9372,1,2.1734405564e-05,0.00217344056
9375,1,2.1734405564e-05,0.00217344056
9378,1,2.1734405564e-05,0.00217344056
9380,1,2.1734405564e-05,0.00217344056
9393,1,2.1734405564e-05,0.00217344056
9398,1,2.1734405564e-05,0.00217344056
9399,1,2.1734405564e-05,0.00217344056
9416,1,2.1734405564e-05,0.00217344056
9429,1,2.1734405564e-05,0.00217344056
9432,1,2.1734405564e-05,0.00217344056
9442,1,2.1734405564e-05,0.00217344056
9444,1,2.1734405564e-05,0.00217344056
9447,1,2.1734405564e-05,0.00217344056
9448,2,4.3468811128e-05,0.00434688111
9449,1,2.1734405564e-05,0.00217344056
9451,1,2.1734405564e-05,0.00217344056
9470,1,2.1734405564e-05,0.00217344056
9479,1,2.1734405564e-05,0.00217344056
9485,1,2.1734405564e-05,0.00217344056
9487,2,4.3468811128e-05,0.00434688111
9488,1,2.1734405564e-05,0.00217344056
9490,2,4.3468811128e-05,0.00434688111
9493,1,2.1734405564e-05,0.00217344056
9497,1,2.1734405564e-05,0.00217344056
9500,1,2.1734405564e-05,0.00217344056
9501,1,2.1734405564e-05,0.00217344056
9504,1,2.1734405564e-05,0.00217344056
9509,1,2.1734405564e-05,0.00217344056
9518,1,2.1734405564e-05,0.00217344056
9524,1,2.1734405564e-05,0.00217344056
9526,1,2.1734405564e-05,0.00217344056
9530,1,2.1734405564e-05,0.00217344056
9534,1,2.1734405564e-05,0.00217344056
9551,1,2.1734405564e-05,0.00217344056
9554,1,2.1734405564e-05,0.00217344056
9582,1,2.1734405564e-05,0.00217344056
9586,1,2.1734405564e-05,0.00217344056
9600,1,2.1734405564e-05,0.00217344056
9615,2,4.3468811128e-05,0.00434688111
9629,1,2.1734405564e-05,0.00217344056
9638,1,2.1734405564e-05,0.00217344056
9641,1,2.1734405564e-05,0.00217344056
9643,1,2.1734405564e-05,0.00217344056
9647,1,2.1734405564e-05,0.00217344056
9649,1,2.1734405564e-05,0.00217344056
9664,1,2.1734405564e-05,0.00217344056
9667,1,2.1734405564e-05,0.00217344056
9668,1,2.1734405564e-05,0.00217344056
9675,1,2.1734405564e-05,0.00217344056
9683,1,2.1734405564e-05,0.00217344056
9689,1,2.1734405564e-05,0.00217344056
9693,1,2.1734405564e-05,0.00217344056
9694,1,2.1734405564e-05,0.00217344056
9702,1,2.1734405564e-05,0.00217344056
9734,1,2.1734405564e-05,0.00217344056
9740,1,2.1734405564e-05,0.00217344056
9742,1,2.1734405564e-05,0.00217344056
9765,1,2.1734405564e-05,0.00217344056
9770,1,2.1734405564e-05,0.00217344056
9792,1,2.1734405564e-05,0.00217344056
9823,1,2.1734405564e-05,0.00217344056
9827,1,2.1734405564e-05,0.00217344056
9837,1,2.1734405564e-05,0.00217344056
9847,1,2.1734405564e-05,0.00217344056
9876,1,2.1734405564e-05,0.00217344056
9881,1,2.1734405564e-05,0.00217344056
9888,1,2.1734405564e-05,0.00217344056
9894,1,2.1734405564e-05,0.00217344056
9900,1,2.1734405564e-05,0.00217344056
9901,1,2.1734405564e-05,0.00217344056
9903,1,2.1734405564e-05,0.00217344056
9904,1,2.1734405564e-05,0.00217344056
9907,1,2.1734405564e-05,0.00217344056
9919,1,2.1734405564e-05,0.00217344056
9920,1,2.1734405564e-05,0.00217344056
9927,1,2.1734405564e-05,0.00217344056
9934,1,2.1734405564e-05,0.00217344056
9945,1,2.1734405564e-05,0.00217344056
9961,1,2.1734405564e-05,0.00217344056
9968,1,2.1734405564e-05,0.00217344056
9981,1,2.1734405564e-05,0.00217344056
9988,1,2.1734405564e-05,0.00217344056
9999,1,2.1734405564e-05,0.00217344056
10007,1,2.1734405564e-05,0.00217344056
10023,1,2.1734405564e-05,0.00217344056
10027,1,2.1734405564e-05,0.00217344056
10052,2,4.3468811128e-05,0.00434688111
10089,1,2.1734405564e-05,0.00217344056
10119,1,2.1734405564e-05,0.00217344056
10126,1,2.1734405564e-05,0.00217344056
10146,1,2.1734405564e-05,0.00217344056
10152,1,2.1734405564e-05,0.00217344056
10153,1,2.1734405564e-05,0.00217344056
10155,1,2.1734405564e-05,0.00217344056
10157,2,4.3468811128e-05,0.00434688111
10160,1,2.1734405564e-05,0.00217344056
10161,1,2.1734405564e-05,0.00217344056
10163,2,4.3468811128e-05,0.00434688111
10169,1,2.1734405564e-05,0.00217344056
10191,1,2.1734405564e-05,0.00217344056
10200,1,2.1734405564e-05,0.00217344056
10202,1,2.1734405564e-05,0.00217344056
10229,1,2.1734405564e-05,0.00217344056
10234,1,2.1734405564e-05,0.00217344056
10235,2,4.3468811128e-05,0.00434688111
10236,5,0.00010867202782,0.0108672028
10237,3,6.5203216692e-05,0.00652032167
10240,192,0.00417300586829,0.417300587
10244,1,2.1734405564e-05,0.00217344056
10253,1,2.1734405564e-05,0.00217344056
10260,1,2.1734405564e-05,0.00217344056
10279,1,2.1734405564e-05,0.00217344056
10293,1,2.1734405564e-05,0.00217344056
10310,1,2.1734405564e-05,0.00217344056
10324,1,2.1734405564e-05,0.00217344056
10335,1,2.1734405564e-05,0.00217344056
10336,2,4.3468811128e-05,0.00434688111
10337,2,4.3468811128e-05,0.00434688111
10338,1,2.1734405564e-05,0.00217344056
10340,1,2.1734405564e-05,0.00217344056
10341,2,4.3468811128e-05,0.00434688111
10342,1,2.1734405564e-05,0.00217344056
10344,1,2.1734405564e-05,0.00217344056
10350,1,2.1734405564e-05,0.00217344056
10353,1,2.1734405564e-05,0.00217344056
10356,1,2.1734405564e-05,0.00217344056
10359,1,2.1734405564e-05,0.00217344056
10360,2,4.3468811128e-05,0.00434688111
10363,1,2.1734405564e-05,0.00217344056
10364,1,2.1734405564e-05,0.00217344056
10365,2,4.3468811128e-05,0.00434688111
10368,1,2.1734405564e-05,0.00217344056
10369,1,2.1734405564e-05,0.00217344056
10370,2,4.3468811128e-05,0.00434688111
10372,2,4.3468811128e-05,0.00434688111
10378,1,2.1734405564e-05,0.00217344056
10381,1,2.1734405564e-05,0.00217344056
10384,2,4.3468811128e-05,0.00434688111
10385,1,2.1734405564e-05,0.00217344056
10386,1,2.1734405564e-05,0.00217344056
10389,1,2.1734405564e-05,0.00217344056
10392,1,2.1734405564e-05,0.00217344056
10396,1,2.1734405564e-05,0.00217344056
10402,1,2.1734405564e-05,0.00217344056
10403,1,2.1734405564e-05,0.00217344056
10405,1,2.1734405564e-05,0.00217344056
10407,1,2.1734405564e-05,0.00217344056
10408,1,2.1734405564e-05,0.00217344056
10411,1,2.1734405564e-05,0.00217344056
10412,2,4.3468811128e-05,0.00434688111
10413,1,2.1734405564e-05,0.00217344056
10414,2,4.3468811128e-05,0.00434688111
10416,1,2.1734405564e-05,0.00217344056
10418,1,2.1734405564e-05,0.00217344056
10419,2,4.3468811128e-05,0.00434688111
10422,1,2.1734405564e-05,0.00217344056
10425,1,2.1734405564e-05,0.00217344056
10430,1,2.1734405564e-05,0.00217344056
10431,1,2.1734405564e-05,0.00217344056
10432,1,2.1734405564e-05,0.00217344056
10434,2,4.3468811128e-05,0.00434688111
10438,1,2.1734405564e-05,0.00217344056
10443,1,2.1734405564e-05,0.00217344056
10444,3,6.5203216692e-05,0.00652032167
10447,2,4.3468811128e-05,0.00434688111
10448,1,2.1734405564e-05,0.00217344056
10449,1,2.1734405564e-05,0.00217344056
10450,1,2.1734405564e-05,0.00217344056
10452,1,2.1734405564e-05,0.00217344056
10453,1,2.1734405564e-05,0.00217344056
10454,1,2.1734405564e-05,0.00217344056
10456,1,2.1734405564e-05,0.00217344056
10460,2,4.3468811128e-05,0.00434688111
10469,2,4.3468811128e-05,0.00434688111
10470,1,2.1734405564e-05,0.00217344056
10472,1,2.1734405564e-05,0.00217344056
10475,1,2.1734405564e-05,0.00217344056
10482,1,2.1734405564e-05,0.00217344056
10483,2,4.3468811128e-05,0.00434688111
10484,1,2.1734405564e-05,0.00217344056
10485,2,4.3468811128e-05,0.00434688111
10486,1,2.1734405564e-05,0.00217344056
10487,1,2.1734405564e-05,0.00217344056
10489,1,2.1734405564e-05,0.00217344056
10491,2,4.3468811128e-05,0.00434688111
10492,1,2.1734405564e-05,0.00217344056
10493,1,2.1734405564e-05,0.00217344056
10495,1,2.1734405564e-05,0.00217344056
10497,3,6.5203216692e-05,0.00652032167
10499,1,2.1734405564e-05,0.00217344056
10502,3,6.5203216692e-05,0.00652032167
10504,2,4.3468811128e-05,0.00434688111
10507,1,2.1734405564e-05,0.00217344056
10510,1,2.1734405564e-05,0.00217344056
10516,2,4.3468811128e-05,0.00434688111
10517,1,2.1734405564e-05,0.00217344056
10518,1,2.1734405564e-05,0.00217344056
10520,1,2.1734405564e-05,0.00217344056
10521,1,2.1734405564e-05,0.00217344056
10524,2,4.3468811128e-05,0.00434688111
10526,1,2.1734405564e-05,0.00217344056
10529,1,2.1734405564e-05,0.00217344056
10530,1,2.1734405564e-05,0.00217344056
10532,1,2.1734405564e-05,0.00217344056
10533,1,2.1734405564e-05,0.00217344056
10534,1,2.1734405564e-05,0.00217344056
10535,1,2.1734405564e-05,0.00217344056
10536,3,6.5203216692e-05,0.00652032167
10538,2,4.3468811128e-05,0.00434688111
10540,1,2.1734405564e-05,0.00217344056
10541,4,8.6937622256e-05,0.00869376223
10542,2,4.3468811128e-05,0.00434688111
10543,4,8.6937622256e-05,0.00869376223
10546,2,4.3468811128e-05,0.00434688111
10547,1,2.1734405564e-05,0.00217344056
10549,3,6.5203216692e-05,0.00652032167
10550,1,2.1734405564e-05,0.00217344056
10551,4,8.6937622256e-05,0.00869376223
10552,3,6.5203216692e-05,0.00652032167
10553,1,2.1734405564e-05,0.00217344056
10554,2,4.3468811128e-05,0.00434688111
10555,1,2.1734405564e-05,0.00217344056
10556,1,2.1734405564e-05,0.00217344056
10557,1,2.1734405564e-05,0.00217344056
10558,1,2.1734405564e-05,0.00217344056
10559,3,6.5203216692e-05,0.00652032167
10560,3,6.5203216692e-05,0.00652032167
10561,2,4.3468811128e-05,0.00434688111
10562,3,6.5203216692e-05,0.00652032167
10563,2,4.3468811128e-05,0.00434688111
10564,3,6.5203216692e-05,0.00652032167
10565,2,4.3468811128e-05,0.00434688111
10566,4,8.6937622256e-05,0.00869376223
10567,5,0.00010867202782,0.0108672028
10568,4,8.6937622256e-05,0.00869376223
10569,4,8.6937622256e-05,0.00869376223
10570,3,6.5203216692e-05,0.00652032167
10571,5,0.00010867202782,0.0108672028
10572,5,0.00010867202782,0.0108672028
10573,1,2.1734405564e-05,0.00217344056
10574,7,0.000152140838948,0.0152140839
10575,6,0.000130406433384,0.0130406433
10577,3,6.5203216692e-05,0.00652032167
10578,5,0.00010867202782,0.0108672028
10579,8,0.000173875244512,0.0173875245
10580,3,6.5203216692e-05,0.00652032167
10581,1,2.1734405564e-05,0.00217344056
10582,3,6.5203216692e-05,0.00652032167
10583,5,0.00010867202782,0.0108672028
10584,1,2.1734405564e-05,0.00217344056
10585,5,0.00010867202782,0.0108672028
10586,3,6.5203216692e-05,0.00652032167
10587,8,0.000173875244512,0.0173875245
10588,2,4.3468811128e-05,0.00434688111
10589,4,8.6937622256e-05,0.00869376223
10590,7,0.000152140838948,0.0152140839
10591,4,8.6937622256e-05,0.00869376223
10592,3,6.5203216692e-05,0.00652032167
10593,5,0.00010867202782,0.0108672028
10594,8,0.000173875244512,0.0173875245
10595,4,8.6937622256e-05,0.00869376223
10596,6,0.000130406433384,0.0130406433
10597,3,6.5203216692e-05,0.00652032167
10598,8,0.000173875244512,0.0173875245
10599,2,4.3468811128e-05,0.00434688111
10600,7,0.000152140838948,0.0152140839
10601,5,0.00010867202782,0.0108672028
10602,5,0.00010867202782,0.0108672028
10603,11,0.000239078461204,0.0239078461
10604,9,0.000195609650076,0.019560965
10605,7,0.000152140838948,0.0152140839
10606,6,0.000130406433384,0.0130406433
10607,6,0.000130406433384,0.0130406433
10608,7,0.000152140838948,0.0152140839
10609,5,0.00010867202782,0.0108672028
10610,7,0.000152140838948,0.0152140839
10611,2,4.3468811128e-05,0.00434688111
10612,4,8.6937622256e-05,0.00869376223
10613,5,0.00010867202782,0.0108672028
10614,3,6.5203216692e-05,0.00652032167
10615,3,6.5203216692e-05,0.00652032167
10616,2,4.3468811128e-05,0.00434688111
10617,4,8.6937622256e-05,0.00869376223
10618,5,0.00010867202782,0.0108672028
10619,9,0.000195609650076,0.019560965
10620,3,6.5203216692e-05,0.00652032167
10621,6,0.000130406433384,0.0130406433
10622,3,6.5203216692e-05,0.00652032167
10623,3,6.5203216692e-05,0.00652032167
10624,2,4.3468811128e-05,0.00434688111
10625,4,8.6937622256e-05,0.00869376223
10626,5,0.00010867202782,0.0108672028
10627,5,0.00010867202782,0.0108672028
10628,4,8.6937622256e-05,0.00869376223
10629,8,0.000173875244512,0.0173875245
10630,5,0.00010867202782,0.0108672028
10631,1,2.1734405564e-05,0.00217344056
10632,1,2.1734405564e-05,0.00217344056
10633,4,8.6937622256e-05,0.00869376223
10634,4,8.6937622256e-05,0.00869376223
10635,5,0.00010867202782,0.0108672028
10636,3,6.5203216692e-05,0.00652032167
10637,4,8.6937622256e-05,0.00869376223
10638,3,6.5203216692e-05,0.00652032167
10639,2,4.3468811128e-05,0.00434688111
10641,2,4.3468811128e-05,0.00434688111
10642,2,4.3468811128e-05,0.00434688111
10643,5,0.00010867202782,0.0108672028
10644,5,0.00010867202782,0.0108672028
10645,4,8.6937622256e-05,0.00869376223
10648,1,2.1734405564e-05,0.00217344056
10649,1,2.1734405564e-05,0.00217344056
10650,2,4.3468811128e-05,0.00434688111
10651,4,8.6937622256e-05,0.00869376223
10652,1,2.1734405564e-05,0.00217344056
10653,1,2.1734405564e-05,0.00217344056
10654,1,2.1734405564e-05,0.00217344056
10657,3,6.5203216692e-05,0.00652032167
10658,2,4.3468811128e-05,0.00434688111
10659,2,4.3468811128e-05,0.00434688111
10661,2,4.3468811128e-05,0.00434688111
10662,2,4.3468811128e-05,0.00434688111
10663,2,4.3468811128e-05,0.00434688111
10664,2,4.3468811128e-05,0.00434688111
10665,2,4.3468811128e-05,0.00434688111
10666,1,2.1734405564e-05,0.00217344056
10667,2,4.3468811128e-05,0.00434688111
10668,2,4.3468811128e-05,0.00434688111
10669,2,4.3468811128e-05,0.00434688111
10670,1,2.1734405564e-05,0.00217344056
10671,1,2.1734405564e-05,0.00217344056
10672,2,4.3468811128e-05,0.00434688111
10673,2,4.3468811128e-05,0.00434688111
10674,2,4.3468811128e-05,0.00434688111
10676,2,4.3468811128e-05,0.00434688111
10677,4,8.6937622256e-05,0.00869376223
10679,2,4.3468811128e-05,0.00434688111
10680,1,2.1734405564e-05,0.00217344056
10681,1,2.1734405564e-05,0.00217344056
10682,1,2.1734405564e-05,0.00217344056
10683,2,4.3468811128e-05,0.00434688111
10684,3,6.5203216692e-05,0.00652032167
10685,1,2.1734405564e-05,0.00217344056
10686,3,6.5203216692e-05,0.00652032167
10688,5,0.00010867202782,0.0108672028
10690,1,2.1734405564e-05,0.00217344056
10693,1,2.1734405564e-05,0.00217344056
10694,1,2.1734405564e-05,0.00217344056
10695,1,2.1734405564e-05,0.00217344056
10698,3,6.5203216692e-05,0.00652032167
10700,2,4.3468811128e-05,0.00434688111
10701,2,4.3468811128e-05,0.00434688111
10702,1,2.1734405564e-05,0.00217344056
10705,2,4.3468811128e-05,0.00434688111
10706,1,2.1734405564e-05,0.00217344056
10707,1,2.1734405564e-05,0.00217344056
10713,1,2.1734405564e-05,0.00217344056
10714,1,2.1734405564e-05,0.00217344056
10716,2,4.3468811128e-05,0.00434688111
10718,1,2.1734405564e-05,0.00217344056
10721,1,2.1734405564e-05,0.00217344056
10724,1,2.1734405564e-05,0.00217344056
10727,1,2.1734405564e-05,0.00217344056
10728,2,4.3468811128e-05,0.00434688111
10729,1,2.1734405564e-05,0.00217344056
10730,1,2.1734405564e-05,0.00217344056
10731,1,2.1734405564e-05,0.00217344056
10732,2,4.3468811128e-05,0.00434688111
10733,2,4.3468811128e-05,0.00434688111
10735,1,2.1734405564e-05,0.00217344056
10736,1,2.1734405564e-05,0.00217344056
10744,1,2.1734405564e-05,0.00217344056
10747,1,2.1734405564e-05,0.00217344056
10750,1,2.1734405564e-05,0.00217344056
10751,2,4.3468811128e-05,0.00434688111
10752,1,2.1734405564e-05,0.00217344056
10753,1,2.1734405564e-05,0.00217344056
10755,2,4.3468811128e-05,0.00434688111
10756,1,2.1734405564e-05,0.00217344056
10759,1,2.1734405564e-05,0.00217344056
10760,1,2.1734405564e-05,0.00217344056
10761,1,2.1734405564e-05,0.00217344056
10774,2,4.3468811128e-05,0.00434688111
10777,1,2.1734405564e-05,0.00217344056
10782,1,2.1734405564e-05,0.00217344056
10787,1,2.1734405564e-05,0.00217344056
10790,1,2.1734405564e-05,0.00217344056
10794,1,2.1734405564e-05,0.00217344056
10795,1,2.1734405564e-05,0.00217344056
10797,1,2.1734405564e-05,0.00217344056
10798,3,6.5203216692e-05,0.00652032167
10799,1,2.1734405564e-05,0.00217344056
10800,2,4.3468811128e-05,0.00434688111
10802,1,2.1734405564e-05,0.00217344056
10804,1,2.1734405564e-05,0.00217344056
10806,1,2.1734405564e-05,0.00217344056
10814,1,2.1734405564e-05,0.00217344056
10817,1,2.1734405564e-05,0.00217344056
10819,1,2.1734405564e-05,0.00217344056
10822,1,2.1734405564e-05,0.00217344056
10825,1,2.1734405564e-05,0.00217344056
10827,1,2.1734405564e-05,0.00217344056
10831,1,2.1734405564e-05,0.00217344056
10837,1,2.1734405564e-05,0.00217344056
10849,1,2.1734405564e-05,0.00217344056
10850,1,2.1734405564e-05,0.00217344056
10851,1,2.1734405564e-05,0.00217344056
10856,1,2.1734405564e-05,0.00217344056
10860,1,2.1734405564e-05,0.00217344056
10861,1,2.1734405564e-05,0.00217344056
10865,1,2.1734405564e-05,0.00217344056
10867,1,2.1734405564e-05,0.00217344056
10870,1,2.1734405564e-05,0.00217344056
10871,2,4.3468811128e-05,0.00434688111
10876,3,6.5203216692e-05,0.00652032167
10877,1,2.1734405564e-05,0.00217344056
10878,1,2.1734405564e-05,0.00217344056
10888,1,2.1734405564e-05,0.00217344056
10890,1,2.1734405564e-05,0.00217344056
10892,1,2.1734405564e-05,0.00217344056
10893,1,2.1734405564e-05,0.00217344056
10896,1,2.1734405564e-05,0.00217344056
10918,1,2.1734405564e-05,0.00217344056
10920,1,2.1734405564e-05,0.00217344056
10932,1,2.1734405564e-05,0.00217344056
10934,1,2.1734405564e-05,0.00217344056
10948,1,2.1734405564e-05,0.00217344056
11050,1,2.1734405564e-05,0.00217344056
11063,1,2.1734405564e-05,0.00217344056
11065,1,2.1734405564e-05,0.00217344056
11067,1,2.1734405564e-05,0.00217344056
11081,1,2.1734405564e-05,0.00217344056
11199,1,2.1734405564e-05,0.00217344056
11216,1,2.1734405564e-05,0.00217344056
11230,1,2.1734405564e-05,0.00217344056
11237,1,2.1734405564e-05,0.00217344056
11251,1,2.1734405564e-05,0.00217344056
11427,1,2.1734405564e-05,0.00217344056
11455,1,2.1734405564e-05,0.00217344056
11479,1,2.1734405564e-05,0.00217344056
11557,1,2.1734405564e-05,0.00217344056
11581,1,2.1734405564e-05,0.00217344056
11609,1,2.1734405564e-05,0.00217344056
12173,1,2.1734405564e-05,0.00217344056
12216,1,2.1734405564e-05,0.00217344056
12219,1,2.1734405564e-05,0.00217344056
12225,1,2.1734405564e-05,0.00217344056
13382,1,2.1734405564e-05,0.00217344056
13384,1,2.1734405564e-05,0.00217344056
13390,1,2.1734405564e-05,0.00217344056
13392,1,2.1734405564e-05,0.00217344056
