batch_size_frames,count,frequency,frequency_percent
135,2,1.30255822435e-05,0.00130255822
136,9,5.86151200959e-05,0.00586151201
137,40,0.000260511644871,0.0260511645
138,87,0.000566612827593,0.0566612828
139,109,0.000709894232272,0.0709894232
140,111,0.000722919814516,0.0722919815
141,91,0.00059266399208,0.0592663992
142,71,0.000462408169645,0.046240817
143,128,0.000833637263586,0.0833637264
144,133,0.000866201219194,0.0866201219
145,147,0.000957380294899,0.0957380295
146,147,0.000957380294899,0.0957380295
147,166,0.00108112332621,0.108112333
148,174,0.00113322565519,0.113322566
149,165,0.00107461053509,0.107461054
150,189,0.00123091752201,0.123091752
151,232,0.00151096754025,0.151096754
152,302,0.00196686291877,0.196686292
153,736,0.00479341426562,0.479341427
154,314,0.00204501641223,0.204501641
155,485,0.00315870369406,0.315870369
156,154,0.00100296983275,0.100296983
157,108,0.00070338144115,0.0703381441
158,152,0.000989944250508,0.0989944251
159,205,0.00133512217996,0.133512218
160,256,0.00166727452717,0.166727453
161,281,0.00183009430522,0.183009431
162,263,0.00171286406502,0.171286407
163,353,0.00229901526598,0.229901527
164,446,0.00290470484031,0.290470484
165,604,0.00393372583754,0.393372584
166,874,0.00569217944042,0.569217944
167,1013,0.00659745740635,0.659745741
168,930,0.00605689574324,0.605689574
169,912,0.00593966550305,0.59396655
170,2711,0.0176561767311,1.76561767
171,1207,0.00786093888397,0.786093888
172,1215,0.00791304121294,0.791304121
173,1207,0.00786093888397,0.786093888
174,1580,0.0102902099724,1.029021
175,2084,0.0135726566978,1.35726567
176,2665,0.0173565883395,1.73565883
177,3598,0.0234330224561,2.34330225
178,4373,0.0284804355755,2.84804356
179,4691,0.0305515031522,3.05515032
180,4678,0.0304668368676,3.04668369
181,4058,0.0264289063721,2.64289064
182,3102,0.0202026780597,2.02026781
183,2335,0.0152073672693,1.52073673
184,1999,0.0130190694524,1.30190695
185,1897,0.012354764758,1.23547648
186,1959,0.0127585578075,1.27585578
187,1717,0.0111824623561,1.11824624
188,1368,0.00890949825457,0.890949825
189,1290,0.00840150054707,0.840150055
190,1195,0.00778278539051,0.778278539
191,847,0.00551633408013,0.551633408
192,632,0.00411608398895,0.411608399
193,470,0.00306101182723,0.306101183
194,397,0.00258557807534,0.258557808
195,394,0.00256603970197,0.25660397
196,484,0.00315219090293,0.31521909
197,703,0.0045784921586,0.457849216
198,932,0.00606992132548,0.606992133
199,1118,0.00728130047413,0.728130047
200,1042,0.00678632834888,0.678632835
201,749,0.0048780805502,0.487808055
202,967,0.00629786901474,0.629786901
203,1793,0.0116774344813,1.16774345
204,4210,0.0274188506226,2.74188506
205,355,0.00231204084823,0.231204085
206,155,0.00100948262387,0.100948262
207,42,0.000273537227114,0.0273537227
218,1,6.51279112176e-06,0.000651279112
220,1,6.51279112176e-06,0.000651279112
225,1,6.51279112176e-06,0.000651279112
226,1,6.51279112176e-06,0.000651279112
230,1,6.51279112176e-06,0.000651279112
231,1,6.51279112176e-06,0.000651279112
232,1,6.51279112176e-06,0.000651279112
235,1,6.51279112176e-06,0.000651279112
236,1,6.51279112176e-06,0.000651279112
238,1,6.51279112176e-06,0.000651279112
239,1,6.51279112176e-06,0.000651279112
241,1,6.51279112176e-06,0.000651279112
242,1,6.51279112176e-06,0.000651279112
243,1,6.51279112176e-06,0.000651279112
245,1,6.51279112176e-06,0.000651279112
248,1,6.51279112176e-06,0.000651279112
250,1,6.51279112176e-06,0.000651279112
259,1,6.51279112176e-06,0.000651279112
261,1,6.51279112176e-06,0.000651279112
262,1,6.51279112176e-06,0.000651279112
264,1,6.51279112176e-06,0.000651279112
265,1,6.51279112176e-06,0.000651279112
266,2,1.30255822435e-05,0.00130255822
267,2,1.30255822435e-05,0.00130255822
269,1,6.51279112176e-06,0.000651279112
271,1,6.51279112176e-06,0.000651279112
280,1,6.51279112176e-06,0.000651279112
281,1,6.51279112176e-06,0.000651279112
286,4,2.60511644871e-05,0.00260511645
290,1,6.51279112176e-06,0.000651279112
291,1,6.51279112176e-06,0.000651279112
292,1,6.51279112176e-06,0.000651279112
293,1,6.51279112176e-06,0.000651279112
294,1,6.51279112176e-06,0.000651279112
296,1,6.51279112176e-06,0.000651279112
308,2,1.30255822435e-05,0.00130255822
309,3,1.95383733653e-05,0.00195383734
312,1,6.51279112176e-06,0.000651279112
313,1,6.51279112176e-06,0.000651279112
314,1,6.51279112176e-06,0.000651279112
316,1,6.51279112176e-06,0.000651279112
318,1,6.51279112176e-06,0.000651279112
320,1,6.51279112176e-06,0.000651279112
321,1,6.51279112176e-06,0.000651279112
325,1,6.51279112176e-06,0.000651279112
326,1,6.51279112176e-06,0.000651279112
327,1,6.51279112176e-06,0.000651279112
328,1,6.51279112176e-06,0.000651279112
332,1,6.51279112176e-06,0.000651279112
334,1,6.51279112176e-06,0.000651279112
335,1,6.51279112176e-06,0.000651279112
338,3,1.95383733653e-05,0.00195383734
339,3,1.95383733653e-05,0.00195383734
340,1,6.51279112176e-06,0.000651279112
341,1,6.51279112176e-06,0.000651279112
342,2,1.30255822435e-05,0.00130255822
343,1,6.51279112176e-06,0.000651279112
344,2,1.30255822435e-05,0.00130255822
345,1,6.51279112176e-06,0.000651279112
346,4,2.60511644871e-05,0.00260511645
347,1,6.51279112176e-06,0.000651279112
348,3,1.95383733653e-05,0.00195383734
349,4,2.60511644871e-05,0.00260511645
350,2,1.30255822435e-05,0.00130255822
351,1,6.51279112176e-06,0.000651279112
352,4,2.60511644871e-05,0.00260511645
353,5,3.25639556088e-05,0.00325639556
354,5,3.25639556088e-05,0.00325639556
355,4,2.60511644871e-05,0.00260511645
356,5,3.25639556088e-05,0.00325639556
357,6,3.90767467306e-05,0.00390767467
358,4,2.60511644871e-05,0.00260511645
359,6,3.90767467306e-05,0.00390767467
360,4,2.60511644871e-05,0.00260511645
361,14,9.11790757047e-05,0.00911790757
362,5,3.25639556088e-05,0.00325639556
363,7,4.55895378523e-05,0.00455895379
364,6,3.90767467306e-05,0.00390767467
365,7,4.55895378523e-05,0.00455895379
366,4,2.60511644871e-05,0.00260511645
367,11,7.16407023394e-05,0.00716407023
368,6,3.90767467306e-05,0.00390767467
369,9,5.86151200959e-05,0.00586151201
370,5,3.25639556088e-05,0.00325639556
371,6,3.90767467306e-05,0.00390767467
372,9,5.86151200959e-05,0.00586151201
373,12,7.81534934612e-05,0.00781534935
374,9,5.86151200959e-05,0.00586151201
375,9,5.86151200959e-05,0.00586151201
376,11,7.16407023394e-05,0.00716407023
377,10,6.51279112176e-05,0.00651279112
378,6,3.90767467306e-05,0.00390767467
379,5,3.25639556088e-05,0.00325639556
380,9,5.86151200959e-05,0.00586151201
381,6,3.90767467306e-05,0.00390767467
382,15,9.76918668264e-05,0.00976918668
383,14,9.11790757047e-05,0.00911790757
384,10,6.51279112176e-05,0.00651279112
385,13,8.46662845829e-05,0.00846662846
386,9,5.86151200959e-05,0.00586151201
387,10,6.51279112176e-05,0.00651279112
388,9,5.86151200959e-05,0.00586151201
389,10,6.51279112176e-05,0.00651279112
390,15,9.76918668264e-05,0.00976918668
391,11,7.16407023394e-05,0.00716407023
392,14,9.11790757047e-05,0.00911790757
393,12,7.81534934612e-05,0.00781534935
394,17,0.00011071744907,0.0110717449
395,10,6.51279112176e-05,0.00651279112
396,12,7.81534934612e-05,0.00781534935
397,9,5.86151200959e-05,0.00586151201
398,18,0.000117230240192,0.011723024
399,19,0.000123743031313,0.0123743031
400,13,8.46662845829e-05,0.00846662846
401,15,9.76918668264e-05,0.00976918668
402,12,7.81534934612e-05,0.00781534935
403,14,9.11790757047e-05,0.00911790757
404,28,0.000182358151409,0.0182358151
405,18,0.000117230240192,0.011723024
406,11,7.16407023394e-05,0.00716407023
407,20,0.000130255822435,0.0130255822
408,29,0.000188870942531,0.0188870943
409,24,0.000156306986922,0.0156306987
410,30,0.000195383733653,0.0195383734
411,38,0.000247486062627,0.0247486063
412,31,0.000201896524775,0.0201896525
413,36,0.000234460480383,0.023446048
414,47,0.000306101182723,0.0306101183
415,36,0.000234460480383,0.023446048
416,35,0.000227947689262,0.0227947689
417,29,0.000188870942531,0.0188870943
418,38,0.000247486062627,0.0247486063
419,34,0.00022143489814,0.0221434898
420,28,0.000182358151409,0.0182358151
421,25,0.000162819778044,0.0162819778
422,23,0.000149794195801,0.0149794196
423,21,0.000136768613557,0.0136768614
424,31,0.000201896524775,0.0201896525
425,19,0.000123743031313,0.0123743031
426,28,0.000182358151409,0.0182358151
427,21,0.000136768613557,0.0136768614
428,28,0.000182358151409,0.0182358151
429,20,0.000130255822435,0.0130255822
430,20,0.000130255822435,0.0130255822
431,22,0.000143281404679,0.0143281405
432,21,0.000136768613557,0.0136768614
433,18,0.000117230240192,0.011723024
434,16,0.000104204657948,0.0104204658
435,19,0.000123743031313,0.0123743031
436,14,9.11790757047e-05,0.00911790757
437,10,6.51279112176e-05,0.00651279112
438,16,0.000104204657948,0.0104204658
439,11,7.16407023394e-05,0.00716407023
440,17,0.00011071744907,0.0110717449
441,19,0.000123743031313,0.0123743031
442,9,5.86151200959e-05,0.00586151201
443,13,8.46662845829e-05,0.00846662846
444,18,0.000117230240192,0.011723024
445,13,8.46662845829e-05,0.00846662846
446,13,8.46662845829e-05,0.00846662846
447,10,6.51279112176e-05,0.00651279112
448,15,9.76918668264e-05,0.00976918668
449,12,7.81534934612e-05,0.00781534935
450,4,2.60511644871e-05,0.00260511645
451,8,5.21023289741e-05,0.0052102329
452,6,3.90767467306e-05,0.00390767467
453,12,7.81534934612e-05,0.00781534935
454,4,2.60511644871e-05,0.00260511645
455,12,7.81534934612e-05,0.00781534935
456,9,5.86151200959e-05,0.00586151201
457,13,8.46662845829e-05,0.00846662846
458,4,2.60511644871e-05,0.00260511645
459,10,6.51279112176e-05,0.00651279112
460,4,2.60511644871e-05,0.00260511645
461,12,7.81534934612e-05,0.00781534935
462,9,5.86151200959e-05,0.00586151201
463,7,4.55895378523e-05,0.00455895379
464,6,3.90767467306e-05,0.00390767467
465,6,3.90767467306e-05,0.00390767467
466,9,5.86151200959e-05,0.00586151201
467,7,4.55895378523e-05,0.00455895379
468,5,3.25639556088e-05,0.00325639556
469,7,4.55895378523e-05,0.00455895379
470,9,5.86151200959e-05,0.00586151201
471,13,8.46662845829e-05,0.00846662846
472,4,2.60511644871e-05,0.00260511645
473,10,6.51279112176e-05,0.00651279112
474,11,7.16407023394e-05,0.00716407023
475,12,7.81534934612e-05,0.00781534935
476,9,5.86151200959e-05,0.00586151201
477,10,6.51279112176e-05,0.00651279112
478,16,0.000104204657948,0.0104204658
479,20,0.000130255822435,0.0130255822
480,13,8.46662845829e-05,0.00846662846
481,14,9.11790757047e-05,0.00911790757
482,11,7.16407023394e-05,0.00716407023
483,13,8.46662845829e-05,0.00846662846
484,17,0.00011071744907,0.0110717449
485,18,0.000117230240192,0.011723024
486,19,0.000123743031313,0.0123743031
487,10,6.51279112176e-05,0.00651279112
488,10,6.51279112176e-05,0.00651279112
489,13,8.46662845829e-05,0.00846662846
490,17,0.00011071744907,0.0110717449
491,21,0.000136768613557,0.0136768614
492,10,6.51279112176e-05,0.00651279112
493,13,8.46662845829e-05,0.00846662846
494,14,9.11790757047e-05,0.00911790757
495,12,7.81534934612e-05,0.00781534935
496,14,9.11790757047e-05,0.00911790757
497,14,9.11790757047e-05,0.00911790757
498,20,0.000130255822435,0.0130255822
499,11,7.16407023394e-05,0.00716407023
500,17,0.00011071744907,0.0110717449
501,29,0.000188870942531,0.0188870943
502,30,0.000195383733653,0.0195383734
503,21,0.000136768613557,0.0136768614
504,27,0.000175845360288,0.017584536
505,31,0.000201896524775,0.0201896525
506,18,0.000117230240192,0.011723024
507,19,0.000123743031313,0.0123743031
508,25,0.000162819778044,0.0162819778
509,16,0.000104204657948,0.0104204658
510,18,0.000117230240192,0.011723024
511,15,9.76918668264e-05,0.00976918668
512,7,4.55895378523e-05,0.00455895379
513,13,8.46662845829e-05,0.00846662846
514,17,0.00011071744907,0.0110717449
515,16,0.000104204657948,0.0104204658
516,19,0.000123743031313,0.0123743031
517,13,8.46662845829e-05,0.00846662846
518,12,7.81534934612e-05,0.00781534935
519,11,7.16407023394e-05,0.00716407023
520,19,0.000123743031313,0.0123743031
521,18,0.000117230240192,0.011723024
522,11,7.16407023394e-05,0.00716407023
523,16,0.000104204657948,0.0104204658
524,11,7.16407023394e-05,0.00716407023
525,16,0.000104204657948,0.0104204658
526,15,9.76918668264e-05,0.00976918668
527,15,9.76918668264e-05,0.00976918668
528,18,0.000117230240192,0.011723024
529,16,0.000104204657948,0.0104204658
530,12,7.81534934612e-05,0.00781534935
531,12,7.81534934612e-05,0.00781534935
532,15,9.76918668264e-05,0.00976918668
533,10,6.51279112176e-05,0.00651279112
534,14,9.11790757047e-05,0.00911790757
535,12,7.81534934612e-05,0.00781534935
536,13,8.46662845829e-05,0.00846662846
537,17,0.00011071744907,0.0110717449
538,14,9.11790757047e-05,0.00911790757
539,23,0.000149794195801,0.0149794196
540,15,9.76918668264e-05,0.00976918668
541,14,9.11790757047e-05,0.00911790757
542,24,0.000156306986922,0.0156306987
543,19,0.000123743031313,0.0123743031
544,16,0.000104204657948,0.0104204658
545,16,0.000104204657948,0.0104204658
546,8,5.21023289741e-05,0.0052102329
547,15,9.76918668264e-05,0.00976918668
548,12,7.81534934612e-05,0.00781534935
549,15,9.76918668264e-05,0.00976918668
550,9,5.86151200959e-05,0.00586151201
551,9,5.86151200959e-05,0.00586151201
552,12,7.81534934612e-05,0.00781534935
553,11,7.16407023394e-05,0.00716407023
554,12,7.81534934612e-05,0.00781534935
555,10,6.51279112176e-05,0.00651279112
556,12,7.81534934612e-05,0.00781534935
557,10,6.51279112176e-05,0.00651279112
558,17,0.00011071744907,0.0110717449
559,10,6.51279112176e-05,0.00651279112
560,9,5.86151200959e-05,0.00586151201
561,11,7.16407023394e-05,0.00716407023
562,13,8.46662845829e-05,0.00846662846
563,12,7.81534934612e-05,0.00781534935
564,11,7.16407023394e-05,0.00716407023
565,6,3.90767467306e-05,0.00390767467
566,11,7.16407023394e-05,0.00716407023
567,8,5.21023289741e-05,0.0052102329
568,8,5.21023289741e-05,0.0052102329
569,12,7.81534934612e-05,0.00781534935
570,7,4.55895378523e-05,0.00455895379
571,13,8.46662845829e-05,0.00846662846
572,12,7.81534934612e-05,0.00781534935
573,9,5.86151200959e-05,0.00586151201
574,15,9.76918668264e-05,0.00976918668
575,12,7.81534934612e-05,0.00781534935
576,10,6.51279112176e-05,0.00651279112
577,13,8.46662845829e-05,0.00846662846
578,5,3.25639556088e-05,0.00325639556
579,6,3.90767467306e-05,0.00390767467
580,9,5.86151200959e-05,0.00586151201
581,11,7.16407023394e-05,0.00716407023
582,16,0.000104204657948,0.0104204658
583,10,6.51279112176e-05,0.00651279112
584,7,4.55895378523e-05,0.00455895379
585,12,7.81534934612e-05,0.00781534935
586,9,5.86151200959e-05,0.00586151201
587,12,7.81534934612e-05,0.00781534935
588,10,6.51279112176e-05,0.00651279112
589,13,8.46662845829e-05,0.00846662846
590,18,0.000117230240192,0.011723024
591,12,7.81534934612e-05,0.00781534935
592,21,0.000136768613557,0.0136768614
593,13,8.46662845829e-05,0.00846662846
594,16,0.000104204657948,0.0104204658
595,13,8.46662845829e-05,0.00846662846
596,10,6.51279112176e-05,0.00651279112
597,15,9.76918668264e-05,0.00976918668
598,17,0.00011071744907,0.0110717449
599,13,8.46662845829e-05,0.00846662846
600,12,7.81534934612e-05,0.00781534935
601,17,0.00011071744907,0.0110717449
602,32,0.000208409315896,0.0208409316
603,20,0.000130255822435,0.0130255822
604,24,0.000156306986922,0.0156306987
605,24,0.000156306986922,0.0156306987
606,16,0.000104204657948,0.0104204658
607,19,0.000123743031313,0.0123743031
608,22,0.000143281404679,0.0143281405
609,24,0.000156306986922,0.0156306987
610,17,0.00011071744907,0.0110717449
611,17,0.00011071744907,0.0110717449
612,24,0.000156306986922,0.0156306987
613,21,0.000136768613557,0.0136768614
614,18,0.000117230240192,0.011723024
615,21,0.000136768613557,0.0136768614
616,19,0.000123743031313,0.0123743031
617,20,0.000130255822435,0.0130255822
618,16,0.000104204657948,0.0104204658
619,15,9.76918668264e-05,0.00976918668
620,17,0.00011071744907,0.0110717449
621,13,8.46662845829e-05,0.00846662846
622,19,0.000123743031313,0.0123743031
623,17,0.00011071744907,0.0110717449
624,20,0.000130255822435,0.0130255822
625,16,0.000104204657948,0.0104204658
626,20,0.000130255822435,0.0130255822
627,17,0.00011071744907,0.0110717449
628,20,0.000130255822435,0.0130255822
629,21,0.000136768613557,0.0136768614
630,18,0.000117230240192,0.011723024
631,12,7.81534934612e-05,0.00781534935
632,15,9.76918668264e-05,0.00976918668
633,15,9.76918668264e-05,0.00976918668
634,21,0.000136768613557,0.0136768614
635,7,4.55895378523e-05,0.00455895379
636,16,0.000104204657948,0.0104204658
637,13,8.46662845829e-05,0.00846662846
638,17,0.00011071744907,0.0110717449
639,21,0.000136768613557,0.0136768614
640,21,0.000136768613557,0.0136768614
641,22,0.000143281404679,0.0143281405
642,19,0.000123743031313,0.0123743031
643,25,0.000162819778044,0.0162819778
644,21,0.000136768613557,0.0136768614
645,40,0.000260511644871,0.0260511645
646,34,0.00022143489814,0.0221434898
647,32,0.000208409315896,0.0208409316
648,37,0.000240973271505,0.0240973272
649,20,0.000130255822435,0.0130255822
650,28,0.000182358151409,0.0182358151
651,28,0.000182358151409,0.0182358151
652,45,0.000293075600479,0.02930756
653,20,0.000130255822435,0.0130255822
654,27,0.000175845360288,0.017584536
655,36,0.000234460480383,0.023446048
656,33,0.000214922107018,0.0214922107
657,23,0.000149794195801,0.0149794196
658,26,0.000169332569166,0.0169332569
659,36,0.000234460480383,0.023446048
660,24,0.000156306986922,0.0156306987
661,18,0.000117230240192,0.011723024
662,15,9.76918668264e-05,0.00976918668
663,27,0.000175845360288,0.017584536
664,28,0.000182358151409,0.0182358151
665,32,0.000208409315896,0.0208409316
666,36,0.000234460480383,0.023446048
667,23,0.000149794195801,0.0149794196
668,33,0.000214922107018,0.0214922107
669,30,0.000195383733653,0.0195383734
670,37,0.000240973271505,0.0240973272
671,43,0.000280050018236,0.0280050018
672,33,0.000214922107018,0.0214922107
673,34,0.00022143489814,0.0221434898
674,30,0.000195383733653,0.0195383734
675,36,0.000234460480383,0.023446048
676,40,0.000260511644871,0.0260511645
677,45,0.000293075600479,0.02930756
678,63,0.000410305840671,0.0410305841
679,41,0.000267024435992,0.0267024436
680,62,0.000403793049549,0.040379305
681,69,0.000449382587402,0.0449382587
682,63,0.000410305840671,0.0410305841
683,77,0.000501484916376,0.0501484916
684,78,0.000507997707498,0.0507997707
685,110,0.000716407023394,0.0716407023
686,102,0.00066430469442,0.0664304694
687,67,0.000436357005158,0.0436357005
688,43,0.000280050018236,0.0280050018
689,48,0.000312613973845,0.0312613974
690,65,0.000423331422915,0.0423331423
691,67,0.000436357005158,0.0436357005
692,34,0.00022143489814,0.0221434898
693,34,0.00022143489814,0.0221434898
694,42,0.000273537227114,0.0273537227
695,40,0.000260511644871,0.0260511645
696,49,0.000319126764966,0.0319126765
697,72,0.000468920960767,0.0468920961
698,87,0.000566612827593,0.0566612828
699,91,0.00059266399208,0.0592663992
700,80,0.000521023289741,0.052102329
701,85,0.00055358724535,0.0553587245
702,68,0.00044286979628,0.0442869796
703,72,0.000468920960767,0.0468920961
704,71,0.000462408169645,0.046240817
705,78,0.000507997707498,0.0507997707
706,63,0.000410305840671,0.0410305841
707,54,0.000351690720575,0.0351690721
708,63,0.000410305840671,0.0410305841
709,56,0.000364716302819,0.0364716303
710,75,0.000488459334132,0.0488459334
711,66,0.000429844214036,0.0429844214
712,56,0.000364716302819,0.0364716303
713,48,0.000312613973845,0.0312613974
714,40,0.000260511644871,0.0260511645
715,30,0.000195383733653,0.0195383734
716,45,0.000293075600479,0.02930756
717,40,0.000260511644871,0.0260511645
718,43,0.000280050018236,0.0280050018
719,37,0.000240973271505,0.0240973272
720,32,0.000208409315896,0.0208409316
721,33,0.000214922107018,0.0214922107
722,35,0.000227947689262,0.0227947689
723,36,0.000234460480383,0.023446048
724,40,0.000260511644871,0.0260511645
725,35,0.000227947689262,0.0227947689
726,58,0.000377741885062,0.0377741885
727,48,0.000312613973845,0.0312613974
728,57,0.00037122909394,0.0371229094
729,61,0.000397280258428,0.0397280258
730,50,0.000325639556088,0.0325639556
731,56,0.000364716302819,0.0364716303
732,67,0.000436357005158,0.0436357005
733,80,0.000521023289741,0.052102329
734,75,0.000488459334132,0.0488459334
735,83,0.000540561663106,0.0540561663
736,105,0.000683843067785,0.0683843068
737,84,0.000547074454228,0.0547074454
738,77,0.000501484916376,0.0501484916
739,91,0.00059266399208,0.0592663992
740,80,0.000521023289741,0.052102329
741,73,0.000475433751889,0.0475433752
742,72,0.000468920960767,0.0468920961
743,69,0.000449382587402,0.0449382587
744,72,0.000468920960767,0.0468920961
745,67,0.000436357005158,0.0436357005
746,53,0.000345177929453,0.0345177929
747,57,0.00037122909394,0.0371229094
748,50,0.000325639556088,0.0325639556
749,60,0.000390767467306,0.0390767467
750,50,0.000325639556088,0.0325639556
751,50,0.000325639556088,0.0325639556
752,71,0.000462408169645,0.046240817
753,68,0.00044286979628,0.0442869796
754,62,0.000403793049549,0.040379305
755,70,0.000455895378523,0.0455895379
756,56,0.000364716302819,0.0364716303
757,67,0.000436357005158,0.0436357005
758,72,0.000468920960767,0.0468920961
759,53,0.000345177929453,0.0345177929
760,77,0.000501484916376,0.0501484916
761,64,0.000416818631793,0.0416818632
762,62,0.000403793049549,0.040379305
763,68,0.00044286979628,0.0442869796
764,96,0.000625227947689,0.0625227948
765,113,0.000735945396759,0.0735945397
766,96,0.000625227947689,0.0625227948
767,71,0.000462408169645,0.046240817
768,2468,0.0160735684885,1.60735685
769,118,0.000768509352368,0.0768509352
770,46,0.000299588391601,0.0299588392
771,75,0.000488459334132,0.0488459334
772,89,0.000579638409837,0.057963841
773,116,0.000755483770125,0.075548377
774,187,0.00121789193977,0.121789194
775,178,0.00115927681967,0.115927682
776,216,0.0014067628823,0.140676288
777,227,0.00147840358464,0.147840358
778,181,0.00117881519304,0.117881519
779,132,0.000859688428073,0.0859688428
780,133,0.000866201219194,0.0866201219
781,139,0.000905277965925,0.0905277966
782,152,0.000989944250508,0.0989944251
783,189,0.00123091752201,0.123091752
784,226,0.00147189079352,0.147189079
785,279,0.00181706872297,0.181706872
786,353,0.00229901526598,0.229901527
787,451,0.00293726879592,0.29372688
788,513,0.00334106184546,0.334106185
789,595,0.00387511071745,0.387511072
790,628,0.00409003282447,0.409003282
791,615,0.00400536653988,0.400536654
792,579,0.0037709060595,0.377090606
793,552,0.00359506069921,0.35950607
794,513,0.00334106184546,0.334106185
795,399,0.00259860365758,0.259860366
796,386,0.002513937373,0.251393737
797,338,0.00220132339916,0.22013234
798,318,0.00207106757672,0.207106758
799,264,0.00171937685615,0.171937686
800,246,0.00160214661595,0.160214662
801,223,0.00145235242015,0.145235242
802,239,0.0015565570781,0.155655708
803,221,0.00143932683791,0.143932684
804,196,0.00127650705987,0.127650706
805,205,0.00133512217996,0.133512218
806,189,0.00123091752201,0.123091752
807,205,0.00133512217996,0.133512218
808,234,0.00152399312249,0.152399312
809,234,0.00152399312249,0.152399312
810,211,0.00137419892669,0.137419893
811,257,0.00167378731829,0.167378732
812,223,0.00145235242015,0.145235242
813,223,0.00145235242015,0.145235242
814,191,0.00124394310426,0.12439431
815,205,0.00133512217996,0.133512218
816,212,0.00138071171781,0.138071172
817,209,0.00136117334445,0.136117334
818,202,0.0013155838066,0.131558381
819,192,0.00125045589538,0.12504559
820,191,0.00124394310426,0.12439431
821,175,0.00113973844631,0.113973845
822,189,0.00123091752201,0.123091752
823,215,0.00140025009118,0.140025009
824,213,0.00138722450894,0.138722451
825,172,0.00112020007294,0.112020007
826,185,0.00120486635753,0.120486636
827,187,0.00121789193977,0.121789194
828,169,0.00110066169958,0.11006617
829,143,0.000931329130412,0.093132913
830,137,0.000892252383682,0.0892252384
831,166,0.00108112332621,0.108112333
832,154,0.00100296983275,0.100296983
833,165,0.00107461053509,0.107461054
834,154,0.00100296983275,0.100296983
835,159,0.00103553378836,0.103553379
836,141,0.000918303548169,0.0918303548
837,125,0.00081409889022,0.081409889
838,148,0.000963893086021,0.0963893086
839,132,0.000859688428073,0.0859688428
840,137,0.000892252383682,0.0892252384
841,98,0.000638253529933,0.063825353
842,97,0.000631740738811,0.0631740739
843,112,0.000729432605637,0.0729432606
844,98,0.000638253529933,0.063825353
845,80,0.000521023289741,0.052102329
846,93,0.000605689574324,0.0605689574
847,78,0.000507997707498,0.0507997707
848,89,0.000579638409837,0.057963841
849,76,0.000494972125254,0.0494972125
850,105,0.000683843067785,0.0683843068
851,116,0.000755483770125,0.075548377
852,115,0.000748970979003,0.0748970979
853,97,0.000631740738811,0.0631740739
854,108,0.00070338144115,0.0703381441
855,115,0.000748970979003,0.0748970979
856,113,0.000735945396759,0.0735945397
857,106,0.000690355858907,0.0690355859
858,112,0.000729432605637,0.0729432606
859,100,0.000651279112176,0.0651279112
860,94,0.000612202365446,0.0612202365
861,116,0.000755483770125,0.075548377
862,90,0.000586151200959,0.0586151201
863,93,0.000605689574324,0.0605689574
864,96,0.000625227947689,0.0625227948
865,102,0.00066430469442,0.0664304694
866,94,0.000612202365446,0.0612202365
867,82,0.000534048871985,0.0534048872
868,96,0.000625227947689,0.0625227948
869,92,0.000599176783202,0.0599176783
870,89,0.000579638409837,0.057963841
871,94,0.000612202365446,0.0612202365
872,76,0.000494972125254,0.0494972125
873,91,0.00059266399208,0.0592663992
874,93,0.000605689574324,0.0605689574
875,91,0.00059266399208,0.0592663992
876,102,0.00066430469442,0.0664304694
877,105,0.000683843067785,0.0683843068
878,97,0.000631740738811,0.0631740739
879,105,0.000683843067785,0.0683843068
880,125,0.00081409889022,0.081409889
881,123,0.000801073307977,0.0801073308
882,134,0.000872714010316,0.087271401
883,129,0.000840150054707,0.0840150055
884,122,0.000794560516855,0.0794560517
885,147,0.000957380294899,0.0957380295
886,122,0.000794560516855,0.0794560517
887,121,0.000788047725733,0.0788047726
888,137,0.000892252383682,0.0892252384
889,131,0.000853175636951,0.0853175637
890,131,0.000853175636951,0.0853175637
891,110,0.000716407023394,0.0716407023
892,94,0.000612202365446,0.0612202365
893,102,0.00066430469442,0.0664304694
894,109,0.000709894232272,0.0709894232
895,94,0.000612202365446,0.0612202365
896,106,0.000690355858907,0.0690355859
897,116,0.000755483770125,0.075548377
898,100,0.000651279112176,0.0651279112
899,86,0.000560100036472,0.0560100036
900,107,0.000696868650029,0.069686865
901,130,0.000846662845829,0.0846662846
902,94,0.000612202365446,0.0612202365
903,123,0.000801073307977,0.0801073308
904,119,0.00077502214349,0.0775022143
905,100,0.000651279112176,0.0651279112
906,122,0.000794560516855,0.0794560517
907,115,0.000748970979003,0.0748970979
908,116,0.000755483770125,0.075548377
909,128,0.000833637263586,0.0833637264
910,139,0.000905277965925,0.0905277966
911,127,0.000827124472464,0.0827124472
912,110,0.000716407023394,0.0716407023
913,132,0.000859688428073,0.0859688428
914,127,0.000827124472464,0.0827124472
915,144,0.000937841921534,0.0937841922
916,138,0.000898765174803,0.0898765175
917,142,0.00092481633929,0.0924816339
918,120,0.000781534934612,0.0781534935
919,133,0.000866201219194,0.0866201219
920,121,0.000788047725733,0.0788047726
921,167,0.00108763611733,0.108763612
922,123,0.000801073307977,0.0801073308
923,134,0.000872714010316,0.087271401
924,112,0.000729432605637,0.0729432606
925,134,0.000872714010316,0.087271401
926,133,0.000866201219194,0.0866201219
927,163,0.00106158495285,0.106158495
928,135,0.000879226801438,0.0879226801
929,151,0.000983431459386,0.0983431459
930,118,0.000768509352368,0.0768509352
931,130,0.000846662845829,0.0846662846
932,125,0.00081409889022,0.081409889
933,121,0.000788047725733,0.0788047726
934,99,0.000644766321055,0.0644766321
935,101,0.000657791903298,0.0657791903
936,109,0.000709894232272,0.0709894232
937,117,0.000761996561246,0.0761996561
938,96,0.000625227947689,0.0625227948
939,105,0.000683843067785,0.0683843068
940,97,0.000631740738811,0.0631740739
941,100,0.000651279112176,0.0651279112
942,107,0.000696868650029,0.069686865
943,83,0.000540561663106,0.0540561663
944,94,0.000612202365446,0.0612202365
945,85,0.00055358724535,0.0553587245
946,98,0.000638253529933,0.063825353
947,104,0.000677330276663,0.0677330277
948,103,0.000670817485542,0.0670817486
949,75,0.000488459334132,0.0488459334
950,75,0.000488459334132,0.0488459334
951,107,0.000696868650029,0.069686865
952,79,0.000514510498619,0.0514510499
953,84,0.000547074454228,0.0547074454
954,87,0.000566612827593,0.0566612828
955,89,0.000579638409837,0.057963841
956,94,0.000612202365446,0.0612202365
957,92,0.000599176783202,0.0599176783
958,89,0.000579638409837,0.057963841
959,88,0.000573125618715,0.0573125619
960,89,0.000579638409837,0.057963841
961,86,0.000560100036472,0.0560100036
962,88,0.000573125618715,0.0573125619
963,97,0.000631740738811,0.0631740739
964,95,0.000618715156567,0.0618715157
965,110,0.000716407023394,0.0716407023
966,99,0.000644766321055,0.0644766321
967,108,0.00070338144115,0.0703381441
968,108,0.00070338144115,0.0703381441
969,97,0.000631740738811,0.0631740739
970,94,0.000612202365446,0.0612202365
971,90,0.000586151200959,0.0586151201
972,94,0.000612202365446,0.0612202365
973,102,0.00066430469442,0.0664304694
974,84,0.000547074454228,0.0547074454
975,98,0.000638253529933,0.063825353
976,105,0.000683843067785,0.0683843068
977,88,0.000573125618715,0.0573125619
978,99,0.000644766321055,0.0644766321
979,95,0.000618715156567,0.0618715157
980,80,0.000521023289741,0.052102329
981,96,0.000625227947689,0.0625227948
982,82,0.000534048871985,0.0534048872
983,79,0.000514510498619,0.0514510499
984,100,0.000651279112176,0.0651279112
985,92,0.000599176783202,0.0599176783
986,86,0.000560100036472,0.0560100036
987,99,0.000644766321055,0.0644766321
988,95,0.000618715156567,0.0618715157
989,92,0.000599176783202,0.0599176783
990,91,0.00059266399208,0.0592663992
991,89,0.000579638409837,0.057963841
992,65,0.000423331422915,0.0423331423
993,84,0.000547074454228,0.0547074454
994,84,0.000547074454228,0.0547074454
995,69,0.000449382587402,0.0449382587
996,96,0.000625227947689,0.0625227948
997,78,0.000507997707498,0.0507997707
998,71,0.000462408169645,0.046240817
999,78,0.000507997707498,0.0507997707
1000,80,0.000521023289741,0.052102329
1001,77,0.000501484916376,0.0501484916
1002,74,0.00048194654301,0.0481946543
1003,46,0.000299588391601,0.0299588392
1004,78,0.000507997707498,0.0507997707
1005,73,0.000475433751889,0.0475433752
1006,85,0.00055358724535,0.0553587245
1007,78,0.000507997707498,0.0507997707
1008,82,0.000534048871985,0.0534048872
1009,86,0.000560100036472,0.0560100036
1010,84,0.000547074454228,0.0547074454
1011,75,0.000488459334132,0.0488459334
1012,97,0.000631740738811,0.0631740739
1013,107,0.000696868650029,0.069686865
1014,100,0.000651279112176,0.0651279112
1015,82,0.000534048871985,0.0534048872
1016,62,0.000403793049549,0.040379305
1017,74,0.00048194654301,0.0481946543
1018,74,0.00048194654301,0.0481946543
1019,67,0.000436357005158,0.0436357005
1020,72,0.000468920960767,0.0468920961
1021,87,0.000566612827593,0.0566612828
1022,93,0.000605689574324,0.0605689574
1023,122,0.000794560516855,0.0794560517
1024,1018,0.00663002136195,0.663002136
1025,110,0.000716407023394,0.0716407023
1026,75,0.000488459334132,0.0488459334
1027,70,0.000455895378523,0.0455895379
1028,86,0.000560100036472,0.0560100036
1029,85,0.00055358724535,0.0553587245
1030,94,0.000612202365446,0.0612202365
1031,61,0.000397280258428,0.0397280258
1032,48,0.000312613973845,0.0312613974
1033,57,0.00037122909394,0.0371229094
1034,60,0.000390767467306,0.0390767467
1035,51,0.00033215234721,0.0332152347
1036,64,0.000416818631793,0.0416818632
1037,53,0.000345177929453,0.0345177929
1038,49,0.000319126764966,0.0319126765
1039,57,0.00037122909394,0.0371229094
1040,65,0.000423331422915,0.0423331423
1041,67,0.000436357005158,0.0436357005
1042,63,0.000410305840671,0.0410305841
1043,56,0.000364716302819,0.0364716303
1044,46,0.000299588391601,0.0299588392
1045,74,0.00048194654301,0.0481946543
1046,55,0.000358203511697,0.0358203512
1047,45,0.000293075600479,0.02930756
1048,44,0.000286562809358,0.0286562809
1049,44,0.000286562809358,0.0286562809
1050,33,0.000214922107018,0.0214922107
1051,29,0.000188870942531,0.0188870943
1052,30,0.000195383733653,0.0195383734
1053,45,0.000293075600479,0.02930756
1054,52,0.000338665138332,0.0338665138
1055,48,0.000312613973845,0.0312613974
1056,86,0.000560100036472,0.0560100036
1057,71,0.000462408169645,0.046240817
1058,64,0.000416818631793,0.0416818632
1059,46,0.000299588391601,0.0299588392
1060,52,0.000338665138332,0.0338665138
1061,53,0.000345177929453,0.0345177929
1062,47,0.000306101182723,0.0306101183
1063,40,0.000260511644871,0.0260511645
1064,45,0.000293075600479,0.02930756
1065,57,0.00037122909394,0.0371229094
1066,42,0.000273537227114,0.0273537227
1067,43,0.000280050018236,0.0280050018
1068,37,0.000240973271505,0.0240973272
1069,48,0.000312613973845,0.0312613974
1070,36,0.000234460480383,0.023446048
1071,32,0.000208409315896,0.0208409316
1072,46,0.000299588391601,0.0299588392
1073,39,0.000253998853749,0.0253998854
1074,48,0.000312613973845,0.0312613974
1075,66,0.000429844214036,0.0429844214
1076,47,0.000306101182723,0.0306101183
1077,60,0.000390767467306,0.0390767467
1078,56,0.000364716302819,0.0364716303
1079,55,0.000358203511697,0.0358203512
1080,45,0.000293075600479,0.02930756
1081,45,0.000293075600479,0.02930756
1082,59,0.000384254676184,0.0384254676
1083,57,0.00037122909394,0.0371229094
1084,62,0.000403793049549,0.040379305
1085,55,0.000358203511697,0.0358203512
1086,45,0.000293075600479,0.02930756
1087,50,0.000325639556088,0.0325639556
1088,54,0.000351690720575,0.0351690721
1089,45,0.000293075600479,0.02930756
1090,49,0.000319126764966,0.0319126765
1091,44,0.000286562809358,0.0286562809
1092,59,0.000384254676184,0.0384254676
1093,42,0.000273537227114,0.0273537227
1094,44,0.000286562809358,0.0286562809
1095,51,0.00033215234721,0.0332152347
1096,38,0.000247486062627,0.0247486063
1097,43,0.000280050018236,0.0280050018
1098,39,0.000253998853749,0.0253998854
1099,41,0.000267024435992,0.0267024436
1100,41,0.000267024435992,0.0267024436
1101,47,0.000306101182723,0.0306101183
1102,37,0.000240973271505,0.0240973272
1103,37,0.000240973271505,0.0240973272
1104,35,0.000227947689262,0.0227947689
1105,34,0.00022143489814,0.0221434898
1106,38,0.000247486062627,0.0247486063
1107,42,0.000273537227114,0.0273537227
1108,54,0.000351690720575,0.0351690721
1109,48,0.000312613973845,0.0312613974
1110,43,0.000280050018236,0.0280050018
1111,58,0.000377741885062,0.0377741885
1112,56,0.000364716302819,0.0364716303
1113,40,0.000260511644871,0.0260511645
1114,54,0.000351690720575,0.0351690721
1115,56,0.000364716302819,0.0364716303
1116,65,0.000423331422915,0.0423331423
1117,179,0.0011657896108,0.116578961
1118,50,0.000325639556088,0.0325639556
1119,63,0.000410305840671,0.0410305841
1120,68,0.00044286979628,0.0442869796
1121,51,0.00033215234721,0.0332152347
1122,61,0.000397280258428,0.0397280258
1123,58,0.000377741885062,0.0377741885
1124,47,0.000306101182723,0.0306101183
1125,37,0.000240973271505,0.0240973272
1126,44,0.000286562809358,0.0286562809
1127,53,0.000345177929453,0.0345177929
1128,54,0.000351690720575,0.0351690721
1129,36,0.000234460480383,0.023446048
1130,41,0.000267024435992,0.0267024436
1131,51,0.00033215234721,0.0332152347
1132,44,0.000286562809358,0.0286562809
1133,46,0.000299588391601,0.0299588392
1134,46,0.000299588391601,0.0299588392
1135,34,0.00022143489814,0.0221434898
1136,32,0.000208409315896,0.0208409316
1137,32,0.000208409315896,0.0208409316
1138,39,0.000253998853749,0.0253998854
1139,37,0.000240973271505,0.0240973272
1140,49,0.000319126764966,0.0319126765
1141,37,0.000240973271505,0.0240973272
1142,32,0.000208409315896,0.0208409316
1143,45,0.000293075600479,0.02930756
1144,48,0.000312613973845,0.0312613974
1145,38,0.000247486062627,0.0247486063
1146,54,0.000351690720575,0.0351690721
1147,47,0.000306101182723,0.0306101183
1148,35,0.000227947689262,0.0227947689
1149,46,0.000299588391601,0.0299588392
1150,63,0.000410305840671,0.0410305841
1151,32,0.000208409315896,0.0208409316
1152,49,0.000319126764966,0.0319126765
1153,46,0.000299588391601,0.0299588392
1154,38,0.000247486062627,0.0247486063
1155,54,0.000351690720575,0.0351690721
1156,43,0.000280050018236,0.0280050018
1157,32,0.000208409315896,0.0208409316
1158,30,0.000195383733653,0.0195383734
1159,52,0.000338665138332,0.0338665138
1160,52,0.000338665138332,0.0338665138
1161,50,0.000325639556088,0.0325639556
1162,45,0.000293075600479,0.02930756
1163,41,0.000267024435992,0.0267024436
1164,53,0.000345177929453,0.0345177929
1165,54,0.000351690720575,0.0351690721
1166,43,0.000280050018236,0.0280050018
1167,51,0.00033215234721,0.0332152347
1168,55,0.000358203511697,0.0358203512
1169,37,0.000240973271505,0.0240973272
1170,42,0.000273537227114,0.0273537227
1171,43,0.000280050018236,0.0280050018
1172,25,0.000162819778044,0.0162819778
1173,35,0.000227947689262,0.0227947689
1174,45,0.000293075600479,0.02930756
1175,23,0.000149794195801,0.0149794196
1176,34,0.00022143489814,0.0221434898
1177,30,0.000195383733653,0.0195383734
1178,15,9.76918668264e-05,0.00976918668
1179,26,0.000169332569166,0.0169332569
1180,32,0.000208409315896,0.0208409316
1181,14,9.11790757047e-05,0.00911790757
1182,33,0.000214922107018,0.0214922107
1183,30,0.000195383733653,0.0195383734
1184,15,9.76918668264e-05,0.00976918668
1185,27,0.000175845360288,0.017584536
1186,20,0.000130255822435,0.0130255822
1187,16,0.000104204657948,0.0104204658
1188,20,0.000130255822435,0.0130255822
1189,18,0.000117230240192,0.011723024
1190,19,0.000123743031313,0.0123743031
1191,28,0.000182358151409,0.0182358151
1192,30,0.000195383733653,0.0195383734
1193,24,0.000156306986922,0.0156306987
1194,31,0.000201896524775,0.0201896525
1195,27,0.000175845360288,0.017584536
1196,26,0.000169332569166,0.0169332569
1197,39,0.000253998853749,0.0253998854
1198,30,0.000195383733653,0.0195383734
1199,23,0.000149794195801,0.0149794196
1200,29,0.000188870942531,0.0188870943
1201,29,0.000188870942531,0.0188870943
1202,22,0.000143281404679,0.0143281405
1203,22,0.000143281404679,0.0143281405
1204,24,0.000156306986922,0.0156306987
1205,22,0.000143281404679,0.0143281405
1206,17,0.00011071744907,0.0110717449
1207,18,0.000117230240192,0.011723024
1208,16,0.000104204657948,0.0104204658
1209,27,0.000175845360288,0.017584536
1210,28,0.000182358151409,0.0182358151
1211,28,0.000182358151409,0.0182358151
1212,34,0.00022143489814,0.0221434898
1213,45,0.000293075600479,0.02930756
1214,30,0.000195383733653,0.0195383734
1215,35,0.000227947689262,0.0227947689
1216,34,0.00022143489814,0.0221434898
1217,22,0.000143281404679,0.0143281405
1218,31,0.000201896524775,0.0201896525
1219,24,0.000156306986922,0.0156306987
1220,43,0.000280050018236,0.0280050018
1221,49,0.000319126764966,0.0319126765
1222,38,0.000247486062627,0.0247486063
1223,34,0.00022143489814,0.0221434898
1224,14,9.11790757047e-05,0.00911790757
1225,16,0.000104204657948,0.0104204658
1226,16,0.000104204657948,0.0104204658
1227,12,7.81534934612e-05,0.00781534935
1228,3152,0.0205283176158,2.05283176
1229,19,0.000123743031313,0.0123743031
1230,19,0.000123743031313,0.0123743031
1231,18,0.000117230240192,0.011723024
1232,6,3.90767467306e-05,0.00390767467
1233,15,9.76918668264e-05,0.00976918668
1234,19,0.000123743031313,0.0123743031
1235,9,5.86151200959e-05,0.00586151201
1236,12,7.81534934612e-05,0.00781534935
1237,10,6.51279112176e-05,0.00651279112
1238,11,7.16407023394e-05,0.00716407023
1239,10,6.51279112176e-05,0.00651279112
1240,14,9.11790757047e-05,0.00911790757
1241,10,6.51279112176e-05,0.00651279112
1242,9,5.86151200959e-05,0.00586151201
1243,7,4.55895378523e-05,0.00455895379
1244,6,3.90767467306e-05,0.00390767467
1245,9,5.86151200959e-05,0.00586151201
1246,9,5.86151200959e-05,0.00586151201
1247,10,6.51279112176e-05,0.00651279112
1248,11,7.16407023394e-05,0.00716407023
1249,6,3.90767467306e-05,0.00390767467
1250,7,4.55895378523e-05,0.00455895379
1251,5,3.25639556088e-05,0.00325639556
1252,10,6.51279112176e-05,0.00651279112
1253,8,5.21023289741e-05,0.0052102329
1254,8,5.21023289741e-05,0.0052102329
1255,6,3.90767467306e-05,0.00390767467
1256,2,1.30255822435e-05,0.00130255822
1257,5,3.25639556088e-05,0.00325639556
1258,5,3.25639556088e-05,0.00325639556
1259,9,5.86151200959e-05,0.00586151201
1260,3,1.95383733653e-05,0.00195383734
1261,8,5.21023289741e-05,0.0052102329
1262,3,1.95383733653e-05,0.00195383734
1263,5,3.25639556088e-05,0.00325639556
1264,3,1.95383733653e-05,0.00195383734
1265,9,5.86151200959e-05,0.00586151201
1266,8,5.21023289741e-05,0.0052102329
1267,11,7.16407023394e-05,0.00716407023
1268,11,7.16407023394e-05,0.00716407023
1269,20,0.000130255822435,0.0130255822
1270,7,4.55895378523e-05,0.00455895379
1271,11,7.16407023394e-05,0.00716407023
1272,13,8.46662845829e-05,0.00846662846
1273,9,5.86151200959e-05,0.00586151201
1274,13,8.46662845829e-05,0.00846662846
1275,13,8.46662845829e-05,0.00846662846
1276,20,0.000130255822435,0.0130255822
1277,21,0.000136768613557,0.0136768614
1278,14,9.11790757047e-05,0.00911790757
1279,10,6.51279112176e-05,0.00651279112
1280,15,9.76918668264e-05,0.00976918668
1281,16,0.000104204657948,0.0104204658
1282,7,4.55895378523e-05,0.00455895379
1283,13,8.46662845829e-05,0.00846662846
1284,12,7.81534934612e-05,0.00781534935
1285,15,9.76918668264e-05,0.00976918668
1286,15,9.76918668264e-05,0.00976918668
1287,11,7.16407023394e-05,0.00716407023
1288,5,3.25639556088e-05,0.00325639556
1289,13,8.46662845829e-05,0.00846662846
1290,17,0.00011071744907,0.0110717449
1291,22,0.000143281404679,0.0143281405
1292,17,0.00011071744907,0.0110717449
1293,13,8.46662845829e-05,0.00846662846
1294,17,0.00011071744907,0.0110717449
1295,14,9.11790757047e-05,0.00911790757
1296,14,9.11790757047e-05,0.00911790757
1297,16,0.000104204657948,0.0104204658
1298,15,9.76918668264e-05,0.00976918668
1299,24,0.000156306986922,0.0156306987
1300,13,8.46662845829e-05,0.00846662846
1301,9,5.86151200959e-05,0.00586151201
1302,12,7.81534934612e-05,0.00781534935
1303,16,0.000104204657948,0.0104204658
1304,15,9.76918668264e-05,0.00976918668
1305,11,7.16407023394e-05,0.00716407023
1306,16,0.000104204657948,0.0104204658
1307,6,3.90767467306e-05,0.00390767467
1308,22,0.000143281404679,0.0143281405
1309,12,7.81534934612e-05,0.00781534935
1310,10,6.51279112176e-05,0.00651279112
1311,12,7.81534934612e-05,0.00781534935
1312,13,8.46662845829e-05,0.00846662846
1313,13,8.46662845829e-05,0.00846662846
1314,13,8.46662845829e-05,0.00846662846
1315,11,7.16407023394e-05,0.00716407023
1316,13,8.46662845829e-05,0.00846662846
1317,10,6.51279112176e-05,0.00651279112
1318,17,0.00011071744907,0.0110717449
1319,12,7.81534934612e-05,0.00781534935
1320,11,7.16407023394e-05,0.00716407023
1321,8,5.21023289741e-05,0.0052102329
1322,12,7.81534934612e-05,0.00781534935
1323,6,3.90767467306e-05,0.00390767467
1324,15,9.76918668264e-05,0.00976918668
1325,7,4.55895378523e-05,0.00455895379
1326,12,7.81534934612e-05,0.00781534935
1327,11,7.16407023394e-05,0.00716407023
1328,12,7.81534934612e-05,0.00781534935
1329,10,6.51279112176e-05,0.00651279112
1330,6,3.90767467306e-05,0.00390767467
1331,6,3.90767467306e-05,0.00390767467
1332,4,2.60511644871e-05,0.00260511645
1333,3,1.95383733653e-05,0.00195383734
1334,10,6.51279112176e-05,0.00651279112
1335,11,7.16407023394e-05,0.00716407023
1336,8,5.21023289741e-05,0.0052102329
1337,9,5.86151200959e-05,0.00586151201
1338,7,4.55895378523e-05,0.00455895379
1339,3,1.95383733653e-05,0.00195383734
1340,7,4.55895378523e-05,0.00455895379
1341,9,5.86151200959e-05,0.00586151201
1342,7,4.55895378523e-05,0.00455895379
1343,6,3.90767467306e-05,0.00390767467
1344,5,3.25639556088e-05,0.00325639556
1345,6,3.90767467306e-05,0.00390767467
1346,20,0.000130255822435,0.0130255822
1347,12,7.81534934612e-05,0.00781534935
1348,12,7.81534934612e-05,0.00781534935
1349,14,9.11790757047e-05,0.00911790757
1350,11,7.16407023394e-05,0.00716407023
1351,10,6.51279112176e-05,0.00651279112
1352,11,7.16407023394e-05,0.00716407023
1353,9,5.86151200959e-05,0.00586151201
1354,9,5.86151200959e-05,0.00586151201
1355,17,0.00011071744907,0.0110717449
1356,14,9.11790757047e-05,0.00911790757
1357,11,7.16407023394e-05,0.00716407023
1358,5,3.25639556088e-05,0.00325639556
1359,8,5.21023289741e-05,0.0052102329
1360,7,4.55895378523e-05,0.00455895379
1361,10,6.51279112176e-05,0.00651279112
1362,13,8.46662845829e-05,0.00846662846
1363,8,5.21023289741e-05,0.0052102329
1364,7,4.55895378523e-05,0.00455895379
1365,11,7.16407023394e-05,0.00716407023
1366,12,7.81534934612e-05,0.00781534935
1367,17,0.00011071744907,0.0110717449
1368,13,8.46662845829e-05,0.00846662846
1369,16,0.000104204657948,0.0104204658
1370,14,9.11790757047e-05,0.00911790757
1371,11,7.16407023394e-05,0.00716407023
1372,13,8.46662845829e-05,0.00846662846
1373,14,9.11790757047e-05,0.00911790757
1374,12,7.81534934612e-05,0.00781534935
1375,12,7.81534934612e-05,0.00781534935
1376,14,9.11790757047e-05,0.00911790757
1377,14,9.11790757047e-05,0.00911790757
1378,11,7.16407023394e-05,0.00716407023
1379,13,8.46662845829e-05,0.00846662846
1380,6,3.90767467306e-05,0.00390767467
1381,12,7.81534934612e-05,0.00781534935
1382,14,9.11790757047e-05,0.00911790757
1383,7,4.55895378523e-05,0.00455895379
1384,14,9.11790757047e-05,0.00911790757
1385,11,7.16407023394e-05,0.00716407023
1386,10,6.51279112176e-05,0.00651279112
1387,15,9.76918668264e-05,0.00976918668
1388,10,6.51279112176e-05,0.00651279112
1389,11,7.16407023394e-05,0.00716407023
1390,14,9.11790757047e-05,0.00911790757
1391,9,5.86151200959e-05,0.00586151201
1392,9,5.86151200959e-05,0.00586151201
1393,5,3.25639556088e-05,0.00325639556
1394,8,5.21023289741e-05,0.0052102329
1395,10,6.51279112176e-05,0.00651279112
1396,14,9.11790757047e-05,0.00911790757
1397,8,5.21023289741e-05,0.0052102329
1398,4,2.60511644871e-05,0.00260511645
1399,10,6.51279112176e-05,0.00651279112
1400,6,3.90767467306e-05,0.00390767467
1401,9,5.86151200959e-05,0.00586151201
1402,6,3.90767467306e-05,0.00390767467
1403,5,3.25639556088e-05,0.00325639556
1404,9,5.86151200959e-05,0.00586151201
1405,7,4.55895378523e-05,0.00455895379
1406,10,6.51279112176e-05,0.00651279112
1407,9,5.86151200959e-05,0.00586151201
1408,10,6.51279112176e-05,0.00651279112
1409,5,3.25639556088e-05,0.00325639556
1410,9,5.86151200959e-05,0.00586151201
1411,11,7.16407023394e-05,0.00716407023
1412,10,6.51279112176e-05,0.00651279112
1413,9,5.86151200959e-05,0.00586151201
1414,23,0.000149794195801,0.0149794196
1415,17,0.00011071744907,0.0110717449
1416,12,7.81534934612e-05,0.00781534935
1417,17,0.00011071744907,0.0110717449
1418,8,5.21023289741e-05,0.0052102329
1419,14,9.11790757047e-05,0.00911790757
1420,14,9.11790757047e-05,0.00911790757
1421,10,6.51279112176e-05,0.00651279112
1422,8,5.21023289741e-05,0.0052102329
1423,10,6.51279112176e-05,0.00651279112
1424,12,7.81534934612e-05,0.00781534935
1425,10,6.51279112176e-05,0.00651279112
1426,13,8.46662845829e-05,0.00846662846
1427,7,4.55895378523e-05,0.00455895379
1428,7,4.55895378523e-05,0.00455895379
1429,12,7.81534934612e-05,0.00781534935
1430,10,6.51279112176e-05,0.00651279112
1431,8,5.21023289741e-05,0.0052102329
1432,10,6.51279112176e-05,0.00651279112
1433,5,3.25639556088e-05,0.00325639556
1434,11,7.16407023394e-05,0.00716407023
1435,13,8.46662845829e-05,0.00846662846
1436,14,9.11790757047e-05,0.00911790757
1437,8,5.21023289741e-05,0.0052102329
1438,12,7.81534934612e-05,0.00781534935
1439,11,7.16407023394e-05,0.00716407023
1440,10,6.51279112176e-05,0.00651279112
1441,9,5.86151200959e-05,0.00586151201
1442,17,0.00011071744907,0.0110717449
1443,14,9.11790757047e-05,0.00911790757
1444,8,5.21023289741e-05,0.0052102329
1445,8,5.21023289741e-05,0.0052102329
1446,12,7.81534934612e-05,0.00781534935
1447,7,4.55895378523e-05,0.00455895379
1448,9,5.86151200959e-05,0.00586151201
1449,10,6.51279112176e-05,0.00651279112
1450,9,5.86151200959e-05,0.00586151201
1451,10,6.51279112176e-05,0.00651279112
1452,11,7.16407023394e-05,0.00716407023
1453,8,5.21023289741e-05,0.0052102329
1454,10,6.51279112176e-05,0.00651279112
1455,5,3.25639556088e-05,0.00325639556
1456,10,6.51279112176e-05,0.00651279112
1457,10,6.51279112176e-05,0.00651279112
1458,6,3.90767467306e-05,0.00390767467
1459,5,3.25639556088e-05,0.00325639556
1460,7,4.55895378523e-05,0.00455895379
1461,2,1.30255822435e-05,0.00130255822
1462,6,3.90767467306e-05,0.00390767467
1463,6,3.90767467306e-05,0.00390767467
1464,2,1.30255822435e-05,0.00130255822
1465,1,6.51279112176e-06,0.000651279112
1466,8,5.21023289741e-05,0.0052102329
1467,5,3.25639556088e-05,0.00325639556
1468,8,5.21023289741e-05,0.0052102329
1469,4,2.60511644871e-05,0.00260511645
1470,4,2.60511644871e-05,0.00260511645
1471,2,1.30255822435e-05,0.00130255822
1472,8,5.21023289741e-05,0.0052102329
1473,8,5.21023289741e-05,0.0052102329
1474,3,1.95383733653e-05,0.00195383734
1475,4,2.60511644871e-05,0.00260511645
1476,5,3.25639556088e-05,0.00325639556
1477,4,2.60511644871e-05,0.00260511645
1478,5,3.25639556088e-05,0.00325639556
1479,4,2.60511644871e-05,0.00260511645
1480,14,9.11790757047e-05,0.00911790757
1481,11,7.16407023394e-05,0.00716407023
1482,17,0.00011071744907,0.0110717449
1483,16,0.000104204657948,0.0104204658
1484,14,9.11790757047e-05,0.00911790757
1485,8,5.21023289741e-05,0.0052102329
1486,8,5.21023289741e-05,0.0052102329
1487,3,1.95383733653e-05,0.00195383734
1488,13,8.46662845829e-05,0.00846662846
1489,3,1.95383733653e-05,0.00195383734
1490,10,6.51279112176e-05,0.00651279112
1491,10,6.51279112176e-05,0.00651279112
1492,14,9.11790757047e-05,0.00911790757
1493,9,5.86151200959e-05,0.00586151201
1494,12,7.81534934612e-05,0.00781534935
1495,13,8.46662845829e-05,0.00846662846
1496,13,8.46662845829e-05,0.00846662846
1497,16,0.000104204657948,0.0104204658
1498,17,0.00011071744907,0.0110717449
1499,12,7.81534934612e-05,0.00781534935
1500,11,7.16407023394e-05,0.00716407023
1501,6,3.90767467306e-05,0.00390767467
1502,9,5.86151200959e-05,0.00586151201
1503,6,3.90767467306e-05,0.00390767467
1504,4,2.60511644871e-05,0.00260511645
1505,13,8.46662845829e-05,0.00846662846
1506,11,7.16407023394e-05,0.00716407023
1507,10,6.51279112176e-05,0.00651279112
1508,9,5.86151200959e-05,0.00586151201
1509,16,0.000104204657948,0.0104204658
1510,7,4.55895378523e-05,0.00455895379
1511,7,4.55895378523e-05,0.00455895379
1512,11,7.16407023394e-05,0.00716407023
1513,14,9.11790757047e-05,0.00911790757
1514,13,8.46662845829e-05,0.00846662846
1515,20,0.000130255822435,0.0130255822
1516,22,0.000143281404679,0.0143281405
1517,12,7.81534934612e-05,0.00781534935
1518,20,0.000130255822435,0.0130255822
1519,18,0.000117230240192,0.011723024
1520,17,0.00011071744907,0.0110717449
1521,24,0.000156306986922,0.0156306987
1522,20,0.000130255822435,0.0130255822
1523,19,0.000123743031313,0.0123743031
1524,20,0.000130255822435,0.0130255822
1525,25,0.000162819778044,0.0162819778
1526,17,0.00011071744907,0.0110717449
1527,30,0.000195383733653,0.0195383734
1528,26,0.000169332569166,0.0169332569
1529,30,0.000195383733653,0.0195383734
1530,16,0.000104204657948,0.0104204658
1531,8,5.21023289741e-05,0.0052102329
1532,9,5.86151200959e-05,0.00586151201
1533,12,7.81534934612e-05,0.00781534935
1534,14,9.11790757047e-05,0.00911790757
1535,11,7.16407023394e-05,0.00716407023
1536,879,0.00572474339603,0.57247434
1537,9,5.86151200959e-05,0.00586151201
1538,5,3.25639556088e-05,0.00325639556
1539,8,5.21023289741e-05,0.0052102329
1540,7,4.55895378523e-05,0.00455895379
1541,6,3.90767467306e-05,0.00390767467
1542,5,3.25639556088e-05,0.00325639556
1543,11,7.16407023394e-05,0.00716407023
1544,26,0.000169332569166,0.0169332569
1545,24,0.000156306986922,0.0156306987
1546,16,0.000104204657948,0.0104204658
1547,13,8.46662845829e-05,0.00846662846
1548,5,3.25639556088e-05,0.00325639556
1549,7,4.55895378523e-05,0.00455895379
1550,3,1.95383733653e-05,0.00195383734
1551,7,4.55895378523e-05,0.00455895379
1552,8,5.21023289741e-05,0.0052102329
1553,10,6.51279112176e-05,0.00651279112
1554,8,5.21023289741e-05,0.0052102329
1555,3,1.95383733653e-05,0.00195383734
1556,9,5.86151200959e-05,0.00586151201
1557,6,3.90767467306e-05,0.00390767467
1558,4,2.60511644871e-05,0.00260511645
1559,5,3.25639556088e-05,0.00325639556
1560,8,5.21023289741e-05,0.0052102329
1561,6,3.90767467306e-05,0.00390767467
1562,11,7.16407023394e-05,0.00716407023
1563,3,1.95383733653e-05,0.00195383734
1564,4,2.60511644871e-05,0.00260511645
1565,7,4.55895378523e-05,0.00455895379
1566,5,3.25639556088e-05,0.00325639556
1567,8,5.21023289741e-05,0.0052102329
1568,8,5.21023289741e-05,0.0052102329
1569,9,5.86151200959e-05,0.00586151201
1570,5,3.25639556088e-05,0.00325639556
1571,4,2.60511644871e-05,0.00260511645
1572,10,6.51279112176e-05,0.00651279112
1573,8,5.21023289741e-05,0.0052102329
1574,7,4.55895378523e-05,0.00455895379
1575,9,5.86151200959e-05,0.00586151201
1576,9,5.86151200959e-05,0.00586151201
1577,9,5.86151200959e-05,0.00586151201
1578,9,5.86151200959e-05,0.00586151201
1579,5,3.25639556088e-05,0.00325639556
1580,8,5.21023289741e-05,0.0052102329
1581,5,3.25639556088e-05,0.00325639556
1582,15,9.76918668264e-05,0.00976918668
1583,9,5.86151200959e-05,0.00586151201
1584,6,3.90767467306e-05,0.00390767467
1585,3,1.95383733653e-05,0.00195383734
1586,11,7.16407023394e-05,0.00716407023
1587,16,0.000104204657948,0.0104204658
1588,9,5.86151200959e-05,0.00586151201
1589,9,5.86151200959e-05,0.00586151201
1590,12,7.81534934612e-05,0.00781534935
1591,10,6.51279112176e-05,0.00651279112
1592,10,6.51279112176e-05,0.00651279112
1593,9,5.86151200959e-05,0.00586151201
1594,14,9.11790757047e-05,0.00911790757
1595,11,7.16407023394e-05,0.00716407023
1596,8,5.21023289741e-05,0.0052102329
1597,7,4.55895378523e-05,0.00455895379
1598,2,1.30255822435e-05,0.00130255822
1599,8,5.21023289741e-05,0.0052102329
1600,6,3.90767467306e-05,0.00390767467
1601,10,6.51279112176e-05,0.00651279112
1602,8,5.21023289741e-05,0.0052102329
1603,7,4.55895378523e-05,0.00455895379
1604,8,5.21023289741e-05,0.0052102329
1605,10,6.51279112176e-05,0.00651279112
1606,7,4.55895378523e-05,0.00455895379
1607,5,3.25639556088e-05,0.00325639556
1608,10,6.51279112176e-05,0.00651279112
1609,8,5.21023289741e-05,0.0052102329
1610,4,2.60511644871e-05,0.00260511645
1611,13,8.46662845829e-05,0.00846662846
1612,7,4.55895378523e-05,0.00455895379
1613,7,4.55895378523e-05,0.00455895379
1614,11,7.16407023394e-05,0.00716407023
1615,11,7.16407023394e-05,0.00716407023
1616,6,3.90767467306e-05,0.00390767467
1617,8,5.21023289741e-05,0.0052102329
1618,6,3.90767467306e-05,0.00390767467
1619,7,4.55895378523e-05,0.00455895379
1620,4,2.60511644871e-05,0.00260511645
1621,6,3.90767467306e-05,0.00390767467
1622,8,5.21023289741e-05,0.0052102329
1623,7,4.55895378523e-05,0.00455895379
1624,6,3.90767467306e-05,0.00390767467
1625,7,4.55895378523e-05,0.00455895379
1626,11,7.16407023394e-05,0.00716407023
1627,6,3.90767467306e-05,0.00390767467
1628,4,2.60511644871e-05,0.00260511645
1629,7,4.55895378523e-05,0.00455895379
1630,14,9.11790757047e-05,0.00911790757
1631,10,6.51279112176e-05,0.00651279112
1632,11,7.16407023394e-05,0.00716407023
1633,18,0.000117230240192,0.011723024
1634,12,7.81534934612e-05,0.00781534935
1635,10,6.51279112176e-05,0.00651279112
1636,8,5.21023289741e-05,0.0052102329
1637,13,8.46662845829e-05,0.00846662846
1638,7,4.55895378523e-05,0.00455895379
1639,13,8.46662845829e-05,0.00846662846
1640,7,4.55895378523e-05,0.00455895379
1641,13,8.46662845829e-05,0.00846662846
1642,5,3.25639556088e-05,0.00325639556
1643,14,9.11790757047e-05,0.00911790757
1644,9,5.86151200959e-05,0.00586151201
1645,10,6.51279112176e-05,0.00651279112
1646,7,4.55895378523e-05,0.00455895379
1647,10,6.51279112176e-05,0.00651279112
1648,6,3.90767467306e-05,0.00390767467
1649,12,7.81534934612e-05,0.00781534935
1650,11,7.16407023394e-05,0.00716407023
1651,4,2.60511644871e-05,0.00260511645
1652,7,4.55895378523e-05,0.00455895379
1653,7,4.55895378523e-05,0.00455895379
1654,9,5.86151200959e-05,0.00586151201
1655,7,4.55895378523e-05,0.00455895379
1656,5,3.25639556088e-05,0.00325639556
1657,7,4.55895378523e-05,0.00455895379
1658,8,5.21023289741e-05,0.0052102329
1659,4,2.60511644871e-05,0.00260511645
1660,10,6.51279112176e-05,0.00651279112
1661,15,9.76918668264e-05,0.00976918668
1662,10,6.51279112176e-05,0.00651279112
1663,9,5.86151200959e-05,0.00586151201
1664,6,3.90767467306e-05,0.00390767467
1665,6,3.90767467306e-05,0.00390767467
1666,7,4.55895378523e-05,0.00455895379
1667,4,2.60511644871e-05,0.00260511645
1668,5,3.25639556088e-05,0.00325639556
1669,6,3.90767467306e-05,0.00390767467
1670,5,3.25639556088e-05,0.00325639556
1671,10,6.51279112176e-05,0.00651279112
1672,2,1.30255822435e-05,0.00130255822
1673,3,1.95383733653e-05,0.00195383734
1674,6,3.90767467306e-05,0.00390767467
1675,8,5.21023289741e-05,0.0052102329
1676,6,3.90767467306e-05,0.00390767467
1677,8,5.21023289741e-05,0.0052102329
1678,5,3.25639556088e-05,0.00325639556
1679,3,1.95383733653e-05,0.00195383734
1680,5,3.25639556088e-05,0.00325639556
1681,2,1.30255822435e-05,0.00130255822
1682,5,3.25639556088e-05,0.00325639556
1683,2,1.30255822435e-05,0.00130255822
1684,7,4.55895378523e-05,0.00455895379
1685,1,6.51279112176e-06,0.000651279112
1686,2,1.30255822435e-05,0.00130255822
1687,2,1.30255822435e-05,0.00130255822
1688,2,1.30255822435e-05,0.00130255822
1691,4,2.60511644871e-05,0.00260511645
1692,2,1.30255822435e-05,0.00130255822
1693,2,1.30255822435e-05,0.00130255822
1694,2,1.30255822435e-05,0.00130255822
1695,3,1.95383733653e-05,0.00195383734
1696,4,2.60511644871e-05,0.00260511645
1697,2,1.30255822435e-05,0.00130255822
1698,4,2.60511644871e-05,0.00260511645
1699,4,2.60511644871e-05,0.00260511645
1700,2,1.30255822435e-05,0.00130255822
1701,6,3.90767467306e-05,0.00390767467
1702,1,6.51279112176e-06,0.000651279112
1703,1,6.51279112176e-06,0.000651279112
1704,2,1.30255822435e-05,0.00130255822
1706,4,2.60511644871e-05,0.00260511645
1707,2,1.30255822435e-05,0.00130255822
1708,4,2.60511644871e-05,0.00260511645
1709,1,6.51279112176e-06,0.000651279112
1710,4,2.60511644871e-05,0.00260511645
1711,3,1.95383733653e-05,0.00195383734
1712,1,6.51279112176e-06,0.000651279112
1713,4,2.60511644871e-05,0.00260511645
1714,1,6.51279112176e-06,0.000651279112
1715,2,1.30255822435e-05,0.00130255822
1716,3,1.95383733653e-05,0.00195383734
1717,3,1.95383733653e-05,0.00195383734
1718,4,2.60511644871e-05,0.00260511645
1719,5,3.25639556088e-05,0.00325639556
1720,3,1.95383733653e-05,0.00195383734
1721,5,3.25639556088e-05,0.00325639556
1723,5,3.25639556088e-05,0.00325639556
1724,1,6.51279112176e-06,0.000651279112
1725,2,1.30255822435e-05,0.00130255822
1726,1,6.51279112176e-06,0.000651279112
1727,4,2.60511644871e-05,0.00260511645
1728,2,1.30255822435e-05,0.00130255822
1729,2,1.30255822435e-05,0.00130255822
1730,3,1.95383733653e-05,0.00195383734
1731,5,3.25639556088e-05,0.00325639556
1732,2,1.30255822435e-05,0.00130255822
1734,3,1.95383733653e-05,0.00195383734
1735,4,2.60511644871e-05,0.00260511645
1736,2,1.30255822435e-05,0.00130255822
1737,3,1.95383733653e-05,0.00195383734
1738,3,1.95383733653e-05,0.00195383734
1739,5,3.25639556088e-05,0.00325639556
1740,4,2.60511644871e-05,0.00260511645
1741,1,6.51279112176e-06,0.000651279112
1742,3,1.95383733653e-05,0.00195383734
1743,1,6.51279112176e-06,0.000651279112
1744,2,1.30255822435e-05,0.00130255822
1745,1,6.51279112176e-06,0.000651279112
1746,2,1.30255822435e-05,0.00130255822
1747,2,1.30255822435e-05,0.00130255822
1748,3,1.95383733653e-05,0.00195383734
1749,1,6.51279112176e-06,0.000651279112
1750,3,1.95383733653e-05,0.00195383734
1751,2,1.30255822435e-05,0.00130255822
1752,3,1.95383733653e-05,0.00195383734
1753,3,1.95383733653e-05,0.00195383734
1754,4,2.60511644871e-05,0.00260511645
1755,40,0.000260511644871,0.0260511645
1756,3,1.95383733653e-05,0.00195383734
1757,2,1.30255822435e-05,0.00130255822
1758,2,1.30255822435e-05,0.00130255822
1760,1,6.51279112176e-06,0.000651279112
1761,1,6.51279112176e-06,0.000651279112
1762,3,1.95383733653e-05,0.00195383734
1763,3,1.95383733653e-05,0.00195383734
1764,1,6.51279112176e-06,0.000651279112
1765,3,1.95383733653e-05,0.00195383734
1766,2,1.30255822435e-05,0.00130255822
1767,4,2.60511644871e-05,0.00260511645
1768,2,1.30255822435e-05,0.00130255822
1769,2,1.30255822435e-05,0.00130255822
1770,3,1.95383733653e-05,0.00195383734
1771,6,3.90767467306e-05,0.00390767467
1772,1,6.51279112176e-06,0.000651279112
1773,5,3.25639556088e-05,0.00325639556
1774,3,1.95383733653e-05,0.00195383734
1776,1,6.51279112176e-06,0.000651279112
1777,3,1.95383733653e-05,0.00195383734
1778,3,1.95383733653e-05,0.00195383734
1779,1,6.51279112176e-06,0.000651279112
1780,1,6.51279112176e-06,0.000651279112
1781,4,2.60511644871e-05,0.00260511645
1782,2,1.30255822435e-05,0.00130255822
1783,1,6.51279112176e-06,0.000651279112
1784,1,6.51279112176e-06,0.000651279112
1785,3,1.95383733653e-05,0.00195383734
1787,1,6.51279112176e-06,0.000651279112
1788,2,1.30255822435e-05,0.00130255822
1790,1,6.51279112176e-06,0.000651279112
1791,5,3.25639556088e-05,0.00325639556
1793,1,6.51279112176e-06,0.000651279112
1794,2,1.30255822435e-05,0.00130255822
1795,2,1.30255822435e-05,0.00130255822
1796,3,1.95383733653e-05,0.00195383734
1797,3,1.95383733653e-05,0.00195383734
1799,1,6.51279112176e-06,0.000651279112
1800,3,1.95383733653e-05,0.00195383734
1801,1,6.51279112176e-06,0.000651279112
1802,2,1.30255822435e-05,0.00130255822
1803,3,1.95383733653e-05,0.00195383734
1805,2,1.30255822435e-05,0.00130255822
1806,1,6.51279112176e-06,0.000651279112
1807,1,6.51279112176e-06,0.000651279112
1808,3,1.95383733653e-05,0.00195383734
1809,2,1.30255822435e-05,0.00130255822
1810,1,6.51279112176e-06,0.000651279112
1811,3,1.95383733653e-05,0.00195383734
1812,3,1.95383733653e-05,0.00195383734
1813,4,2.60511644871e-05,0.00260511645
1814,3,1.95383733653e-05,0.00195383734
1815,2,1.30255822435e-05,0.00130255822
1816,4,2.60511644871e-05,0.00260511645
1817,3,1.95383733653e-05,0.00195383734
1818,6,3.90767467306e-05,0.00390767467
1819,6,3.90767467306e-05,0.00390767467
1820,3,1.95383733653e-05,0.00195383734
1821,6,3.90767467306e-05,0.00390767467
1822,1,6.51279112176e-06,0.000651279112
1823,3,1.95383733653e-05,0.00195383734
1824,1,6.51279112176e-06,0.000651279112
1825,7,4.55895378523e-05,0.00455895379
1826,4,2.60511644871e-05,0.00260511645
1827,10,6.51279112176e-05,0.00651279112
1828,3,1.95383733653e-05,0.00195383734
1829,8,5.21023289741e-05,0.0052102329
1830,5,3.25639556088e-05,0.00325639556
1832,7,4.55895378523e-05,0.00455895379
1833,6,3.90767467306e-05,0.00390767467
1834,2,1.30255822435e-05,0.00130255822
1835,9,5.86151200959e-05,0.00586151201
1836,10,6.51279112176e-05,0.00651279112
1837,4,2.60511644871e-05,0.00260511645
1838,5,3.25639556088e-05,0.00325639556
1839,6,3.90767467306e-05,0.00390767467
1840,2,1.30255822435e-05,0.00130255822
1841,5,3.25639556088e-05,0.00325639556
1842,6,3.90767467306e-05,0.00390767467
1843,3,1.95383733653e-05,0.00195383734
1844,10,6.51279112176e-05,0.00651279112
1845,5,3.25639556088e-05,0.00325639556
1846,6,3.90767467306e-05,0.00390767467
1847,4,2.60511644871e-05,0.00260511645
1848,5,3.25639556088e-05,0.00325639556
1849,9,5.86151200959e-05,0.00586151201
1850,4,2.60511644871e-05,0.00260511645
1851,9,5.86151200959e-05,0.00586151201
1852,4,2.60511644871e-05,0.00260511645
1853,4,2.60511644871e-05,0.00260511645
1854,9,5.86151200959e-05,0.00586151201
1855,4,2.60511644871e-05,0.00260511645
1856,5,3.25639556088e-05,0.00325639556
1857,6,3.90767467306e-05,0.00390767467
1858,2,1.30255822435e-05,0.00130255822
1859,8,5.21023289741e-05,0.0052102329
1860,9,5.86151200959e-05,0.00586151201
1861,5,3.25639556088e-05,0.00325639556
1862,3,1.95383733653e-05,0.00195383734
1863,6,3.90767467306e-05,0.00390767467
1864,2,1.30255822435e-05,0.00130255822
1865,7,4.55895378523e-05,0.00455895379
1866,6,3.90767467306e-05,0.00390767467
1867,11,7.16407023394e-05,0.00716407023
1868,7,4.55895378523e-05,0.00455895379
1869,5,3.25639556088e-05,0.00325639556
1870,5,3.25639556088e-05,0.00325639556
1871,10,6.51279112176e-05,0.00651279112
1872,5,3.25639556088e-05,0.00325639556
1873,8,5.21023289741e-05,0.0052102329
1874,9,5.86151200959e-05,0.00586151201
1875,5,3.25639556088e-05,0.00325639556
1876,11,7.16407023394e-05,0.00716407023
1877,10,6.51279112176e-05,0.00651279112
1878,6,3.90767467306e-05,0.00390767467
1879,5,3.25639556088e-05,0.00325639556
1880,7,4.55895378523e-05,0.00455895379
1881,3,1.95383733653e-05,0.00195383734
1882,9,5.86151200959e-05,0.00586151201
1883,2,1.30255822435e-05,0.00130255822
1884,7,4.55895378523e-05,0.00455895379
1885,3,1.95383733653e-05,0.00195383734
1886,6,3.90767467306e-05,0.00390767467
1887,6,3.90767467306e-05,0.00390767467
1888,3,1.95383733653e-05,0.00195383734
1889,4,2.60511644871e-05,0.00260511645
1890,5,3.25639556088e-05,0.00325639556
1891,4,2.60511644871e-05,0.00260511645
1892,6,3.90767467306e-05,0.00390767467
1893,4,2.60511644871e-05,0.00260511645
1894,3,1.95383733653e-05,0.00195383734
1895,4,2.60511644871e-05,0.00260511645
1896,5,3.25639556088e-05,0.00325639556
1897,9,5.86151200959e-05,0.00586151201
1898,7,4.55895378523e-05,0.00455895379
1899,6,3.90767467306e-05,0.00390767467
1900,6,3.90767467306e-05,0.00390767467
1901,5,3.25639556088e-05,0.00325639556
1902,5,3.25639556088e-05,0.00325639556
1903,4,2.60511644871e-05,0.00260511645
1904,4,2.60511644871e-05,0.00260511645
1905,4,2.60511644871e-05,0.00260511645
1906,7,4.55895378523e-05,0.00455895379
1907,7,4.55895378523e-05,0.00455895379
1908,3,1.95383733653e-05,0.00195383734
1909,3,1.95383733653e-05,0.00195383734
1910,1,6.51279112176e-06,0.000651279112
1911,1,6.51279112176e-06,0.000651279112
1912,3,1.95383733653e-05,0.00195383734
1913,4,2.60511644871e-05,0.00260511645
1914,3,1.95383733653e-05,0.00195383734
1915,5,3.25639556088e-05,0.00325639556
1916,1,6.51279112176e-06,0.000651279112
1917,3,1.95383733653e-05,0.00195383734
1919,1,6.51279112176e-06,0.000651279112
1920,4,2.60511644871e-05,0.00260511645
1921,6,3.90767467306e-05,0.00390767467
1922,2,1.30255822435e-05,0.00130255822
1923,2,1.30255822435e-05,0.00130255822
1924,4,2.60511644871e-05,0.00260511645
1925,2,1.30255822435e-05,0.00130255822
1926,3,1.95383733653e-05,0.00195383734
1927,5,3.25639556088e-05,0.00325639556
1928,3,1.95383733653e-05,0.00195383734
1929,7,4.55895378523e-05,0.00455895379
1930,5,3.25639556088e-05,0.00325639556
1931,2,1.30255822435e-05,0.00130255822
1932,4,2.60511644871e-05,0.00260511645
1933,2,1.30255822435e-05,0.00130255822
1934,3,1.95383733653e-05,0.00195383734
1935,3,1.95383733653e-05,0.00195383734
1936,2,1.30255822435e-05,0.00130255822
1937,9,5.86151200959e-05,0.00586151201
1938,2,1.30255822435e-05,0.00130255822
1939,4,2.60511644871e-05,0.00260511645
1940,2,1.30255822435e-05,0.00130255822
1941,3,1.95383733653e-05,0.00195383734
1943,2,1.30255822435e-05,0.00130255822
1944,2,1.30255822435e-05,0.00130255822
1945,3,1.95383733653e-05,0.00195383734
1946,6,3.90767467306e-05,0.00390767467
1947,3,1.95383733653e-05,0.00195383734
1948,1,6.51279112176e-06,0.000651279112
1949,2,1.30255822435e-05,0.00130255822
1950,3,1.95383733653e-05,0.00195383734
1951,2,1.30255822435e-05,0.00130255822
1952,2,1.30255822435e-05,0.00130255822
1953,4,2.60511644871e-05,0.00260511645
1954,4,2.60511644871e-05,0.00260511645
1955,5,3.25639556088e-05,0.00325639556
1956,2,1.30255822435e-05,0.00130255822
1957,3,1.95383733653e-05,0.00195383734
1958,5,3.25639556088e-05,0.00325639556
1959,2,1.30255822435e-05,0.00130255822
1960,2,1.30255822435e-05,0.00130255822
1961,2,1.30255822435e-05,0.00130255822
1962,2,1.30255822435e-05,0.00130255822
1963,2,1.30255822435e-05,0.00130255822
1964,2,1.30255822435e-05,0.00130255822
1965,2,1.30255822435e-05,0.00130255822
1966,7,4.55895378523e-05,0.00455895379
1967,2,1.30255822435e-05,0.00130255822
1968,5,3.25639556088e-05,0.00325639556
1969,4,2.60511644871e-05,0.00260511645
1971,4,2.60511644871e-05,0.00260511645
1972,1,6.51279112176e-06,0.000651279112
1973,5,3.25639556088e-05,0.00325639556
1974,3,1.95383733653e-05,0.00195383734
1975,4,2.60511644871e-05,0.00260511645
1976,2,1.30255822435e-05,0.00130255822
1977,3,1.95383733653e-05,0.00195383734
1978,2,1.30255822435e-05,0.00130255822
1979,3,1.95383733653e-05,0.00195383734
1980,3,1.95383733653e-05,0.00195383734
1981,1,6.51279112176e-06,0.000651279112
1982,2,1.30255822435e-05,0.00130255822
1983,1,6.51279112176e-06,0.000651279112
1984,4,2.60511644871e-05,0.00260511645
1985,1,6.51279112176e-06,0.000651279112
1986,4,2.60511644871e-05,0.00260511645
1987,5,3.25639556088e-05,0.00325639556
1988,3,1.95383733653e-05,0.00195383734
1990,4,2.60511644871e-05,0.00260511645
1991,2,1.30255822435e-05,0.00130255822
1992,1,6.51279112176e-06,0.000651279112
1993,2,1.30255822435e-05,0.00130255822
1994,3,1.95383733653e-05,0.00195383734
1995,3,1.95383733653e-05,0.00195383734
1996,3,1.95383733653e-05,0.00195383734
1997,2,1.30255822435e-05,0.00130255822
1998,3,1.95383733653e-05,0.00195383734
1999,2,1.30255822435e-05,0.00130255822
2000,3,1.95383733653e-05,0.00195383734
2001,5,3.25639556088e-05,0.00325639556
2002,5,3.25639556088e-05,0.00325639556
2003,2,1.30255822435e-05,0.00130255822
2004,3,1.95383733653e-05,0.00195383734
2005,2,1.30255822435e-05,0.00130255822
2006,5,3.25639556088e-05,0.00325639556
2007,4,2.60511644871e-05,0.00260511645
2008,3,1.95383733653e-05,0.00195383734
2009,1,6.51279112176e-06,0.000651279112
2010,4,2.60511644871e-05,0.00260511645
2011,2,1.30255822435e-05,0.00130255822
2012,3,1.95383733653e-05,0.00195383734
2014,2,1.30255822435e-05,0.00130255822
2016,2,1.30255822435e-05,0.00130255822
2017,2,1.30255822435e-05,0.00130255822
2018,3,1.95383733653e-05,0.00195383734
2019,6,3.90767467306e-05,0.00390767467
2021,1,6.51279112176e-06,0.000651279112
2022,3,1.95383733653e-05,0.00195383734
2023,5,3.25639556088e-05,0.00325639556
2024,2,1.30255822435e-05,0.00130255822
2025,3,1.95383733653e-05,0.00195383734
2026,5,3.25639556088e-05,0.00325639556
2027,4,2.60511644871e-05,0.00260511645
2028,3,1.95383733653e-05,0.00195383734
2029,4,2.60511644871e-05,0.00260511645
2030,6,3.90767467306e-05,0.00390767467
2032,7,4.55895378523e-05,0.00455895379
2033,3,1.95383733653e-05,0.00195383734
2034,4,2.60511644871e-05,0.00260511645
2035,3,1.95383733653e-05,0.00195383734
2036,1,6.51279112176e-06,0.000651279112
2037,2,1.30255822435e-05,0.00130255822
2038,2,1.30255822435e-05,0.00130255822
2039,2,1.30255822435e-05,0.00130255822
2040,4,2.60511644871e-05,0.00260511645
2041,2,1.30255822435e-05,0.00130255822
2042,1,6.51279112176e-06,0.000651279112
2043,3,1.95383733653e-05,0.00195383734
2044,2,1.30255822435e-05,0.00130255822
2045,2,1.30255822435e-05,0.00130255822
2046,1,6.51279112176e-06,0.000651279112
2047,1,6.51279112176e-06,0.000651279112
2048,6,3.90767467306e-05,0.00390767467
2050,2,1.30255822435e-05,0.00130255822
2051,2,1.30255822435e-05,0.00130255822
2052,7,4.55895378523e-05,0.00455895379
2053,4,2.60511644871e-05,0.00260511645
2054,7,4.55895378523e-05,0.00455895379
2055,9,5.86151200959e-05,0.00586151201
2056,11,7.16407023394e-05,0.00716407023
2057,17,0.00011071744907,0.0110717449
2058,21,0.000136768613557,0.0136768614
2059,18,0.000117230240192,0.011723024
2060,19,0.000123743031313,0.0123743031
2061,21,0.000136768613557,0.0136768614
2062,24,0.000156306986922,0.0156306987
2063,16,0.000104204657948,0.0104204658
2064,21,0.000136768613557,0.0136768614
2065,16,0.000104204657948,0.0104204658
2066,21,0.000136768613557,0.0136768614
2067,18,0.000117230240192,0.011723024
2068,14,9.11790757047e-05,0.00911790757
2069,11,7.16407023394e-05,0.00716407023
2070,21,0.000136768613557,0.0136768614
2071,16,0.000104204657948,0.0104204658
2072,17,0.00011071744907,0.0110717449
2073,16,0.000104204657948,0.0104204658
2074,8,5.21023289741e-05,0.0052102329
2075,12,7.81534934612e-05,0.00781534935
2076,7,4.55895378523e-05,0.00455895379
2077,5,3.25639556088e-05,0.00325639556
2078,3,1.95383733653e-05,0.00195383734
2079,8,5.21023289741e-05,0.0052102329
2080,5,3.25639556088e-05,0.00325639556
2081,4,2.60511644871e-05,0.00260511645
2082,2,1.30255822435e-05,0.00130255822
2083,3,1.95383733653e-05,0.00195383734
2084,1,6.51279112176e-06,0.000651279112
2085,3,1.95383733653e-05,0.00195383734
2086,2,1.30255822435e-05,0.00130255822
2087,5,3.25639556088e-05,0.00325639556
2088,3,1.95383733653e-05,0.00195383734
2089,4,2.60511644871e-05,0.00260511645
2090,6,3.90767467306e-05,0.00390767467
2091,1,6.51279112176e-06,0.000651279112
2092,3,1.95383733653e-05,0.00195383734
2093,2,1.30255822435e-05,0.00130255822
2094,4,2.60511644871e-05,0.00260511645
2095,1,6.51279112176e-06,0.000651279112
2096,3,1.95383733653e-05,0.00195383734
2097,4,2.60511644871e-05,0.00260511645
2098,3,1.95383733653e-05,0.00195383734
2099,3,1.95383733653e-05,0.00195383734
2100,5,3.25639556088e-05,0.00325639556
2101,2,1.30255822435e-05,0.00130255822
2102,6,3.90767467306e-05,0.00390767467
2103,4,2.60511644871e-05,0.00260511645
2104,2,1.30255822435e-05,0.00130255822
2105,4,2.60511644871e-05,0.00260511645
2106,2,1.30255822435e-05,0.00130255822
2107,1,6.51279112176e-06,0.000651279112
2108,3,1.95383733653e-05,0.00195383734
2109,5,3.25639556088e-05,0.00325639556
2110,2,1.30255822435e-05,0.00130255822
2112,3,1.95383733653e-05,0.00195383734
2113,2,1.30255822435e-05,0.00130255822
2114,2,1.30255822435e-05,0.00130255822
2115,4,2.60511644871e-05,0.00260511645
2117,3,1.95383733653e-05,0.00195383734
2118,2,1.30255822435e-05,0.00130255822
2119,5,3.25639556088e-05,0.00325639556
2120,4,2.60511644871e-05,0.00260511645
2121,5,3.25639556088e-05,0.00325639556
2123,6,3.90767467306e-05,0.00390767467
2124,5,3.25639556088e-05,0.00325639556
2125,5,3.25639556088e-05,0.00325639556
2126,7,4.55895378523e-05,0.00455895379
2127,10,6.51279112176e-05,0.00651279112
2128,9,5.86151200959e-05,0.00586151201
2129,8,5.21023289741e-05,0.0052102329
2130,3,1.95383733653e-05,0.00195383734
2131,8,5.21023289741e-05,0.0052102329
2132,11,7.16407023394e-05,0.00716407023
2133,7,4.55895378523e-05,0.00455895379
2134,7,4.55895378523e-05,0.00455895379
2135,6,3.90767467306e-05,0.00390767467
2136,5,3.25639556088e-05,0.00325639556
2137,6,3.90767467306e-05,0.00390767467
2138,2,1.30255822435e-05,0.00130255822
2139,2,1.30255822435e-05,0.00130255822
2140,8,5.21023289741e-05,0.0052102329
2141,3,1.95383733653e-05,0.00195383734
2142,4,2.60511644871e-05,0.00260511645
2143,5,3.25639556088e-05,0.00325639556
2144,6,3.90767467306e-05,0.00390767467
2145,4,2.60511644871e-05,0.00260511645
2146,6,3.90767467306e-05,0.00390767467
2147,1,6.51279112176e-06,0.000651279112
2148,5,3.25639556088e-05,0.00325639556
2149,10,6.51279112176e-05,0.00651279112
2150,3,1.95383733653e-05,0.00195383734
2151,5,3.25639556088e-05,0.00325639556
2152,4,2.60511644871e-05,0.00260511645
2153,3,1.95383733653e-05,0.00195383734
2154,6,3.90767467306e-05,0.00390767467
2155,3,1.95383733653e-05,0.00195383734
2156,9,5.86151200959e-05,0.00586151201
2157,4,2.60511644871e-05,0.00260511645
2158,6,3.90767467306e-05,0.00390767467
2159,3,1.95383733653e-05,0.00195383734
2160,4,2.60511644871e-05,0.00260511645
2161,4,2.60511644871e-05,0.00260511645
2162,2,1.30255822435e-05,0.00130255822
2163,7,4.55895378523e-05,0.00455895379
2164,5,3.25639556088e-05,0.00325639556
2165,7,4.55895378523e-05,0.00455895379
2166,1,6.51279112176e-06,0.000651279112
2167,5,3.25639556088e-05,0.00325639556
2168,4,2.60511644871e-05,0.00260511645
2169,7,4.55895378523e-05,0.00455895379
2170,3,1.95383733653e-05,0.00195383734
2171,4,2.60511644871e-05,0.00260511645
2172,5,3.25639556088e-05,0.00325639556
2173,4,2.60511644871e-05,0.00260511645
2174,1,6.51279112176e-06,0.000651279112
2175,5,3.25639556088e-05,0.00325639556
2176,3,1.95383733653e-05,0.00195383734
2178,1,6.51279112176e-06,0.000651279112
2179,4,2.60511644871e-05,0.00260511645
2180,4,2.60511644871e-05,0.00260511645
2183,2,1.30255822435e-05,0.00130255822
2184,4,2.60511644871e-05,0.00260511645
2185,1,6.51279112176e-06,0.000651279112
2186,3,1.95383733653e-05,0.00195383734
2187,1,6.51279112176e-06,0.000651279112
2189,2,1.30255822435e-05,0.00130255822
2190,3,1.95383733653e-05,0.00195383734
2193,1,6.51279112176e-06,0.000651279112
2196,1,6.51279112176e-06,0.000651279112
2197,2,1.30255822435e-05,0.00130255822
2199,1,6.51279112176e-06,0.000651279112
2203,2,1.30255822435e-05,0.00130255822
2204,1,6.51279112176e-06,0.000651279112
2205,1,6.51279112176e-06,0.000651279112
2208,2,1.30255822435e-05,0.00130255822
2209,2,1.30255822435e-05,0.00130255822
2210,3,1.95383733653e-05,0.00195383734
2212,2,1.30255822435e-05,0.00130255822
2213,3,1.95383733653e-05,0.00195383734
2214,6,3.90767467306e-05,0.00390767467
2216,2,1.30255822435e-05,0.00130255822
2217,1,6.51279112176e-06,0.000651279112
2218,3,1.95383733653e-05,0.00195383734
2219,2,1.30255822435e-05,0.00130255822
2220,1,6.51279112176e-06,0.000651279112
2222,4,2.60511644871e-05,0.00260511645
2223,5,3.25639556088e-05,0.00325639556
2224,3,1.95383733653e-05,0.00195383734
2225,1,6.51279112176e-06,0.000651279112
2227,3,1.95383733653e-05,0.00195383734
2228,3,1.95383733653e-05,0.00195383734
2229,1,6.51279112176e-06,0.000651279112
2230,2,1.30255822435e-05,0.00130255822
2231,1,6.51279112176e-06,0.000651279112
2233,1,6.51279112176e-06,0.000651279112
2234,1,6.51279112176e-06,0.000651279112
2236,1,6.51279112176e-06,0.000651279112
2237,2,1.30255822435e-05,0.00130255822
2238,2,1.30255822435e-05,0.00130255822
2239,1,6.51279112176e-06,0.000651279112
2240,1,6.51279112176e-06,0.000651279112
2241,3,1.95383733653e-05,0.00195383734
2243,1,6.51279112176e-06,0.000651279112
2244,1,6.51279112176e-06,0.000651279112
2245,4,2.60511644871e-05,0.00260511645
2246,1,6.51279112176e-06,0.000651279112
2247,3,1.95383733653e-05,0.00195383734
2248,2,1.30255822435e-05,0.00130255822
2249,2,1.30255822435e-05,0.00130255822
2250,2,1.30255822435e-05,0.00130255822
2251,4,2.60511644871e-05,0.00260511645
2252,1,6.51279112176e-06,0.000651279112
2253,1,6.51279112176e-06,0.000651279112
2254,2,1.30255822435e-05,0.00130255822
2255,2,1.30255822435e-05,0.00130255822
2256,1,6.51279112176e-06,0.000651279112
2257,1,6.51279112176e-06,0.000651279112
2258,3,1.95383733653e-05,0.00195383734
2259,2,1.30255822435e-05,0.00130255822
2260,1,6.51279112176e-06,0.000651279112
2261,2,1.30255822435e-05,0.00130255822
2262,4,2.60511644871e-05,0.00260511645
2263,4,2.60511644871e-05,0.00260511645
2264,2,1.30255822435e-05,0.00130255822
2265,2,1.30255822435e-05,0.00130255822
2266,4,2.60511644871e-05,0.00260511645
2267,2,1.30255822435e-05,0.00130255822
2268,1,6.51279112176e-06,0.000651279112
2269,2,1.30255822435e-05,0.00130255822
2270,4,2.60511644871e-05,0.00260511645
2271,3,1.95383733653e-05,0.00195383734
2272,3,1.95383733653e-05,0.00195383734
2273,1,6.51279112176e-06,0.000651279112
2274,1,6.51279112176e-06,0.000651279112
2275,3,1.95383733653e-05,0.00195383734
2276,2,1.30255822435e-05,0.00130255822
2277,5,3.25639556088e-05,0.00325639556
2278,4,2.60511644871e-05,0.00260511645
2279,4,2.60511644871e-05,0.00260511645
2280,4,2.60511644871e-05,0.00260511645
2281,2,1.30255822435e-05,0.00130255822
2282,3,1.95383733653e-05,0.00195383734
2283,2,1.30255822435e-05,0.00130255822
2284,1,6.51279112176e-06,0.000651279112
2285,1,6.51279112176e-06,0.000651279112
2288,3,1.95383733653e-05,0.00195383734
2289,4,2.60511644871e-05,0.00260511645
2290,5,3.25639556088e-05,0.00325639556
2292,2,1.30255822435e-05,0.00130255822
2293,3,1.95383733653e-05,0.00195383734
2294,5,3.25639556088e-05,0.00325639556
2295,1,6.51279112176e-06,0.000651279112
2296,2,1.30255822435e-05,0.00130255822
2297,6,3.90767467306e-05,0.00390767467
2298,3,1.95383733653e-05,0.00195383734
2299,7,4.55895378523e-05,0.00455895379
2300,1,6.51279112176e-06,0.000651279112
2301,4,2.60511644871e-05,0.00260511645
2302,4,2.60511644871e-05,0.00260511645
2303,4,2.60511644871e-05,0.00260511645
2304,2,1.30255822435e-05,0.00130255822
2305,2,1.30255822435e-05,0.00130255822
2306,4,2.60511644871e-05,0.00260511645
2307,1,6.51279112176e-06,0.000651279112
2308,4,2.60511644871e-05,0.00260511645
2309,1,6.51279112176e-06,0.000651279112
2310,2,1.30255822435e-05,0.00130255822
2311,2,1.30255822435e-05,0.00130255822
2312,2,1.30255822435e-05,0.00130255822
2313,4,2.60511644871e-05,0.00260511645
2314,1,6.51279112176e-06,0.000651279112
2315,2,1.30255822435e-05,0.00130255822
2316,1,6.51279112176e-06,0.000651279112
2317,2,1.30255822435e-05,0.00130255822
2318,2,1.30255822435e-05,0.00130255822
2319,1,6.51279112176e-06,0.000651279112
2320,2,1.30255822435e-05,0.00130255822
2322,5,3.25639556088e-05,0.00325639556
2323,3,1.95383733653e-05,0.00195383734
2324,4,2.60511644871e-05,0.00260511645
2325,4,2.60511644871e-05,0.00260511645
2326,7,4.55895378523e-05,0.00455895379
2327,3,1.95383733653e-05,0.00195383734
2328,4,2.60511644871e-05,0.00260511645
2329,3,1.95383733653e-05,0.00195383734
2330,1,6.51279112176e-06,0.000651279112
2331,2,1.30255822435e-05,0.00130255822
2332,1,6.51279112176e-06,0.000651279112
2333,1,6.51279112176e-06,0.000651279112
2334,1,6.51279112176e-06,0.000651279112
2335,3,1.95383733653e-05,0.00195383734
2336,1,6.51279112176e-06,0.000651279112
2337,1,6.51279112176e-06,0.000651279112
2338,1,6.51279112176e-06,0.000651279112
2339,1,6.51279112176e-06,0.000651279112
2340,1,6.51279112176e-06,0.000651279112
2341,1,6.51279112176e-06,0.000651279112
2342,1,6.51279112176e-06,0.000651279112
2343,1,6.51279112176e-06,0.000651279112
2344,3,1.95383733653e-05,0.00195383734
2346,1,6.51279112176e-06,0.000651279112
2347,2,1.30255822435e-05,0.00130255822
2348,2,1.30255822435e-05,0.00130255822
2349,4,2.60511644871e-05,0.00260511645
2352,1,6.51279112176e-06,0.000651279112
2353,3,1.95383733653e-05,0.00195383734
2354,1,6.51279112176e-06,0.000651279112
2356,2,1.30255822435e-05,0.00130255822
2357,3,1.95383733653e-05,0.00195383734
2359,1,6.51279112176e-06,0.000651279112
2360,2,1.30255822435e-05,0.00130255822
2362,2,1.30255822435e-05,0.00130255822
2363,1,6.51279112176e-06,0.000651279112
2364,1,6.51279112176e-06,0.000651279112
2365,2,1.30255822435e-05,0.00130255822
2366,1,6.51279112176e-06,0.000651279112
2367,1,6.51279112176e-06,0.000651279112
2368,2,1.30255822435e-05,0.00130255822
2369,4,2.60511644871e-05,0.00260511645
2370,5,3.25639556088e-05,0.00325639556
2371,1,6.51279112176e-06,0.000651279112
2372,1,6.51279112176e-06,0.000651279112
2373,3,1.95383733653e-05,0.00195383734
2374,6,3.90767467306e-05,0.00390767467
2375,2,1.30255822435e-05,0.00130255822
2376,4,2.60511644871e-05,0.00260511645
2377,4,2.60511644871e-05,0.00260511645
2378,8,5.21023289741e-05,0.0052102329
2379,5,3.25639556088e-05,0.00325639556
2380,3,1.95383733653e-05,0.00195383734
2381,4,2.60511644871e-05,0.00260511645
2382,4,2.60511644871e-05,0.00260511645
2383,5,3.25639556088e-05,0.00325639556
2384,6,3.90767467306e-05,0.00390767467
2385,2,1.30255822435e-05,0.00130255822
2386,2,1.30255822435e-05,0.00130255822
2387,2,1.30255822435e-05,0.00130255822
2389,4,2.60511644871e-05,0.00260511645
2390,1,6.51279112176e-06,0.000651279112
2392,1,6.51279112176e-06,0.000651279112
2393,1,6.51279112176e-06,0.000651279112
2394,1,6.51279112176e-06,0.000651279112
2395,2,1.30255822435e-05,0.00130255822
2397,3,1.95383733653e-05,0.00195383734
2398,2,1.30255822435e-05,0.00130255822
2399,5,3.25639556088e-05,0.00325639556
2400,6,3.90767467306e-05,0.00390767467
2401,5,3.25639556088e-05,0.00325639556
2402,10,6.51279112176e-05,0.00651279112
2403,4,2.60511644871e-05,0.00260511645
2404,8,5.21023289741e-05,0.0052102329
2405,5,3.25639556088e-05,0.00325639556
2406,8,5.21023289741e-05,0.0052102329
2407,2,1.30255822435e-05,0.00130255822
2408,3,1.95383733653e-05,0.00195383734
2409,2,1.30255822435e-05,0.00130255822
2410,1,6.51279112176e-06,0.000651279112
2411,2,1.30255822435e-05,0.00130255822
2413,4,2.60511644871e-05,0.00260511645
2414,2,1.30255822435e-05,0.00130255822
2415,1,6.51279112176e-06,0.000651279112
2417,3,1.95383733653e-05,0.00195383734
2419,1,6.51279112176e-06,0.000651279112
2420,2,1.30255822435e-05,0.00130255822
2421,3,1.95383733653e-05,0.00195383734
2422,3,1.95383733653e-05,0.00195383734
2423,4,2.60511644871e-05,0.00260511645
2424,2,1.30255822435e-05,0.00130255822
2425,2,1.30255822435e-05,0.00130255822
2426,3,1.95383733653e-05,0.00195383734
2427,4,2.60511644871e-05,0.00260511645
2428,2,1.30255822435e-05,0.00130255822
2429,3,1.95383733653e-05,0.00195383734
2430,6,3.90767467306e-05,0.00390767467
2431,1,6.51279112176e-06,0.000651279112
2432,5,3.25639556088e-05,0.00325639556
2433,9,5.86151200959e-05,0.00586151201
2434,13,8.46662845829e-05,0.00846662846
2435,6,3.90767467306e-05,0.00390767467
2436,5,3.25639556088e-05,0.00325639556
2437,5,3.25639556088e-05,0.00325639556
2438,5,3.25639556088e-05,0.00325639556
2439,8,5.21023289741e-05,0.0052102329
2440,9,5.86151200959e-05,0.00586151201
2441,5,3.25639556088e-05,0.00325639556
2442,1,6.51279112176e-06,0.000651279112
2443,4,2.60511644871e-05,0.00260511645
2444,2,1.30255822435e-05,0.00130255822
2445,1,6.51279112176e-06,0.000651279112
2447,2,1.30255822435e-05,0.00130255822
2448,2,1.30255822435e-05,0.00130255822
2449,3,1.95383733653e-05,0.00195383734
2451,3,1.95383733653e-05,0.00195383734
2452,2,1.30255822435e-05,0.00130255822
2453,3,1.95383733653e-05,0.00195383734
2454,1,6.51279112176e-06,0.000651279112
2455,4,2.60511644871e-05,0.00260511645
2456,1,6.51279112176e-06,0.000651279112
2457,2166,0.0141067055697,1.41067056
2458,3,1.95383733653e-05,0.00195383734
2459,1,6.51279112176e-06,0.000651279112
2461,3,1.95383733653e-05,0.00195383734
2462,3,1.95383733653e-05,0.00195383734
2463,2,1.30255822435e-05,0.00130255822
2464,5,3.25639556088e-05,0.00325639556
2466,3,1.95383733653e-05,0.00195383734
2468,3,1.95383733653e-05,0.00195383734
2469,2,1.30255822435e-05,0.00130255822
2470,4,2.60511644871e-05,0.00260511645
2471,4,2.60511644871e-05,0.00260511645
2472,3,1.95383733653e-05,0.00195383734
2473,4,2.60511644871e-05,0.00260511645
2474,2,1.30255822435e-05,0.00130255822
2475,3,1.95383733653e-05,0.00195383734
2476,1,6.51279112176e-06,0.000651279112
2477,2,1.30255822435e-05,0.00130255822
2478,3,1.95383733653e-05,0.00195383734
2479,1,6.51279112176e-06,0.000651279112
2480,4,2.60511644871e-05,0.00260511645
2481,1,6.51279112176e-06,0.000651279112
2482,1,6.51279112176e-06,0.000651279112
2483,4,2.60511644871e-05,0.00260511645
2484,7,4.55895378523e-05,0.00455895379
2485,4,2.60511644871e-05,0.00260511645
2486,2,1.30255822435e-05,0.00130255822
2487,3,1.95383733653e-05,0.00195383734
2488,3,1.95383733653e-05,0.00195383734
2489,3,1.95383733653e-05,0.00195383734
2490,2,1.30255822435e-05,0.00130255822
2491,5,3.25639556088e-05,0.00325639556
2493,3,1.95383733653e-05,0.00195383734
2494,3,1.95383733653e-05,0.00195383734
2495,2,1.30255822435e-05,0.00130255822
2496,1,6.51279112176e-06,0.000651279112
2497,3,1.95383733653e-05,0.00195383734
2498,6,3.90767467306e-05,0.00390767467
2499,1,6.51279112176e-06,0.000651279112
2500,2,1.30255822435e-05,0.00130255822
2501,2,1.30255822435e-05,0.00130255822
2502,3,1.95383733653e-05,0.00195383734
2503,4,2.60511644871e-05,0.00260511645
2504,2,1.30255822435e-05,0.00130255822
2505,5,3.25639556088e-05,0.00325639556
2506,6,3.90767467306e-05,0.00390767467
2507,7,4.55895378523e-05,0.00455895379
2508,6,3.90767467306e-05,0.00390767467
2509,5,3.25639556088e-05,0.00325639556
2510,5,3.25639556088e-05,0.00325639556
2511,8,5.21023289741e-05,0.0052102329
2512,5,3.25639556088e-05,0.00325639556
2513,6,3.90767467306e-05,0.00390767467
2514,6,3.90767467306e-05,0.00390767467
2515,7,4.55895378523e-05,0.00455895379
2516,4,2.60511644871e-05,0.00260511645
2517,8,5.21023289741e-05,0.0052102329
2518,4,2.60511644871e-05,0.00260511645
2519,2,1.30255822435e-05,0.00130255822
2520,4,2.60511644871e-05,0.00260511645
2521,1,6.51279112176e-06,0.000651279112
2522,2,1.30255822435e-05,0.00130255822
2525,1,6.51279112176e-06,0.000651279112
2526,1,6.51279112176e-06,0.000651279112
2527,1,6.51279112176e-06,0.000651279112
2528,2,1.30255822435e-05,0.00130255822
2529,1,6.51279112176e-06,0.000651279112
2531,2,1.30255822435e-05,0.00130255822
2532,3,1.95383733653e-05,0.00195383734
2533,2,1.30255822435e-05,0.00130255822
2534,2,1.30255822435e-05,0.00130255822
2535,8,5.21023289741e-05,0.0052102329
2536,6,3.90767467306e-05,0.00390767467
2537,4,2.60511644871e-05,0.00260511645
2538,4,2.60511644871e-05,0.00260511645
2539,5,3.25639556088e-05,0.00325639556
2540,5,3.25639556088e-05,0.00325639556
2541,2,1.30255822435e-05,0.00130255822
2542,6,3.90767467306e-05,0.00390767467
2543,4,2.60511644871e-05,0.00260511645
2544,1,6.51279112176e-06,0.000651279112
2545,3,1.95383733653e-05,0.00195383734
2546,5,3.25639556088e-05,0.00325639556
2547,6,3.90767467306e-05,0.00390767467
2548,5,3.25639556088e-05,0.00325639556
2549,5,3.25639556088e-05,0.00325639556
2550,10,6.51279112176e-05,0.00651279112
2551,7,4.55895378523e-05,0.00455895379
2552,6,3.90767467306e-05,0.00390767467
2553,3,1.95383733653e-05,0.00195383734
2554,2,1.30255822435e-05,0.00130255822
2555,6,3.90767467306e-05,0.00390767467
2556,5,3.25639556088e-05,0.00325639556
2557,7,4.55895378523e-05,0.00455895379
2558,4,2.60511644871e-05,0.00260511645
2559,8,5.21023289741e-05,0.0052102329
2560,7,4.55895378523e-05,0.00455895379
2561,3,1.95383733653e-05,0.00195383734
2562,3,1.95383733653e-05,0.00195383734
2563,6,3.90767467306e-05,0.00390767467
2564,3,1.95383733653e-05,0.00195383734
2565,5,3.25639556088e-05,0.00325639556
2566,2,1.30255822435e-05,0.00130255822
2567,2,1.30255822435e-05,0.00130255822
2568,1,6.51279112176e-06,0.000651279112
2569,1,6.51279112176e-06,0.000651279112
2570,4,2.60511644871e-05,0.00260511645
2571,1,6.51279112176e-06,0.000651279112
2572,2,1.30255822435e-05,0.00130255822
2577,1,6.51279112176e-06,0.000651279112
2578,1,6.51279112176e-06,0.000651279112
2579,2,1.30255822435e-05,0.00130255822
2581,1,6.51279112176e-06,0.000651279112
2583,1,6.51279112176e-06,0.000651279112
2584,1,6.51279112176e-06,0.000651279112
2585,1,6.51279112176e-06,0.000651279112
2587,1,6.51279112176e-06,0.000651279112
2589,1,6.51279112176e-06,0.000651279112
2591,1,6.51279112176e-06,0.000651279112
2593,2,1.30255822435e-05,0.00130255822
2596,1,6.51279112176e-06,0.000651279112
2598,2,1.30255822435e-05,0.00130255822
2599,4,2.60511644871e-05,0.00260511645
2601,2,1.30255822435e-05,0.00130255822
2602,3,1.95383733653e-05,0.00195383734
2603,2,1.30255822435e-05,0.00130255822
2604,4,2.60511644871e-05,0.00260511645
2605,2,1.30255822435e-05,0.00130255822
2606,3,1.95383733653e-05,0.00195383734
2607,4,2.60511644871e-05,0.00260511645
2609,1,6.51279112176e-06,0.000651279112
2610,3,1.95383733653e-05,0.00195383734
2615,2,1.30255822435e-05,0.00130255822
2616,1,6.51279112176e-06,0.000651279112
2617,1,6.51279112176e-06,0.000651279112
2618,1,6.51279112176e-06,0.000651279112
2620,1,6.51279112176e-06,0.000651279112
2622,1,6.51279112176e-06,0.000651279112
2625,1,6.51279112176e-06,0.000651279112
2629,3,1.95383733653e-05,0.00195383734
2633,1,6.51279112176e-06,0.000651279112
2637,1,6.51279112176e-06,0.000651279112
2638,1,6.51279112176e-06,0.000651279112
2643,1,6.51279112176e-06,0.000651279112
2645,1,6.51279112176e-06,0.000651279112
2646,3,1.95383733653e-05,0.00195383734
2647,1,6.51279112176e-06,0.000651279112
2649,2,1.30255822435e-05,0.00130255822
2650,1,6.51279112176e-06,0.000651279112
2652,1,6.51279112176e-06,0.000651279112
2653,1,6.51279112176e-06,0.000651279112
2654,2,1.30255822435e-05,0.00130255822
2655,4,2.60511644871e-05,0.00260511645
2656,3,1.95383733653e-05,0.00195383734
2657,3,1.95383733653e-05,0.00195383734
2658,2,1.30255822435e-05,0.00130255822
2659,1,6.51279112176e-06,0.000651279112
2661,1,6.51279112176e-06,0.000651279112
2662,1,6.51279112176e-06,0.000651279112
2664,3,1.95383733653e-05,0.00195383734
2665,1,6.51279112176e-06,0.000651279112
2666,1,6.51279112176e-06,0.000651279112
2667,1,6.51279112176e-06,0.000651279112
2670,1,6.51279112176e-06,0.000651279112
2671,1,6.51279112176e-06,0.000651279112
2672,1,6.51279112176e-06,0.000651279112
2673,2,1.30255822435e-05,0.00130255822
2674,2,1.30255822435e-05,0.00130255822
2675,1,6.51279112176e-06,0.000651279112
2676,3,1.95383733653e-05,0.00195383734
2678,3,1.95383733653e-05,0.00195383734
2679,1,6.51279112176e-06,0.000651279112
2681,3,1.95383733653e-05,0.00195383734
2682,3,1.95383733653e-05,0.00195383734
2683,3,1.95383733653e-05,0.00195383734
2684,2,1.30255822435e-05,0.00130255822
2685,3,1.95383733653e-05,0.00195383734
2686,3,1.95383733653e-05,0.00195383734
2687,2,1.30255822435e-05,0.00130255822
2688,3,1.95383733653e-05,0.00195383734
2691,1,6.51279112176e-06,0.000651279112
2692,1,6.51279112176e-06,0.000651279112
2694,1,6.51279112176e-06,0.000651279112
2695,2,1.30255822435e-05,0.00130255822
2696,1,6.51279112176e-06,0.000651279112
2697,1,6.51279112176e-06,0.000651279112
2699,2,1.30255822435e-05,0.00130255822
2700,2,1.30255822435e-05,0.00130255822
2701,1,6.51279112176e-06,0.000651279112
2702,2,1.30255822435e-05,0.00130255822
2703,3,1.95383733653e-05,0.00195383734
2704,4,2.60511644871e-05,0.00260511645
2705,4,2.60511644871e-05,0.00260511645
2706,2,1.30255822435e-05,0.00130255822
2707,3,1.95383733653e-05,0.00195383734
2708,3,1.95383733653e-05,0.00195383734
2709,2,1.30255822435e-05,0.00130255822
2710,2,1.30255822435e-05,0.00130255822
2711,3,1.95383733653e-05,0.00195383734
2712,2,1.30255822435e-05,0.00130255822
2713,1,6.51279112176e-06,0.000651279112
2714,1,6.51279112176e-06,0.000651279112
2718,1,6.51279112176e-06,0.000651279112
2719,1,6.51279112176e-06,0.000651279112
2720,4,2.60511644871e-05,0.00260511645
2721,4,2.60511644871e-05,0.00260511645
2722,1,6.51279112176e-06,0.000651279112
2724,2,1.30255822435e-05,0.00130255822
2725,1,6.51279112176e-06,0.000651279112
2726,1,6.51279112176e-06,0.000651279112
2727,2,1.30255822435e-05,0.00130255822
2728,1,6.51279112176e-06,0.000651279112
2729,2,1.30255822435e-05,0.00130255822
2730,2,1.30255822435e-05,0.00130255822
2731,3,1.95383733653e-05,0.00195383734
2732,1,6.51279112176e-06,0.000651279112
2733,1,6.51279112176e-06,0.000651279112
2734,1,6.51279112176e-06,0.000651279112
2735,2,1.30255822435e-05,0.00130255822
2736,1,6.51279112176e-06,0.000651279112
2737,1,6.51279112176e-06,0.000651279112
2738,2,1.30255822435e-05,0.00130255822
2739,1,6.51279112176e-06,0.000651279112
2740,1,6.51279112176e-06,0.000651279112
2743,1,6.51279112176e-06,0.000651279112
2744,2,1.30255822435e-05,0.00130255822
2746,1,6.51279112176e-06,0.000651279112
2747,4,2.60511644871e-05,0.00260511645
2748,4,2.60511644871e-05,0.00260511645
2749,1,6.51279112176e-06,0.000651279112
2750,3,1.95383733653e-05,0.00195383734
2751,1,6.51279112176e-06,0.000651279112
2752,6,3.90767467306e-05,0.00390767467
2753,3,1.95383733653e-05,0.00195383734
2754,2,1.30255822435e-05,0.00130255822
2755,2,1.30255822435e-05,0.00130255822
2756,2,1.30255822435e-05,0.00130255822
2757,1,6.51279112176e-06,0.000651279112
2758,2,1.30255822435e-05,0.00130255822
2759,5,3.25639556088e-05,0.00325639556
2760,3,1.95383733653e-05,0.00195383734
2761,2,1.30255822435e-05,0.00130255822
2762,2,1.30255822435e-05,0.00130255822
2763,1,6.51279112176e-06,0.000651279112
2764,3,1.95383733653e-05,0.00195383734
2765,5,3.25639556088e-05,0.00325639556
2766,3,1.95383733653e-05,0.00195383734
2767,7,4.55895378523e-05,0.00455895379
2768,6,3.90767467306e-05,0.00390767467
2769,5,3.25639556088e-05,0.00325639556
2770,4,2.60511644871e-05,0.00260511645
2771,2,1.30255822435e-05,0.00130255822
2772,5,3.25639556088e-05,0.00325639556
2773,2,1.30255822435e-05,0.00130255822
2774,4,2.60511644871e-05,0.00260511645
2775,5,3.25639556088e-05,0.00325639556
2776,5,3.25639556088e-05,0.00325639556
2778,7,4.55895378523e-05,0.00455895379
2779,3,1.95383733653e-05,0.00195383734
2780,1,6.51279112176e-06,0.000651279112
2781,3,1.95383733653e-05,0.00195383734
2783,3,1.95383733653e-05,0.00195383734
2784,5,3.25639556088e-05,0.00325639556
2786,1,6.51279112176e-06,0.000651279112
2788,2,1.30255822435e-05,0.00130255822
2789,1,6.51279112176e-06,0.000651279112
2790,1,6.51279112176e-06,0.000651279112
2791,1,6.51279112176e-06,0.000651279112
2793,1,6.51279112176e-06,0.000651279112
2795,2,1.30255822435e-05,0.00130255822
2796,1,6.51279112176e-06,0.000651279112
2798,1,6.51279112176e-06,0.000651279112
2800,4,2.60511644871e-05,0.00260511645
2801,2,1.30255822435e-05,0.00130255822
2802,4,2.60511644871e-05,0.00260511645
2803,6,3.90767467306e-05,0.00390767467
2804,3,1.95383733653e-05,0.00195383734
2805,3,1.95383733653e-05,0.00195383734
2806,5,3.25639556088e-05,0.00325639556
2807,3,1.95383733653e-05,0.00195383734
2808,5,3.25639556088e-05,0.00325639556
2809,2,1.30255822435e-05,0.00130255822
2810,2,1.30255822435e-05,0.00130255822
2811,5,3.25639556088e-05,0.00325639556
2812,6,3.90767467306e-05,0.00390767467
2813,1,6.51279112176e-06,0.000651279112
2814,2,1.30255822435e-05,0.00130255822
2815,5,3.25639556088e-05,0.00325639556
2816,1,6.51279112176e-06,0.000651279112
2817,2,1.30255822435e-05,0.00130255822
2818,2,1.30255822435e-05,0.00130255822
2821,1,6.51279112176e-06,0.000651279112
2822,2,1.30255822435e-05,0.00130255822
2823,5,3.25639556088e-05,0.00325639556
2825,1,6.51279112176e-06,0.000651279112
2826,3,1.95383733653e-05,0.00195383734
2827,1,6.51279112176e-06,0.000651279112
2828,5,3.25639556088e-05,0.00325639556
2829,3,1.95383733653e-05,0.00195383734
2830,3,1.95383733653e-05,0.00195383734
2832,2,1.30255822435e-05,0.00130255822
2833,4,2.60511644871e-05,0.00260511645
2834,1,6.51279112176e-06,0.000651279112
2835,1,6.51279112176e-06,0.000651279112
2836,1,6.51279112176e-06,0.000651279112
2837,5,3.25639556088e-05,0.00325639556
2838,1,6.51279112176e-06,0.000651279112
2839,2,1.30255822435e-05,0.00130255822
2840,1,6.51279112176e-06,0.000651279112
2841,3,1.95383733653e-05,0.00195383734
2842,2,1.30255822435e-05,0.00130255822
2843,3,1.95383733653e-05,0.00195383734
2844,2,1.30255822435e-05,0.00130255822
2845,2,1.30255822435e-05,0.00130255822
2847,3,1.95383733653e-05,0.00195383734
2848,1,6.51279112176e-06,0.000651279112
2849,3,1.95383733653e-05,0.00195383734
2850,4,2.60511644871e-05,0.00260511645
2851,5,3.25639556088e-05,0.00325639556
2852,1,6.51279112176e-06,0.000651279112
2853,3,1.95383733653e-05,0.00195383734
2854,1,6.51279112176e-06,0.000651279112
2855,1,6.51279112176e-06,0.000651279112
2856,1,6.51279112176e-06,0.000651279112
2857,1,6.51279112176e-06,0.000651279112
2858,1,6.51279112176e-06,0.000651279112
2861,1,6.51279112176e-06,0.000651279112
2863,3,1.95383733653e-05,0.00195383734
2866,1,6.51279112176e-06,0.000651279112
2868,1,6.51279112176e-06,0.000651279112
2869,1,6.51279112176e-06,0.000651279112
2873,2,1.30255822435e-05,0.00130255822
2879,1,6.51279112176e-06,0.000651279112
2880,2,1.30255822435e-05,0.00130255822
2882,2,1.30255822435e-05,0.00130255822
2883,3,1.95383733653e-05,0.00195383734
2885,2,1.30255822435e-05,0.00130255822
2886,2,1.30255822435e-05,0.00130255822
2887,1,6.51279112176e-06,0.000651279112
2889,1,6.51279112176e-06,0.000651279112
2890,2,1.30255822435e-05,0.00130255822
2891,2,1.30255822435e-05,0.00130255822
2892,2,1.30255822435e-05,0.00130255822
2893,1,6.51279112176e-06,0.000651279112
2894,2,1.30255822435e-05,0.00130255822
2895,2,1.30255822435e-05,0.00130255822
2896,3,1.95383733653e-05,0.00195383734
2897,2,1.30255822435e-05,0.00130255822
2898,4,2.60511644871e-05,0.00260511645
2899,2,1.30255822435e-05,0.00130255822
2900,1,6.51279112176e-06,0.000651279112
2901,3,1.95383733653e-05,0.00195383734
2902,1,6.51279112176e-06,0.000651279112
2903,1,6.51279112176e-06,0.000651279112
2905,1,6.51279112176e-06,0.000651279112
2907,2,1.30255822435e-05,0.00130255822
2908,1,6.51279112176e-06,0.000651279112
2911,2,1.30255822435e-05,0.00130255822
2915,2,1.30255822435e-05,0.00130255822
2918,2,1.30255822435e-05,0.00130255822
2920,1,6.51279112176e-06,0.000651279112
2922,2,1.30255822435e-05,0.00130255822
2925,1,6.51279112176e-06,0.000651279112
2928,1,6.51279112176e-06,0.000651279112
2929,1,6.51279112176e-06,0.000651279112
2932,1,6.51279112176e-06,0.000651279112
2933,2,1.30255822435e-05,0.00130255822
2934,1,6.51279112176e-06,0.000651279112
2936,1,6.51279112176e-06,0.000651279112
2940,1,6.51279112176e-06,0.000651279112
2941,2,1.30255822435e-05,0.00130255822
2947,1,6.51279112176e-06,0.000651279112
2949,1,6.51279112176e-06,0.000651279112
2950,1,6.51279112176e-06,0.000651279112
2951,1,6.51279112176e-06,0.000651279112
2952,1,6.51279112176e-06,0.000651279112
2954,1,6.51279112176e-06,0.000651279112
2955,2,1.30255822435e-05,0.00130255822
2957,1,6.51279112176e-06,0.000651279112
2959,1,6.51279112176e-06,0.000651279112
2960,1,6.51279112176e-06,0.000651279112
2961,3,1.95383733653e-05,0.00195383734
2962,1,6.51279112176e-06,0.000651279112
2963,4,2.60511644871e-05,0.00260511645
2964,2,1.30255822435e-05,0.00130255822
2965,1,6.51279112176e-06,0.000651279112
2966,2,1.30255822435e-05,0.00130255822
2967,3,1.95383733653e-05,0.00195383734
2968,2,1.30255822435e-05,0.00130255822
2969,4,2.60511644871e-05,0.00260511645
2970,4,2.60511644871e-05,0.00260511645
2971,1,6.51279112176e-06,0.000651279112
2973,3,1.95383733653e-05,0.00195383734
2976,1,6.51279112176e-06,0.000651279112
2977,1,6.51279112176e-06,0.000651279112
2979,2,1.30255822435e-05,0.00130255822
2980,2,1.30255822435e-05,0.00130255822
2981,2,1.30255822435e-05,0.00130255822
2983,4,2.60511644871e-05,0.00260511645
2984,2,1.30255822435e-05,0.00130255822
2985,1,6.51279112176e-06,0.000651279112
2989,1,6.51279112176e-06,0.000651279112
2991,1,6.51279112176e-06,0.000651279112
2995,1,6.51279112176e-06,0.000651279112
2996,1,6.51279112176e-06,0.000651279112
3002,1,6.51279112176e-06,0.000651279112
3013,1,6.51279112176e-06,0.000651279112
3014,1,6.51279112176e-06,0.000651279112
3016,2,1.30255822435e-05,0.00130255822
3017,2,1.30255822435e-05,0.00130255822
3019,1,6.51279112176e-06,0.000651279112
3020,1,6.51279112176e-06,0.000651279112
3022,1,6.51279112176e-06,0.000651279112
3026,1,6.51279112176e-06,0.000651279112
3029,2,1.30255822435e-05,0.00130255822
3031,3,1.95383733653e-05,0.00195383734
3032,1,6.51279112176e-06,0.000651279112
3033,1,6.51279112176e-06,0.000651279112
3035,1,6.51279112176e-06,0.000651279112
3038,1,6.51279112176e-06,0.000651279112
3041,1,6.51279112176e-06,0.000651279112
3042,2,1.30255822435e-05,0.00130255822
3043,1,6.51279112176e-06,0.000651279112
3044,4,2.60511644871e-05,0.00260511645
3045,1,6.51279112176e-06,0.000651279112
3046,2,1.30255822435e-05,0.00130255822
3047,11,7.16407023394e-05,0.00716407023
3048,4,2.60511644871e-05,0.00260511645
3049,2,1.30255822435e-05,0.00130255822
3050,1,6.51279112176e-06,0.000651279112
3051,2,1.30255822435e-05,0.00130255822
3052,1,6.51279112176e-06,0.000651279112
3053,1,6.51279112176e-06,0.000651279112
3054,1,6.51279112176e-06,0.000651279112
3055,3,1.95383733653e-05,0.00195383734
3056,1,6.51279112176e-06,0.000651279112
3057,1,6.51279112176e-06,0.000651279112
3058,1,6.51279112176e-06,0.000651279112
3063,2,1.30255822435e-05,0.00130255822
3069,2,1.30255822435e-05,0.00130255822
3070,16,0.000104204657948,0.0104204658
3071,18,0.000117230240192,0.011723024
3072,735,0.0047869014745,0.478690147
3074,1,6.51279112176e-06,0.000651279112
3075,1,6.51279112176e-06,0.000651279112
3082,1,6.51279112176e-06,0.000651279112
3088,1,6.51279112176e-06,0.000651279112
3090,1,6.51279112176e-06,0.000651279112
3093,1,6.51279112176e-06,0.000651279112
3096,1,6.51279112176e-06,0.000651279112
3097,2,1.30255822435e-05,0.00130255822
3098,1,6.51279112176e-06,0.000651279112
3099,6,3.90767467306e-05,0.00390767467
3100,5,3.25639556088e-05,0.00325639556
3101,10,6.51279112176e-05,0.00651279112
3102,3,1.95383733653e-05,0.00195383734
3103,7,4.55895378523e-05,0.00455895379
3104,2,1.30255822435e-05,0.00130255822
3105,4,2.60511644871e-05,0.00260511645
3106,9,5.86151200959e-05,0.00586151201
3107,7,4.55895378523e-05,0.00455895379
3108,8,5.21023289741e-05,0.0052102329
3109,9,5.86151200959e-05,0.00586151201
3110,6,3.90767467306e-05,0.00390767467
3111,6,3.90767467306e-05,0.00390767467
3112,11,7.16407023394e-05,0.00716407023
3113,9,5.86151200959e-05,0.00586151201
3114,3,1.95383733653e-05,0.00195383734
3115,6,3.90767467306e-05,0.00390767467
3116,4,2.60511644871e-05,0.00260511645
3117,8,5.21023289741e-05,0.0052102329
3118,7,4.55895378523e-05,0.00455895379
3119,3,1.95383733653e-05,0.00195383734
3120,7,4.55895378523e-05,0.00455895379
3121,6,3.90767467306e-05,0.00390767467
3122,7,4.55895378523e-05,0.00455895379
3123,8,5.21023289741e-05,0.0052102329
3124,11,7.16407023394e-05,0.00716407023
3125,6,3.90767467306e-05,0.00390767467
3126,4,2.60511644871e-05,0.00260511645
3127,3,1.95383733653e-05,0.00195383734
3128,3,1.95383733653e-05,0.00195383734
3129,9,5.86151200959e-05,0.00586151201
3130,7,4.55895378523e-05,0.00455895379
3131,6,3.90767467306e-05,0.00390767467
3132,5,3.25639556088e-05,0.00325639556
3133,5,3.25639556088e-05,0.00325639556
3134,7,4.55895378523e-05,0.00455895379
3135,7,4.55895378523e-05,0.00455895379
3136,4,2.60511644871e-05,0.00260511645
3137,7,4.55895378523e-05,0.00455895379
3138,5,3.25639556088e-05,0.00325639556
3139,4,2.60511644871e-05,0.00260511645
3140,4,2.60511644871e-05,0.00260511645
3141,4,2.60511644871e-05,0.00260511645
3142,10,6.51279112176e-05,0.00651279112
3143,9,5.86151200959e-05,0.00586151201
3144,3,1.95383733653e-05,0.00195383734
3145,12,7.81534934612e-05,0.00781534935
3146,7,4.55895378523e-05,0.00455895379
3147,7,4.55895378523e-05,0.00455895379
3148,6,3.90767467306e-05,0.00390767467
3149,5,3.25639556088e-05,0.00325639556
3150,9,5.86151200959e-05,0.00586151201
3151,6,3.90767467306e-05,0.00390767467
3152,5,3.25639556088e-05,0.00325639556
3153,3,1.95383733653e-05,0.00195383734
3154,8,5.21023289741e-05,0.0052102329
3155,13,8.46662845829e-05,0.00846662846
3156,10,6.51279112176e-05,0.00651279112
3157,14,9.11790757047e-05,0.00911790757
3158,14,9.11790757047e-05,0.00911790757
3159,13,8.46662845829e-05,0.00846662846
3160,14,9.11790757047e-05,0.00911790757
3161,14,9.11790757047e-05,0.00911790757
3162,18,0.000117230240192,0.011723024
3163,18,0.000117230240192,0.011723024
3164,21,0.000136768613557,0.0136768614
3165,23,0.000149794195801,0.0149794196
3166,30,0.000195383733653,0.0195383734
3167,40,0.000260511644871,0.0260511645
3168,28,0.000182358151409,0.0182358151
3169,33,0.000214922107018,0.0214922107
3170,44,0.000286562809358,0.0286562809
3171,50,0.000325639556088,0.0325639556
3172,54,0.000351690720575,0.0351690721
3173,44,0.000286562809358,0.0286562809
3174,40,0.000260511644871,0.0260511645
3175,49,0.000319126764966,0.0319126765
3176,61,0.000397280258428,0.0397280258
3177,58,0.000377741885062,0.0377741885
3178,55,0.000358203511697,0.0358203512
3179,52,0.000338665138332,0.0338665138
3180,61,0.000397280258428,0.0397280258
3181,73,0.000475433751889,0.0475433752
3182,58,0.000377741885062,0.0377741885
3183,71,0.000462408169645,0.046240817
3184,44,0.000286562809358,0.0286562809
3185,43,0.000280050018236,0.0280050018
3186,51,0.00033215234721,0.0332152347
3187,59,0.000384254676184,0.0384254676
3188,52,0.000338665138332,0.0338665138
3189,40,0.000260511644871,0.0260511645
3190,34,0.00022143489814,0.0221434898
3191,41,0.000267024435992,0.0267024436
3192,33,0.000214922107018,0.0214922107
3193,31,0.000201896524775,0.0201896525
3194,33,0.000214922107018,0.0214922107
3195,30,0.000195383733653,0.0195383734
3196,24,0.000156306986922,0.0156306987
3197,27,0.000175845360288,0.017584536
3198,23,0.000149794195801,0.0149794196
3199,25,0.000162819778044,0.0162819778
3200,23,0.000149794195801,0.0149794196
3201,14,9.11790757047e-05,0.00911790757
3202,24,0.000156306986922,0.0156306987
3203,14,9.11790757047e-05,0.00911790757
3204,17,0.00011071744907,0.0110717449
3205,11,7.16407023394e-05,0.00716407023
3206,20,0.000130255822435,0.0130255822
3207,14,9.11790757047e-05,0.00911790757
3208,15,9.76918668264e-05,0.00976918668
3209,15,9.76918668264e-05,0.00976918668
3210,11,7.16407023394e-05,0.00716407023
3211,14,9.11790757047e-05,0.00911790757
3212,11,7.16407023394e-05,0.00716407023
3213,9,5.86151200959e-05,0.00586151201
3214,6,3.90767467306e-05,0.00390767467
3215,5,3.25639556088e-05,0.00325639556
3216,5,3.25639556088e-05,0.00325639556
3217,4,2.60511644871e-05,0.00260511645
3218,9,5.86151200959e-05,0.00586151201
3219,6,3.90767467306e-05,0.00390767467
3220,8,5.21023289741e-05,0.0052102329
3221,6,3.90767467306e-05,0.00390767467
3222,8,5.21023289741e-05,0.0052102329
3223,8,5.21023289741e-05,0.0052102329
3224,9,5.86151200959e-05,0.00586151201
3225,7,4.55895378523e-05,0.00455895379
3226,8,5.21023289741e-05,0.0052102329
3227,7,4.55895378523e-05,0.00455895379
3228,5,3.25639556088e-05,0.00325639556
3229,3,1.95383733653e-05,0.00195383734
3230,3,1.95383733653e-05,0.00195383734
3231,6,3.90767467306e-05,0.00390767467
3232,4,2.60511644871e-05,0.00260511645
3233,3,1.95383733653e-05,0.00195383734
3234,6,3.90767467306e-05,0.00390767467
3235,5,3.25639556088e-05,0.00325639556
3236,2,1.30255822435e-05,0.00130255822
3237,11,7.16407023394e-05,0.00716407023
3238,4,2.60511644871e-05,0.00260511645
3239,6,3.90767467306e-05,0.00390767467
3240,12,7.81534934612e-05,0.00781534935
3241,5,3.25639556088e-05,0.00325639556
3242,5,3.25639556088e-05,0.00325639556
3243,4,2.60511644871e-05,0.00260511645
3244,5,3.25639556088e-05,0.00325639556
3245,3,1.95383733653e-05,0.00195383734
3246,3,1.95383733653e-05,0.00195383734
3248,6,3.90767467306e-05,0.00390767467
3249,4,2.60511644871e-05,0.00260511645
3250,3,1.95383733653e-05,0.00195383734
3251,2,1.30255822435e-05,0.00130255822
3252,5,3.25639556088e-05,0.00325639556
3254,5,3.25639556088e-05,0.00325639556
3255,6,3.90767467306e-05,0.00390767467
3256,7,4.55895378523e-05,0.00455895379
3257,2,1.30255822435e-05,0.00130255822
3258,2,1.30255822435e-05,0.00130255822
3259,7,4.55895378523e-05,0.00455895379
3260,5,3.25639556088e-05,0.00325639556
3261,6,3.90767467306e-05,0.00390767467
3262,4,2.60511644871e-05,0.00260511645
3263,3,1.95383733653e-05,0.00195383734
3264,3,1.95383733653e-05,0.00195383734
3265,2,1.30255822435e-05,0.00130255822
3266,6,3.90767467306e-05,0.00390767467
3267,7,4.55895378523e-05,0.00455895379
3268,2,1.30255822435e-05,0.00130255822
3269,2,1.30255822435e-05,0.00130255822
3270,1,6.51279112176e-06,0.000651279112
3272,3,1.95383733653e-05,0.00195383734
3273,3,1.95383733653e-05,0.00195383734
3275,2,1.30255822435e-05,0.00130255822
3276,4,2.60511644871e-05,0.00260511645
3277,3,1.95383733653e-05,0.00195383734
3279,1,6.51279112176e-06,0.000651279112
3280,1,6.51279112176e-06,0.000651279112
3281,3,1.95383733653e-05,0.00195383734
3282,2,1.30255822435e-05,0.00130255822
3286,1,6.51279112176e-06,0.000651279112
3287,2,1.30255822435e-05,0.00130255822
3291,1,6.51279112176e-06,0.000651279112
3304,1,6.51279112176e-06,0.000651279112
3310,1,6.51279112176e-06,0.000651279112
3312,1,6.51279112176e-06,0.000651279112
3313,1,6.51279112176e-06,0.000651279112
3315,2,1.30255822435e-05,0.00130255822
3316,3,1.95383733653e-05,0.00195383734
3318,1,6.51279112176e-06,0.000651279112
3320,1,6.51279112176e-06,0.000651279112
3321,2,1.30255822435e-05,0.00130255822
3324,3,1.95383733653e-05,0.00195383734
3326,1,6.51279112176e-06,0.000651279112
3329,2,1.30255822435e-05,0.00130255822
3355,1,6.51279112176e-06,0.000651279112
3357,1,6.51279112176e-06,0.000651279112
3359,1,6.51279112176e-06,0.000651279112
3360,3,1.95383733653e-05,0.00195383734
3362,2,1.30255822435e-05,0.00130255822
3370,1,6.51279112176e-06,0.000651279112
3371,3,1.95383733653e-05,0.00195383734
3372,1,6.51279112176e-06,0.000651279112
3373,1,6.51279112176e-06,0.000651279112
3375,1,6.51279112176e-06,0.000651279112
3376,1,6.51279112176e-06,0.000651279112
3378,1,6.51279112176e-06,0.000651279112
3384,1,6.51279112176e-06,0.000651279112
3397,1,6.51279112176e-06,0.000651279112
3431,2,1.30255822435e-05,0.00130255822
3432,1,6.51279112176e-06,0.000651279112
3433,1,6.51279112176e-06,0.000651279112
3438,1,6.51279112176e-06,0.000651279112
3443,1,6.51279112176e-06,0.000651279112
3455,1,6.51279112176e-06,0.000651279112
3467,1,6.51279112176e-06,0.000651279112
3468,1,6.51279112176e-06,0.000651279112
3469,1,6.51279112176e-06,0.000651279112
3471,1,6.51279112176e-06,0.000651279112
3476,1,6.51279112176e-06,0.000651279112
3484,1,6.51279112176e-06,0.000651279112
3489,1,6.51279112176e-06,0.000651279112
3490,1,6.51279112176e-06,0.000651279112
3500,1,6.51279112176e-06,0.000651279112
3512,1,6.51279112176e-06,0.000651279112
3643,1,6.51279112176e-06,0.000651279112
3652,1,6.51279112176e-06,0.000651279112
3654,3,1.95383733653e-05,0.00195383734
3655,1,6.51279112176e-06,0.000651279112
3657,2,1.30255822435e-05,0.00130255822
3658,1,6.51279112176e-06,0.000651279112
3664,1,6.51279112176e-06,0.000651279112
3665,2,1.30255822435e-05,0.00130255822
3668,1,6.51279112176e-06,0.000651279112
3670,1,6.51279112176e-06,0.000651279112
3673,1,6.51279112176e-06,0.000651279112
3678,1,6.51279112176e-06,0.000651279112
3679,1,6.51279112176e-06,0.000651279112
4008,1,6.51279112176e-06,0.000651279112
4011,2,1.30255822435e-05,0.00130255822
4012,1,6.51279112176e-06,0.000651279112
4013,1,6.51279112176e-06,0.000651279112
4014,2,1.30255822435e-05,0.00130255822
4016,1,6.51279112176e-06,0.000651279112
4017,2,1.30255822435e-05,0.00130255822
4018,1,6.51279112176e-06,0.000651279112
4021,2,1.30255822435e-05,0.00130255822
4023,1,6.51279112176e-06,0.000651279112
4024,1,6.51279112176e-06,0.000651279112
