batch_size_frames,count,frequency,frequency_percent
24,1,8.68764443209e-06,0.000868764443
182,5,4.34382221604e-05,0.00434382222
183,29,0.000251941688531,0.0251941689
184,45,0.000390943999444,0.0390943999
185,73,0.000634198043542,0.0634198044
186,83,0.000721074487863,0.0721074488
187,54,0.000469132799333,0.0469132799
188,43,0.00037356871058,0.0373568711
189,42,0.000364881066148,0.0364881066
190,52,0.000451757510469,0.045175751
191,60,0.000521258665925,0.0521258666
192,86,0.00074713742116,0.0747137421
193,67,0.00058207217695,0.0582072177
194,86,0.00074713742116,0.0747137421
195,79,0.000686323910135,0.068632391
196,81,0.000703699198999,0.0703699199
197,87,0.000755825065592,0.0755825066
198,100,0.000868764443209,0.0868764443
199,110,0.00095564088753,0.0955640888
200,104,0.000903515020937,0.0903515021
201,122,0.00105989262071,0.105989262
202,145,0.00125970844265,0.125970844
203,176,0.00152902542005,0.152902542
204,395,0.00343161955068,0.343161955
205,287,0.00249335395201,0.249335395
206,220,0.00191128177506,0.191128178
207,263,0.00228485048564,0.228485049
208,69,0.000599447465814,0.0599447466
209,57,0.000495195732629,0.0495195733
210,57,0.000495195732629,0.0495195733
211,87,0.000755825065592,0.0755825066
212,117,0.00101645439855,0.10164544
213,145,0.00125970844265,0.125970844
214,171,0.00148558719789,0.14855872
215,138,0.00119889493163,0.119889493
216,152,0.00132052195368,0.132052195
217,145,0.00125970844265,0.125970844
218,172,0.00149427484232,0.149427484
219,266,0.00231091341894,0.231091342
220,322,0.00279742150713,0.279742151
221,445,0.00386600177228,0.386600177
222,525,0.00456101332685,0.456101333
223,632,0.00549059128108,0.549059128
224,559,0.00485639323754,0.485639324
225,510,0.00443069866037,0.443069866
226,456,0.00396156586103,0.396156586
227,1908,0.0165760255764,1.65760256
228,689,0.00598578701371,0.598578701
229,581,0.00504752141504,0.504752142
230,731,0.00635066807986,0.635066808
231,634,0.00550796656994,0.550796657
232,765,0.00664604799055,0.664604799
233,1039,0.00902646256494,0.902646256
234,1252,0.010876930829,1.08769308
235,1438,0.0124928326933,1.24928327
236,1915,0.0166368390874,1.66368391
237,2424,0.0210588501034,2.10588501
238,2768,0.024047399788,2.40473998
239,2774,0.0240995256546,2.40995257
240,2754,0.023925772766,2.39257728
241,2516,0.0218581133911,2.18581134
242,2080,0.0180703004187,1.80703004
243,1613,0.014013170469,1.40131705
244,1297,0.0112678748284,1.12678748
245,1158,0.0100602922524,1.00602923
246,1041,0.0090438378538,0.904383785
247,1092,0.00948690771984,0.948690772
248,1109,0.00963459767519,0.963459768
249,1048,0.00910465136483,0.910465136
250,845,0.00734105954511,0.734105955
251,710,0.00616822754678,0.616822755
252,766,0.00665473563498,0.665473563
253,695,0.0060379128803,0.603791288
254,588,0.00510833492607,0.510833493
255,461,0.00400500408319,0.400500408
256,374,0.0032491790176,0.324917902
257,292,0.00253679217417,0.253679217
258,237,0.00205897173041,0.205897173
259,226,0.00196340764165,0.196340764
260,196,0.00170277830869,0.170277831
261,229,0.00198947057495,0.198947057
262,313,0.00271923270724,0.271923271
263,356,0.00309280141782,0.309280142
264,532,0.00462182683787,0.462182684
265,651,0.00565565652529,0.565565653
266,656,0.00569909474745,0.569909475
267,535,0.00464788977117,0.464788977
268,408,0.00354455892829,0.354455893
269,444,0.00385731412785,0.385731413
270,672,0.00583809705836,0.583809706
271,1134,0.00985178878599,0.985178879
272,1333,0.011580630028,1.158063
273,1968,0.0170972842424,1.70972842
274,101,0.000877452087641,0.0877452088
275,82,0.000712386843431,0.0712386843
276,20,0.000173752888642,0.0173752889
277,1,8.68764443209e-06,0.000868764443
278,1,8.68764443209e-06,0.000868764443
279,1,8.68764443209e-06,0.000868764443
283,1,8.68764443209e-06,0.000868764443
286,2,1.73752888642e-05,0.00173752889
288,1,8.68764443209e-06,0.000868764443
290,1,8.68764443209e-06,0.000868764443
296,1,8.68764443209e-06,0.000868764443
298,1,8.68764443209e-06,0.000868764443
299,1,8.68764443209e-06,0.000868764443
300,1,8.68764443209e-06,0.000868764443
301,1,8.68764443209e-06,0.000868764443
304,1,8.68764443209e-06,0.000868764443
305,1,8.68764443209e-06,0.000868764443
308,1,8.68764443209e-06,0.000868764443
311,1,8.68764443209e-06,0.000868764443
312,2,1.73752888642e-05,0.00173752889
320,2,1.73752888642e-05,0.00173752889
323,1,8.68764443209e-06,0.000868764443
325,1,8.68764443209e-06,0.000868764443
326,1,8.68764443209e-06,0.000868764443
330,1,8.68764443209e-06,0.000868764443
334,2,1.73752888642e-05,0.00173752889
336,1,8.68764443209e-06,0.000868764443
337,1,8.68764443209e-06,0.000868764443
345,1,8.68764443209e-06,0.000868764443
351,1,8.68764443209e-06,0.000868764443
353,1,8.68764443209e-06,0.000868764443
357,1,8.68764443209e-06,0.000868764443
366,1,8.68764443209e-06,0.000868764443
368,1,8.68764443209e-06,0.000868764443
372,2,1.73752888642e-05,0.00173752889
375,2,1.73752888642e-05,0.00173752889
378,1,8.68764443209e-06,0.000868764443
381,1,8.68764443209e-06,0.000868764443
387,1,8.68764443209e-06,0.000868764443
390,3,2.60629332963e-05,0.00260629333
398,1,8.68764443209e-06,0.000868764443
399,1,8.68764443209e-06,0.000868764443
401,1,8.68764443209e-06,0.000868764443
408,1,8.68764443209e-06,0.000868764443
415,1,8.68764443209e-06,0.000868764443
416,1,8.68764443209e-06,0.000868764443
418,1,8.68764443209e-06,0.000868764443
420,1,8.68764443209e-06,0.000868764443
431,1,8.68764443209e-06,0.000868764443
432,1,8.68764443209e-06,0.000868764443
433,1,8.68764443209e-06,0.000868764443
434,1,8.68764443209e-06,0.000868764443
437,1,8.68764443209e-06,0.000868764443
442,2,1.73752888642e-05,0.00173752889
443,1,8.68764443209e-06,0.000868764443
448,1,8.68764443209e-06,0.000868764443
452,1,8.68764443209e-06,0.000868764443
454,2,1.73752888642e-05,0.00173752889
455,1,8.68764443209e-06,0.000868764443
456,2,1.73752888642e-05,0.00173752889
457,1,8.68764443209e-06,0.000868764443
459,3,2.60629332963e-05,0.00260629333
460,2,1.73752888642e-05,0.00173752889
462,2,1.73752888642e-05,0.00173752889
464,3,2.60629332963e-05,0.00260629333
467,3,2.60629332963e-05,0.00260629333
469,2,1.73752888642e-05,0.00173752889
470,1,8.68764443209e-06,0.000868764443
473,4,3.47505777284e-05,0.00347505777
474,3,2.60629332963e-05,0.00260629333
475,2,1.73752888642e-05,0.00173752889
476,2,1.73752888642e-05,0.00173752889
477,4,3.47505777284e-05,0.00347505777
478,5,4.34382221604e-05,0.00434382222
479,4,3.47505777284e-05,0.00347505777
480,1,8.68764443209e-06,0.000868764443
481,1,8.68764443209e-06,0.000868764443
482,2,1.73752888642e-05,0.00173752889
483,3,2.60629332963e-05,0.00260629333
484,6,5.21258665925e-05,0.00521258666
485,2,1.73752888642e-05,0.00173752889
486,3,2.60629332963e-05,0.00260629333
487,4,3.47505777284e-05,0.00347505777
488,5,4.34382221604e-05,0.00434382222
489,5,4.34382221604e-05,0.00434382222
490,5,4.34382221604e-05,0.00434382222
491,4,3.47505777284e-05,0.00347505777
492,9,7.81887998888e-05,0.00781887999
493,6,5.21258665925e-05,0.00521258666
494,6,5.21258665925e-05,0.00521258666
495,8,6.95011554567e-05,0.00695011555
496,6,5.21258665925e-05,0.00521258666
497,5,4.34382221604e-05,0.00434382222
498,6,5.21258665925e-05,0.00521258666
499,6,5.21258665925e-05,0.00521258666
500,5,4.34382221604e-05,0.00434382222
501,8,6.95011554567e-05,0.00695011555
502,4,3.47505777284e-05,0.00347505777
503,8,6.95011554567e-05,0.00695011555
504,7,6.08135110246e-05,0.0060813511
505,5,4.34382221604e-05,0.00434382222
506,6,5.21258665925e-05,0.00521258666
507,4,3.47505777284e-05,0.00347505777
508,5,4.34382221604e-05,0.00434382222
509,4,3.47505777284e-05,0.00347505777
510,5,4.34382221604e-05,0.00434382222
511,2,1.73752888642e-05,0.00173752889
512,6,5.21258665925e-05,0.00521258666
513,5,4.34382221604e-05,0.00434382222
514,6,5.21258665925e-05,0.00521258666
515,2,1.73752888642e-05,0.00173752889
516,7,6.08135110246e-05,0.0060813511
517,8,6.95011554567e-05,0.00695011555
518,8,6.95011554567e-05,0.00695011555
519,4,3.47505777284e-05,0.00347505777
520,7,6.08135110246e-05,0.0060813511
521,4,3.47505777284e-05,0.00347505777
522,9,7.81887998888e-05,0.00781887999
523,8,6.95011554567e-05,0.00695011555
524,8,6.95011554567e-05,0.00695011555
525,7,6.08135110246e-05,0.0060813511
526,6,5.21258665925e-05,0.00521258666
527,9,7.81887998888e-05,0.00781887999
528,4,3.47505777284e-05,0.00347505777
529,3,2.60629332963e-05,0.00260629333
530,10,8.68764443209e-05,0.00868764443
531,8,6.95011554567e-05,0.00695011555
532,10,8.68764443209e-05,0.00868764443
533,4,3.47505777284e-05,0.00347505777
534,8,6.95011554567e-05,0.00695011555
535,7,6.08135110246e-05,0.0060813511
536,8,6.95011554567e-05,0.00695011555
537,11,9.5564088753e-05,0.00955640888
538,9,7.81887998888e-05,0.00781887999
539,7,6.08135110246e-05,0.0060813511
540,8,6.95011554567e-05,0.00695011555
541,9,7.81887998888e-05,0.00781887999
542,9,7.81887998888e-05,0.00781887999
543,8,6.95011554567e-05,0.00695011555
544,12,0.000104251733185,0.0104251733
545,11,9.5564088753e-05,0.00955640888
546,11,9.5564088753e-05,0.00955640888
547,12,0.000104251733185,0.0104251733
548,18,0.000156377599778,0.01563776
549,15,0.000130314666481,0.0130314666
550,26,0.000225878755234,0.0225878755
551,24,0.00020850346637,0.0208503466
552,31,0.000269316977395,0.0269316977
553,20,0.000173752888642,0.0173752889
554,34,0.000295379910691,0.0295379911
555,27,0.000234566399666,0.02345664
556,27,0.000234566399666,0.02345664
557,11,9.5564088753e-05,0.00955640888
558,26,0.000225878755234,0.0225878755
559,15,0.000130314666481,0.0130314666
560,14,0.000121627022049,0.0121627022
561,11,9.5564088753e-05,0.00955640888
562,17,0.000147689955346,0.0147689955
563,11,9.5564088753e-05,0.00955640888
564,19,0.00016506524421,0.0165065244
565,9,7.81887998888e-05,0.00781887999
566,18,0.000156377599778,0.01563776
567,8,6.95011554567e-05,0.00695011555
568,15,0.000130314666481,0.0130314666
569,11,9.5564088753e-05,0.00955640888
570,14,0.000121627022049,0.0121627022
571,14,0.000121627022049,0.0121627022
572,13,0.000112939377617,0.0112939378
573,13,0.000112939377617,0.0112939378
574,11,9.5564088753e-05,0.00955640888
575,14,0.000121627022049,0.0121627022
576,13,0.000112939377617,0.0112939378
577,13,0.000112939377617,0.0112939378
578,14,0.000121627022049,0.0121627022
579,12,0.000104251733185,0.0104251733
580,8,6.95011554567e-05,0.00695011555
581,11,9.5564088753e-05,0.00955640888
582,15,0.000130314666481,0.0130314666
583,6,5.21258665925e-05,0.00521258666
584,5,4.34382221604e-05,0.00434382222
585,14,0.000121627022049,0.0121627022
586,17,0.000147689955346,0.0147689955
587,9,7.81887998888e-05,0.00781887999
588,8,6.95011554567e-05,0.00695011555
589,8,6.95011554567e-05,0.00695011555
590,9,7.81887998888e-05,0.00781887999
591,5,4.34382221604e-05,0.00434382222
592,9,7.81887998888e-05,0.00781887999
593,7,6.08135110246e-05,0.0060813511
594,4,3.47505777284e-05,0.00347505777
595,4,3.47505777284e-05,0.00347505777
596,6,5.21258665925e-05,0.00521258666
597,5,4.34382221604e-05,0.00434382222
598,4,3.47505777284e-05,0.00347505777
599,5,4.34382221604e-05,0.00434382222
600,2,1.73752888642e-05,0.00173752889
601,2,1.73752888642e-05,0.00173752889
602,4,3.47505777284e-05,0.00347505777
603,4,3.47505777284e-05,0.00347505777
604,7,6.08135110246e-05,0.0060813511
605,5,4.34382221604e-05,0.00434382222
606,4,3.47505777284e-05,0.00347505777
607,7,6.08135110246e-05,0.0060813511
608,2,1.73752888642e-05,0.00173752889
609,2,1.73752888642e-05,0.00173752889
610,2,1.73752888642e-05,0.00173752889
611,4,3.47505777284e-05,0.00347505777
612,2,1.73752888642e-05,0.00173752889
613,2,1.73752888642e-05,0.00173752889
614,3,2.60629332963e-05,0.00260629333
615,4,3.47505777284e-05,0.00347505777
616,2,1.73752888642e-05,0.00173752889
617,7,6.08135110246e-05,0.0060813511
618,2,1.73752888642e-05,0.00173752889
619,4,3.47505777284e-05,0.00347505777
620,3,2.60629332963e-05,0.00260629333
621,2,1.73752888642e-05,0.00173752889
622,3,2.60629332963e-05,0.00260629333
623,2,1.73752888642e-05,0.00173752889
624,5,4.34382221604e-05,0.00434382222
625,3,2.60629332963e-05,0.00260629333
626,4,3.47505777284e-05,0.00347505777
627,3,2.60629332963e-05,0.00260629333
628,6,5.21258665925e-05,0.00521258666
629,4,3.47505777284e-05,0.00347505777
630,3,2.60629332963e-05,0.00260629333
631,6,5.21258665925e-05,0.00521258666
632,8,6.95011554567e-05,0.00695011555
633,6,5.21258665925e-05,0.00521258666
634,10,8.68764443209e-05,0.00868764443
635,5,4.34382221604e-05,0.00434382222
636,7,6.08135110246e-05,0.0060813511
637,11,9.5564088753e-05,0.00955640888
638,12,0.000104251733185,0.0104251733
639,9,7.81887998888e-05,0.00781887999
640,6,5.21258665925e-05,0.00521258666
641,10,8.68764443209e-05,0.00868764443
642,7,6.08135110246e-05,0.0060813511
643,7,6.08135110246e-05,0.0060813511
644,10,8.68764443209e-05,0.00868764443
645,5,4.34382221604e-05,0.00434382222
646,11,9.5564088753e-05,0.00955640888
647,11,9.5564088753e-05,0.00955640888
648,11,9.5564088753e-05,0.00955640888
649,7,6.08135110246e-05,0.0060813511
650,8,6.95011554567e-05,0.00695011555
651,11,9.5564088753e-05,0.00955640888
652,16,0.000139002310913,0.0139002311
653,7,6.08135110246e-05,0.0060813511
654,10,8.68764443209e-05,0.00868764443
655,11,9.5564088753e-05,0.00955640888
656,9,7.81887998888e-05,0.00781887999
657,15,0.000130314666481,0.0130314666
658,8,6.95011554567e-05,0.00695011555
659,3,2.60629332963e-05,0.00260629333
660,4,3.47505777284e-05,0.00347505777
661,12,0.000104251733185,0.0104251733
662,5,4.34382221604e-05,0.00434382222
663,4,3.47505777284e-05,0.00347505777
664,8,6.95011554567e-05,0.00695011555
665,3,2.60629332963e-05,0.00260629333
666,12,0.000104251733185,0.0104251733
667,14,0.000121627022049,0.0121627022
668,5,4.34382221604e-05,0.00434382222
669,16,0.000139002310913,0.0139002311
670,14,0.000121627022049,0.0121627022
671,18,0.000156377599778,0.01563776
672,24,0.00020850346637,0.0208503466
673,11,9.5564088753e-05,0.00955640888
674,17,0.000147689955346,0.0147689955
675,20,0.000173752888642,0.0173752889
676,10,8.68764443209e-05,0.00868764443
677,12,0.000104251733185,0.0104251733
678,9,7.81887998888e-05,0.00781887999
679,7,6.08135110246e-05,0.0060813511
680,6,5.21258665925e-05,0.00521258666
681,11,9.5564088753e-05,0.00955640888
682,5,4.34382221604e-05,0.00434382222
683,10,8.68764443209e-05,0.00868764443
684,9,7.81887998888e-05,0.00781887999
685,7,6.08135110246e-05,0.0060813511
686,7,6.08135110246e-05,0.0060813511
687,4,3.47505777284e-05,0.00347505777
688,6,5.21258665925e-05,0.00521258666
689,10,8.68764443209e-05,0.00868764443
690,8,6.95011554567e-05,0.00695011555
691,12,0.000104251733185,0.0104251733
692,13,0.000112939377617,0.0112939378
693,10,8.68764443209e-05,0.00868764443
694,7,6.08135110246e-05,0.0060813511
695,11,9.5564088753e-05,0.00955640888
696,10,8.68764443209e-05,0.00868764443
697,7,6.08135110246e-05,0.0060813511
698,2,1.73752888642e-05,0.00173752889
699,13,0.000112939377617,0.0112939378
700,8,6.95011554567e-05,0.00695011555
701,7,6.08135110246e-05,0.0060813511
702,10,8.68764443209e-05,0.00868764443
703,4,3.47505777284e-05,0.00347505777
704,6,5.21258665925e-05,0.00521258666
705,8,6.95011554567e-05,0.00695011555
706,5,4.34382221604e-05,0.00434382222
707,8,6.95011554567e-05,0.00695011555
708,8,6.95011554567e-05,0.00695011555
709,9,7.81887998888e-05,0.00781887999
710,8,6.95011554567e-05,0.00695011555
711,4,3.47505777284e-05,0.00347505777
712,12,0.000104251733185,0.0104251733
713,10,8.68764443209e-05,0.00868764443
714,10,8.68764443209e-05,0.00868764443
715,5,4.34382221604e-05,0.00434382222
716,7,6.08135110246e-05,0.0060813511
717,6,5.21258665925e-05,0.00521258666
718,10,8.68764443209e-05,0.00868764443
719,6,5.21258665925e-05,0.00521258666
720,11,9.5564088753e-05,0.00955640888
721,13,0.000112939377617,0.0112939378
722,5,4.34382221604e-05,0.00434382222
723,11,9.5564088753e-05,0.00955640888
724,5,4.34382221604e-05,0.00434382222
725,6,5.21258665925e-05,0.00521258666
726,8,6.95011554567e-05,0.00695011555
727,8,6.95011554567e-05,0.00695011555
728,8,6.95011554567e-05,0.00695011555
729,10,8.68764443209e-05,0.00868764443
730,16,0.000139002310913,0.0139002311
731,5,4.34382221604e-05,0.00434382222
732,4,3.47505777284e-05,0.00347505777
733,7,6.08135110246e-05,0.0060813511
734,9,7.81887998888e-05,0.00781887999
735,8,6.95011554567e-05,0.00695011555
736,10,8.68764443209e-05,0.00868764443
737,8,6.95011554567e-05,0.00695011555
738,6,5.21258665925e-05,0.00521258666
739,9,7.81887998888e-05,0.00781887999
740,7,6.08135110246e-05,0.0060813511
741,7,6.08135110246e-05,0.0060813511
742,2,1.73752888642e-05,0.00173752889
743,5,4.34382221604e-05,0.00434382222
744,11,9.5564088753e-05,0.00955640888
745,6,5.21258665925e-05,0.00521258666
746,5,4.34382221604e-05,0.00434382222
747,9,7.81887998888e-05,0.00781887999
748,7,6.08135110246e-05,0.0060813511
749,7,6.08135110246e-05,0.0060813511
750,5,4.34382221604e-05,0.00434382222
751,8,6.95011554567e-05,0.00695011555
752,3,2.60629332963e-05,0.00260629333
753,4,3.47505777284e-05,0.00347505777
754,2,1.73752888642e-05,0.00173752889
755,5,4.34382221604e-05,0.00434382222
756,5,4.34382221604e-05,0.00434382222
757,4,3.47505777284e-05,0.00347505777
758,5,4.34382221604e-05,0.00434382222
759,4,3.47505777284e-05,0.00347505777
760,6,5.21258665925e-05,0.00521258666
761,7,6.08135110246e-05,0.0060813511
762,4,3.47505777284e-05,0.00347505777
763,6,5.21258665925e-05,0.00521258666
764,2,1.73752888642e-05,0.00173752889
765,4,3.47505777284e-05,0.00347505777
766,7,6.08135110246e-05,0.0060813511
767,3,2.60629332963e-05,0.00260629333
768,14,0.000121627022049,0.0121627022
769,5,4.34382221604e-05,0.00434382222
770,9,7.81887998888e-05,0.00781887999
771,4,3.47505777284e-05,0.00347505777
772,5,4.34382221604e-05,0.00434382222
773,9,7.81887998888e-05,0.00781887999
774,6,5.21258665925e-05,0.00521258666
775,5,4.34382221604e-05,0.00434382222
776,9,7.81887998888e-05,0.00781887999
777,6,5.21258665925e-05,0.00521258666
778,1,8.68764443209e-06,0.000868764443
779,7,6.08135110246e-05,0.0060813511
780,5,4.34382221604e-05,0.00434382222
781,9,7.81887998888e-05,0.00781887999
782,7,6.08135110246e-05,0.0060813511
783,8,6.95011554567e-05,0.00695011555
784,9,7.81887998888e-05,0.00781887999
785,6,5.21258665925e-05,0.00521258666
786,8,6.95011554567e-05,0.00695011555
787,8,6.95011554567e-05,0.00695011555
788,9,7.81887998888e-05,0.00781887999
789,6,5.21258665925e-05,0.00521258666
790,7,6.08135110246e-05,0.0060813511
791,10,8.68764443209e-05,0.00868764443
792,11,9.5564088753e-05,0.00955640888
793,8,6.95011554567e-05,0.00695011555
794,7,6.08135110246e-05,0.0060813511
795,6,5.21258665925e-05,0.00521258666
796,12,0.000104251733185,0.0104251733
797,10,8.68764443209e-05,0.00868764443
798,7,6.08135110246e-05,0.0060813511
799,5,4.34382221604e-05,0.00434382222
800,14,0.000121627022049,0.0121627022
801,8,6.95011554567e-05,0.00695011555
802,16,0.000139002310913,0.0139002311
803,11,9.5564088753e-05,0.00955640888
804,13,0.000112939377617,0.0112939378
805,15,0.000130314666481,0.0130314666
806,9,7.81887998888e-05,0.00781887999
807,10,8.68764443209e-05,0.00868764443
808,13,0.000112939377617,0.0112939378
809,7,6.08135110246e-05,0.0060813511
810,14,0.000121627022049,0.0121627022
811,20,0.000173752888642,0.0173752889
812,10,8.68764443209e-05,0.00868764443
813,16,0.000139002310913,0.0139002311
814,10,8.68764443209e-05,0.00868764443
815,11,9.5564088753e-05,0.00955640888
816,10,8.68764443209e-05,0.00868764443
817,10,8.68764443209e-05,0.00868764443
818,11,9.5564088753e-05,0.00955640888
819,14,0.000121627022049,0.0121627022
820,8,6.95011554567e-05,0.00695011555
821,10,8.68764443209e-05,0.00868764443
822,14,0.000121627022049,0.0121627022
823,8,6.95011554567e-05,0.00695011555
824,12,0.000104251733185,0.0104251733
825,9,7.81887998888e-05,0.00781887999
826,11,9.5564088753e-05,0.00955640888
827,14,0.000121627022049,0.0121627022
828,18,0.000156377599778,0.01563776
829,8,6.95011554567e-05,0.00695011555
830,11,9.5564088753e-05,0.00955640888
831,6,5.21258665925e-05,0.00521258666
832,7,6.08135110246e-05,0.0060813511
833,10,8.68764443209e-05,0.00868764443
834,13,0.000112939377617,0.0112939378
835,3,2.60629332963e-05,0.00260629333
836,16,0.000139002310913,0.0139002311
837,2,1.73752888642e-05,0.00173752889
838,6,5.21258665925e-05,0.00521258666
839,8,6.95011554567e-05,0.00695011555
840,8,6.95011554567e-05,0.00695011555
841,7,6.08135110246e-05,0.0060813511
842,6,5.21258665925e-05,0.00521258666
843,13,0.000112939377617,0.0112939378
844,5,4.34382221604e-05,0.00434382222
845,10,8.68764443209e-05,0.00868764443
846,12,0.000104251733185,0.0104251733
847,11,9.5564088753e-05,0.00955640888
848,6,5.21258665925e-05,0.00521258666
849,20,0.000173752888642,0.0173752889
850,7,6.08135110246e-05,0.0060813511
851,9,7.81887998888e-05,0.00781887999
852,8,6.95011554567e-05,0.00695011555
853,10,8.68764443209e-05,0.00868764443
854,8,6.95011554567e-05,0.00695011555
855,10,8.68764443209e-05,0.00868764443
856,8,6.95011554567e-05,0.00695011555
857,13,0.000112939377617,0.0112939378
858,16,0.000139002310913,0.0139002311
859,25,0.000217191110802,0.0217191111
860,32,0.000278004621827,0.0278004622
861,19,0.00016506524421,0.0165065244
862,26,0.000225878755234,0.0225878755
863,18,0.000156377599778,0.01563776
864,21,0.000182440533074,0.0182440533
865,12,0.000104251733185,0.0104251733
866,13,0.000112939377617,0.0112939378
867,12,0.000104251733185,0.0104251733
868,15,0.000130314666481,0.0130314666
869,19,0.00016506524421,0.0165065244
870,14,0.000121627022049,0.0121627022
871,15,0.000130314666481,0.0130314666
872,11,9.5564088753e-05,0.00955640888
873,15,0.000130314666481,0.0130314666
874,21,0.000182440533074,0.0182440533
875,16,0.000139002310913,0.0139002311
876,18,0.000156377599778,0.01563776
877,11,9.5564088753e-05,0.00955640888
878,12,0.000104251733185,0.0104251733
879,9,7.81887998888e-05,0.00781887999
880,7,6.08135110246e-05,0.0060813511
881,11,9.5564088753e-05,0.00955640888
882,12,0.000104251733185,0.0104251733
883,7,6.08135110246e-05,0.0060813511
884,6,5.21258665925e-05,0.00521258666
885,11,9.5564088753e-05,0.00955640888
886,10,8.68764443209e-05,0.00868764443
887,21,0.000182440533074,0.0182440533
888,13,0.000112939377617,0.0112939378
889,21,0.000182440533074,0.0182440533
890,14,0.000121627022049,0.0121627022
891,20,0.000173752888642,0.0173752889
892,27,0.000234566399666,0.02345664
893,25,0.000217191110802,0.0217191111
894,25,0.000217191110802,0.0217191111
895,16,0.000139002310913,0.0139002311
896,14,0.000121627022049,0.0121627022
897,25,0.000217191110802,0.0217191111
898,18,0.000156377599778,0.01563776
899,17,0.000147689955346,0.0147689955
900,11,9.5564088753e-05,0.00955640888
901,28,0.000243254044098,0.0243254044
902,28,0.000243254044098,0.0243254044
903,26,0.000225878755234,0.0225878755
904,31,0.000269316977395,0.0269316977
905,33,0.000286692266259,0.0286692266
906,25,0.000217191110802,0.0217191111
907,39,0.000338818132851,0.0338818133
908,42,0.000364881066148,0.0364881066
909,43,0.00037356871058,0.0373568711
910,37,0.000321442843987,0.0321442844
911,32,0.000278004621827,0.0278004622
912,72,0.00062551039911,0.0625510399
913,53,0.000460445154901,0.0460445155
914,59,0.000512571021493,0.0512571021
915,46,0.000399631643876,0.0399631644
916,33,0.000286692266259,0.0286692266
917,21,0.000182440533074,0.0182440533
918,23,0.000199815821938,0.0199815822
919,31,0.000269316977395,0.0269316977
920,43,0.00037356871058,0.0373568711
921,40,0.000347505777284,0.0347505777
922,21,0.000182440533074,0.0182440533
923,26,0.000225878755234,0.0225878755
924,15,0.000130314666481,0.0130314666
925,16,0.000139002310913,0.0139002311
926,30,0.000260629332963,0.0260629333
927,23,0.000199815821938,0.0199815822
928,25,0.000217191110802,0.0217191111
929,42,0.000364881066148,0.0364881066
930,47,0.000408319288308,0.0408319288
931,50,0.000434382221604,0.0434382222
932,45,0.000390943999444,0.0390943999
933,52,0.000451757510469,0.045175751
934,48,0.00041700693274,0.0417006933
935,39,0.000338818132851,0.0338818133
936,51,0.000443069866037,0.0443069866
937,55,0.000477820443765,0.0477820444
938,53,0.000460445154901,0.0460445155
939,33,0.000286692266259,0.0286692266
940,34,0.000295379910691,0.0295379911
941,42,0.000364881066148,0.0364881066
942,30,0.000260629332963,0.0260629333
943,29,0.000251941688531,0.0251941689
944,24,0.00020850346637,0.0208503466
945,38,0.000330130488419,0.0330130488
946,27,0.000234566399666,0.02345664
947,43,0.00037356871058,0.0373568711
948,37,0.000321442843987,0.0321442844
949,37,0.000321442843987,0.0321442844
950,31,0.000269316977395,0.0269316977
951,14,0.000121627022049,0.0121627022
952,23,0.000199815821938,0.0199815822
953,12,0.000104251733185,0.0104251733
954,22,0.000191128177506,0.0191128178
955,18,0.000156377599778,0.01563776
956,17,0.000147689955346,0.0147689955
957,14,0.000121627022049,0.0121627022
958,31,0.000269316977395,0.0269316977
959,19,0.00016506524421,0.0165065244
960,20,0.000173752888642,0.0173752889
961,17,0.000147689955346,0.0147689955
962,26,0.000225878755234,0.0225878755
963,27,0.000234566399666,0.02345664
964,13,0.000112939377617,0.0112939378
965,17,0.000147689955346,0.0147689955
966,28,0.000243254044098,0.0243254044
967,15,0.000130314666481,0.0130314666
968,31,0.000269316977395,0.0269316977
969,27,0.000234566399666,0.02345664
970,28,0.000243254044098,0.0243254044
971,37,0.000321442843987,0.0321442844
972,27,0.000234566399666,0.02345664
973,29,0.000251941688531,0.0251941689
974,27,0.000234566399666,0.02345664
975,41,0.000356193421716,0.0356193422
976,38,0.000330130488419,0.0330130488
977,34,0.000295379910691,0.0295379911
978,47,0.000408319288308,0.0408319288
979,39,0.000338818132851,0.0338818133
980,50,0.000434382221604,0.0434382222
981,48,0.00041700693274,0.0417006933
982,46,0.000399631643876,0.0399631644
983,64,0.000556009243654,0.0556009244
984,45,0.000390943999444,0.0390943999
985,47,0.000408319288308,0.0408319288
986,45,0.000390943999444,0.0390943999
987,56,0.000486508088197,0.0486508088
988,52,0.000451757510469,0.045175751
989,41,0.000356193421716,0.0356193422
990,38,0.000330130488419,0.0330130488
991,45,0.000390943999444,0.0390943999
992,28,0.000243254044098,0.0243254044
993,41,0.000356193421716,0.0356193422
994,39,0.000338818132851,0.0338818133
995,26,0.000225878755234,0.0225878755
996,28,0.000243254044098,0.0243254044
997,33,0.000286692266259,0.0286692266
998,30,0.000260629332963,0.0260629333
999,29,0.000251941688531,0.0251941689
1000,36,0.000312755199555,0.03127552
1001,33,0.000286692266259,0.0286692266
1002,31,0.000269316977395,0.0269316977
1003,36,0.000312755199555,0.03127552
1004,34,0.000295379910691,0.0295379911
1005,26,0.000225878755234,0.0225878755
1006,31,0.000269316977395,0.0269316977
1007,34,0.000295379910691,0.0295379911
1008,31,0.000269316977395,0.0269316977
1009,47,0.000408319288308,0.0408319288
1010,43,0.00037356871058,0.0373568711
1011,50,0.000434382221604,0.0434382222
1012,29,0.000251941688531,0.0251941689
1013,42,0.000364881066148,0.0364881066
1014,37,0.000321442843987,0.0321442844
1015,48,0.00041700693274,0.0417006933
1016,51,0.000443069866037,0.0443069866
1017,36,0.000312755199555,0.03127552
1018,38,0.000330130488419,0.0330130488
1019,36,0.000312755199555,0.03127552
1020,76,0.000660260976839,0.0660260977
1021,59,0.000512571021493,0.0512571021
1022,39,0.000338818132851,0.0338818133
1023,40,0.000347505777284,0.0347505777
1024,1825,0.0158549510886,1.58549511
1025,86,0.00074713742116,0.0747137421
1026,42,0.000364881066148,0.0364881066
1027,33,0.000286692266259,0.0286692266
1028,44,0.000382256355012,0.0382256355
1029,42,0.000364881066148,0.0364881066
1030,53,0.000460445154901,0.0460445155
1031,75,0.000651573332407,0.0651573332
1032,95,0.000825326221048,0.0825326221
1033,98,0.000851389154345,0.0851389154
1034,112,0.000973016176394,0.0973016176
1035,143,0.00124233315379,0.124233315
1036,114,0.000990391465258,0.0990391465
1037,96,0.000834013865481,0.0834013865
1038,87,0.000755825065592,0.0755825066
1039,71,0.000616822754678,0.0616822755
1040,62,0.000538633954789,0.0538633955
1041,82,0.000712386843431,0.0712386843
1042,89,0.000773200354456,0.0773200354
1043,73,0.000634198043542,0.0634198044
1044,105,0.000912202665369,0.0912202665
1045,120,0.00104251733185,0.104251733
1046,131,0.0011380814206,0.113808142
1047,158,0.00137264782027,0.137264782
1048,188,0.00163327715323,0.163327715
1049,215,0.0018678435529,0.186784355
1050,260,0.00225878755234,0.225878755
1051,289,0.00251072924087,0.251072924
1052,355,0.00308411377339,0.308411377
1053,348,0.00302330026237,0.302330026
1054,368,0.00319705315101,0.319705315
1055,387,0.00336211839522,0.33621184
1056,358,0.00311017670669,0.311017671
1057,325,0.00282348444043,0.282348444
1058,269,0.00233697635223,0.233697635
1059,244,0.00211978524143,0.211978524
1060,220,0.00191128177506,0.191128178
1061,204,0.00177227946415,0.177227946
1062,216,0.00187653119733,0.18765312
1063,203,0.00176359181971,0.176359182
1064,171,0.00148558719789,0.14855872
1065,172,0.00149427484232,0.149427484
1066,149,0.00129445902038,0.129445902
1067,156,0.00135527253141,0.135527253
1068,136,0.00118151964276,0.118151964
1069,120,0.00104251733185,0.104251733
1070,97,0.000842701509913,0.084270151
1071,114,0.000990391465258,0.0990391465
1072,125,0.00108595555401,0.108595555
1073,100,0.000868764443209,0.0868764443
1074,115,0.00099907910969,0.099907911
1075,107,0.000929577954233,0.0929577954
1076,126,0.00109464319844,0.10946432
1077,111,0.000964328531962,0.0964328532
1078,117,0.00101645439855,0.10164544
1079,119,0.00103382968742,0.103382969
1080,135,0.00117283199833,0.1172832
1081,131,0.0011380814206,0.113808142
1082,130,0.00112939377617,0.112939378
1083,133,0.00115545670947,0.115545671
1084,121,0.00105120497628,0.105120498
1085,108,0.000938265598666,0.0938265599
1086,116,0.00100776675412,0.100776675
1087,115,0.00099907910969,0.099907911
1088,126,0.00109464319844,0.10946432
1089,112,0.000973016176394,0.0973016176
1090,108,0.000938265598666,0.0938265599
1091,115,0.00099907910969,0.099907911
1092,107,0.000929577954233,0.0929577954
1093,128,0.00111201848731,0.111201849
1094,103,0.000894827376505,0.0894827377
1095,110,0.00095564088753,0.0955640888
1096,118,0.00102514204299,0.102514204
1097,120,0.00104251733185,0.104251733
1098,132,0.00114676906504,0.114676907
1099,106,0.000920890309801,0.092089031
1100,119,0.00103382968742,0.103382969
1101,88,0.000764512710024,0.076451271
1102,113,0.000981703820826,0.0981703821
1103,101,0.000877452087641,0.0877452088
1104,86,0.00074713742116,0.0747137421
1105,96,0.000834013865481,0.0834013865
1106,80,0.000695011554567,0.0695011555
1107,92,0.000799263287752,0.0799263288
1108,84,0.000729762132295,0.0729762132
1109,85,0.000738449776728,0.0738449777
1110,84,0.000729762132295,0.0729762132
1111,92,0.000799263287752,0.0799263288
1112,88,0.000764512710024,0.076451271
1113,82,0.000712386843431,0.0712386843
1114,88,0.000764512710024,0.076451271
1115,71,0.000616822754678,0.0616822755
1116,53,0.000460445154901,0.0460445155
1117,76,0.000660260976839,0.0660260977
1118,87,0.000755825065592,0.0755825066
1119,74,0.000642885687975,0.0642885688
1120,83,0.000721074487863,0.0721074488
1121,80,0.000695011554567,0.0695011555
1122,66,0.000573384532518,0.0573384533
1123,47,0.000408319288308,0.0408319288
1124,47,0.000408319288308,0.0408319288
1125,52,0.000451757510469,0.045175751
1126,44,0.000382256355012,0.0382256355
1127,49,0.000425694577172,0.0425694577
1128,45,0.000390943999444,0.0390943999
1129,45,0.000390943999444,0.0390943999
1130,42,0.000364881066148,0.0364881066
1131,51,0.000443069866037,0.0443069866
1132,64,0.000556009243654,0.0556009244
1133,53,0.000460445154901,0.0460445155
1134,54,0.000469132799333,0.0469132799
1135,56,0.000486508088197,0.0486508088
1136,48,0.00041700693274,0.0417006933
1137,53,0.000460445154901,0.0460445155
1138,49,0.000425694577172,0.0425694577
1139,72,0.00062551039911,0.0625510399
1140,58,0.000503883377061,0.0503883377
1141,76,0.000660260976839,0.0660260977
1142,63,0.000547321599222,0.0547321599
1143,59,0.000512571021493,0.0512571021
1144,67,0.00058207217695,0.0582072177
1145,61,0.000529946310357,0.052994631
1146,50,0.000434382221604,0.0434382222
1147,59,0.000512571021493,0.0512571021
1148,66,0.000573384532518,0.0573384533
1149,62,0.000538633954789,0.0538633955
1150,52,0.000451757510469,0.045175751
1151,54,0.000469132799333,0.0469132799
1152,62,0.000538633954789,0.0538633955
1153,48,0.00041700693274,0.0417006933
1154,54,0.000469132799333,0.0469132799
1155,65,0.000564696888086,0.0564696888
1156,55,0.000477820443765,0.0477820444
1157,48,0.00041700693274,0.0417006933
1158,48,0.00041700693274,0.0417006933
1159,55,0.000477820443765,0.0477820444
1160,48,0.00041700693274,0.0417006933
1161,47,0.000408319288308,0.0408319288
1162,48,0.00041700693274,0.0417006933
1163,50,0.000434382221604,0.0434382222
1164,47,0.000408319288308,0.0408319288
1165,44,0.000382256355012,0.0382256355
1166,51,0.000443069866037,0.0443069866
1167,55,0.000477820443765,0.0477820444
1168,50,0.000434382221604,0.0434382222
1169,59,0.000512571021493,0.0512571021
1170,55,0.000477820443765,0.0477820444
1171,53,0.000460445154901,0.0460445155
1172,51,0.000443069866037,0.0443069866
1173,71,0.000616822754678,0.0616822755
1174,73,0.000634198043542,0.0634198044
1175,61,0.000529946310357,0.052994631
1176,74,0.000642885687975,0.0642885688
1177,69,0.000599447465814,0.0599447466
1178,81,0.000703699198999,0.0703699199
1179,88,0.000764512710024,0.076451271
1180,76,0.000660260976839,0.0660260977
1181,55,0.000477820443765,0.0477820444
1182,83,0.000721074487863,0.0721074488
1183,76,0.000660260976839,0.0660260977
1184,72,0.00062551039911,0.0625510399
1185,61,0.000529946310357,0.052994631
1186,70,0.000608135110246,0.060813511
1187,68,0.000590759821382,0.0590759821
1188,72,0.00062551039911,0.0625510399
1189,68,0.000590759821382,0.0590759821
1190,56,0.000486508088197,0.0486508088
1191,62,0.000538633954789,0.0538633955
1192,61,0.000529946310357,0.052994631
1193,66,0.000573384532518,0.0573384533
1194,49,0.000425694577172,0.0425694577
1195,53,0.000460445154901,0.0460445155
1196,71,0.000616822754678,0.0616822755
1197,65,0.000564696888086,0.0564696888
1198,64,0.000556009243654,0.0556009244
1199,71,0.000616822754678,0.0616822755
1200,57,0.000495195732629,0.0495195733
1201,58,0.000503883377061,0.0503883377
1202,52,0.000451757510469,0.045175751
1203,69,0.000599447465814,0.0599447466
1204,57,0.000495195732629,0.0495195733
1205,60,0.000521258665925,0.0521258666
1206,72,0.00062551039911,0.0625510399
1207,66,0.000573384532518,0.0573384533
1208,82,0.000712386843431,0.0712386843
1209,71,0.000616822754678,0.0616822755
1210,62,0.000538633954789,0.0538633955
1211,61,0.000529946310357,0.052994631
1212,73,0.000634198043542,0.0634198044
1213,68,0.000590759821382,0.0590759821
1214,62,0.000538633954789,0.0538633955
1215,58,0.000503883377061,0.0503883377
1216,54,0.000469132799333,0.0469132799
1217,77,0.000668948621271,0.0668948621
1218,78,0.000677636265703,0.0677636266
1219,79,0.000686323910135,0.068632391
1220,67,0.00058207217695,0.0582072177
1221,81,0.000703699198999,0.0703699199
1222,87,0.000755825065592,0.0755825066
1223,83,0.000721074487863,0.0721074488
1224,63,0.000547321599222,0.0547321599
1225,79,0.000686323910135,0.068632391
1226,58,0.000503883377061,0.0503883377
1227,66,0.000573384532518,0.0573384533
1228,76,0.000660260976839,0.0660260977
1229,74,0.000642885687975,0.0642885688
1230,67,0.00058207217695,0.0582072177
1231,75,0.000651573332407,0.0651573332
1232,91,0.00079057564332,0.0790575643
1233,88,0.000764512710024,0.076451271
1234,69,0.000599447465814,0.0599447466
1235,78,0.000677636265703,0.0677636266
1236,80,0.000695011554567,0.0695011555
1237,98,0.000851389154345,0.0851389154
1238,85,0.000738449776728,0.0738449777
1239,65,0.000564696888086,0.0564696888
1240,62,0.000538633954789,0.0538633955
1241,80,0.000695011554567,0.0695011555
1242,67,0.00058207217695,0.0582072177
1243,79,0.000686323910135,0.068632391
1244,70,0.000608135110246,0.060813511
1245,65,0.000564696888086,0.0564696888
1246,81,0.000703699198999,0.0703699199
1247,58,0.000503883377061,0.0503883377
1248,53,0.000460445154901,0.0460445155
1249,51,0.000443069866037,0.0443069866
1250,56,0.000486508088197,0.0486508088
1251,65,0.000564696888086,0.0564696888
1252,51,0.000443069866037,0.0443069866
1253,48,0.00041700693274,0.0417006933
1254,60,0.000521258665925,0.0521258666
1255,50,0.000434382221604,0.0434382222
1256,59,0.000512571021493,0.0512571021
1257,55,0.000477820443765,0.0477820444
1258,63,0.000547321599222,0.0547321599
1259,63,0.000547321599222,0.0547321599
1260,43,0.00037356871058,0.0373568711
1261,46,0.000399631643876,0.0399631644
1262,61,0.000529946310357,0.052994631
1263,45,0.000390943999444,0.0390943999
1264,42,0.000364881066148,0.0364881066
1265,46,0.000399631643876,0.0399631644
1266,56,0.000486508088197,0.0486508088
1267,55,0.000477820443765,0.0477820444
1268,50,0.000434382221604,0.0434382222
1269,45,0.000390943999444,0.0390943999
1270,48,0.00041700693274,0.0417006933
1271,51,0.000443069866037,0.0443069866
1272,47,0.000408319288308,0.0408319288
1273,38,0.000330130488419,0.0330130488
1274,55,0.000477820443765,0.0477820444
1275,53,0.000460445154901,0.0460445155
1276,53,0.000460445154901,0.0460445155
1277,57,0.000495195732629,0.0495195733
1278,54,0.000469132799333,0.0469132799
1279,42,0.000364881066148,0.0364881066
1280,45,0.000390943999444,0.0390943999
1281,48,0.00041700693274,0.0417006933
1282,49,0.000425694577172,0.0425694577
1283,49,0.000425694577172,0.0425694577
1284,56,0.000486508088197,0.0486508088
1285,65,0.000564696888086,0.0564696888
1286,48,0.00041700693274,0.0417006933
1287,61,0.000529946310357,0.052994631
1288,67,0.00058207217695,0.0582072177
1289,59,0.000512571021493,0.0512571021
1290,53,0.000460445154901,0.0460445155
1291,61,0.000529946310357,0.052994631
1292,59,0.000512571021493,0.0512571021
1293,65,0.000564696888086,0.0564696888
1294,63,0.000547321599222,0.0547321599
1295,56,0.000486508088197,0.0486508088
1296,56,0.000486508088197,0.0486508088
1297,59,0.000512571021493,0.0512571021
1298,48,0.00041700693274,0.0417006933
1299,59,0.000512571021493,0.0512571021
1300,49,0.000425694577172,0.0425694577
1301,63,0.000547321599222,0.0547321599
1302,48,0.00041700693274,0.0417006933
1303,45,0.000390943999444,0.0390943999
1304,54,0.000469132799333,0.0469132799
1305,52,0.000451757510469,0.045175751
1306,53,0.000460445154901,0.0460445155
1307,49,0.000425694577172,0.0425694577
1308,50,0.000434382221604,0.0434382222
1309,65,0.000564696888086,0.0564696888
1310,48,0.00041700693274,0.0417006933
1311,71,0.000616822754678,0.0616822755
1312,45,0.000390943999444,0.0390943999
1313,35,0.000304067555123,0.0304067555
1314,47,0.000408319288308,0.0408319288
1315,43,0.00037356871058,0.0373568711
1316,42,0.000364881066148,0.0364881066
1317,47,0.000408319288308,0.0408319288
1318,44,0.000382256355012,0.0382256355
1319,39,0.000338818132851,0.0338818133
1320,61,0.000529946310357,0.052994631
1321,53,0.000460445154901,0.0460445155
1322,60,0.000521258665925,0.0521258666
1323,40,0.000347505777284,0.0347505777
1324,41,0.000356193421716,0.0356193422
1325,57,0.000495195732629,0.0495195733
1326,45,0.000390943999444,0.0390943999
1327,50,0.000434382221604,0.0434382222
1328,55,0.000477820443765,0.0477820444
1329,39,0.000338818132851,0.0338818133
1330,43,0.00037356871058,0.0373568711
1331,40,0.000347505777284,0.0347505777
1332,34,0.000295379910691,0.0295379911
1333,58,0.000503883377061,0.0503883377
1334,37,0.000321442843987,0.0321442844
1335,32,0.000278004621827,0.0278004622
1336,34,0.000295379910691,0.0295379911
1337,53,0.000460445154901,0.0460445155
1338,29,0.000251941688531,0.0251941689
1339,41,0.000356193421716,0.0356193422
1340,30,0.000260629332963,0.0260629333
1341,39,0.000338818132851,0.0338818133
1342,49,0.000425694577172,0.0425694577
1343,45,0.000390943999444,0.0390943999
1344,49,0.000425694577172,0.0425694577
1345,38,0.000330130488419,0.0330130488
1346,42,0.000364881066148,0.0364881066
1347,52,0.000451757510469,0.045175751
1348,33,0.000286692266259,0.0286692266
1349,57,0.000495195732629,0.0495195733
1350,53,0.000460445154901,0.0460445155
1351,53,0.000460445154901,0.0460445155
1352,54,0.000469132799333,0.0469132799
1353,39,0.000338818132851,0.0338818133
1354,41,0.000356193421716,0.0356193422
1355,46,0.000399631643876,0.0399631644
1356,54,0.000469132799333,0.0469132799
1357,39,0.000338818132851,0.0338818133
1358,45,0.000390943999444,0.0390943999
1359,39,0.000338818132851,0.0338818133
1360,54,0.000469132799333,0.0469132799
1361,36,0.000312755199555,0.03127552
1362,49,0.000425694577172,0.0425694577
1363,72,0.00062551039911,0.0625510399
1364,74,0.000642885687975,0.0642885688
1365,718,0.00623772870224,0.62377287
1366,97,0.000842701509913,0.084270151
1367,39,0.000338818132851,0.0338818133
1368,33,0.000286692266259,0.0286692266
1369,27,0.000234566399666,0.02345664
1370,40,0.000347505777284,0.0347505777
1371,29,0.000251941688531,0.0251941689
1372,56,0.000486508088197,0.0486508088
1373,69,0.000599447465814,0.0599447466
1374,51,0.000443069866037,0.0443069866
1375,33,0.000286692266259,0.0286692266
1376,41,0.000356193421716,0.0356193422
1377,28,0.000243254044098,0.0243254044
1378,31,0.000269316977395,0.0269316977
1379,38,0.000330130488419,0.0330130488
1380,29,0.000251941688531,0.0251941689
1381,19,0.00016506524421,0.0165065244
1382,28,0.000243254044098,0.0243254044
1383,31,0.000269316977395,0.0269316977
1384,43,0.00037356871058,0.0373568711
1385,24,0.00020850346637,0.0208503466
1386,33,0.000286692266259,0.0286692266
1387,37,0.000321442843987,0.0321442844
1388,37,0.000321442843987,0.0321442844
1389,42,0.000364881066148,0.0364881066
1390,31,0.000269316977395,0.0269316977
1391,30,0.000260629332963,0.0260629333
1392,31,0.000269316977395,0.0269316977
1393,24,0.00020850346637,0.0208503466
1394,39,0.000338818132851,0.0338818133
1395,27,0.000234566399666,0.02345664
1396,33,0.000286692266259,0.0286692266
1397,31,0.000269316977395,0.0269316977
1398,30,0.000260629332963,0.0260629333
1399,19,0.00016506524421,0.0165065244
1400,17,0.000147689955346,0.0147689955
1401,23,0.000199815821938,0.0199815822
1402,19,0.00016506524421,0.0165065244
1403,19,0.00016506524421,0.0165065244
1404,19,0.00016506524421,0.0165065244
1405,27,0.000234566399666,0.02345664
1406,30,0.000260629332963,0.0260629333
1407,31,0.000269316977395,0.0269316977
1408,56,0.000486508088197,0.0486508088
1409,49,0.000425694577172,0.0425694577
1410,34,0.000295379910691,0.0295379911
1411,27,0.000234566399666,0.02345664
1412,28,0.000243254044098,0.0243254044
1413,26,0.000225878755234,0.0225878755
1414,35,0.000304067555123,0.0304067555
1415,36,0.000312755199555,0.03127552
1416,31,0.000269316977395,0.0269316977
1417,31,0.000269316977395,0.0269316977
1418,23,0.000199815821938,0.0199815822
1419,22,0.000191128177506,0.0191128178
1420,22,0.000191128177506,0.0191128178
1421,19,0.00016506524421,0.0165065244
1422,27,0.000234566399666,0.02345664
1423,18,0.000156377599778,0.01563776
1424,17,0.000147689955346,0.0147689955
1425,18,0.000156377599778,0.01563776
1426,21,0.000182440533074,0.0182440533
1427,17,0.000147689955346,0.0147689955
1428,30,0.000260629332963,0.0260629333
1429,21,0.000182440533074,0.0182440533
1430,27,0.000234566399666,0.02345664
1431,35,0.000304067555123,0.0304067555
1432,19,0.00016506524421,0.0165065244
1433,34,0.000295379910691,0.0295379911
1434,33,0.000286692266259,0.0286692266
1435,30,0.000260629332963,0.0260629333
1436,40,0.000347505777284,0.0347505777
1437,33,0.000286692266259,0.0286692266
1438,26,0.000225878755234,0.0225878755
1439,33,0.000286692266259,0.0286692266
1440,35,0.000304067555123,0.0304067555
1441,26,0.000225878755234,0.0225878755
1442,30,0.000260629332963,0.0260629333
1443,36,0.000312755199555,0.03127552
1444,21,0.000182440533074,0.0182440533
1445,37,0.000321442843987,0.0321442844
1446,22,0.000191128177506,0.0191128178
1447,26,0.000225878755234,0.0225878755
1448,31,0.000269316977395,0.0269316977
1449,31,0.000269316977395,0.0269316977
1450,36,0.000312755199555,0.03127552
1451,38,0.000330130488419,0.0330130488
1452,33,0.000286692266259,0.0286692266
1453,27,0.000234566399666,0.02345664
1454,23,0.000199815821938,0.0199815822
1455,23,0.000199815821938,0.0199815822
1456,22,0.000191128177506,0.0191128178
1457,25,0.000217191110802,0.0217191111
1458,19,0.00016506524421,0.0165065244
1459,30,0.000260629332963,0.0260629333
1460,28,0.000243254044098,0.0243254044
1461,18,0.000156377599778,0.01563776
1462,20,0.000173752888642,0.0173752889
1463,23,0.000199815821938,0.0199815822
1464,29,0.000251941688531,0.0251941689
1465,21,0.000182440533074,0.0182440533
1466,27,0.000234566399666,0.02345664
1467,24,0.00020850346637,0.0208503466
1468,33,0.000286692266259,0.0286692266
1469,30,0.000260629332963,0.0260629333
1470,19,0.00016506524421,0.0165065244
1471,21,0.000182440533074,0.0182440533
1472,16,0.000139002310913,0.0139002311
1473,27,0.000234566399666,0.02345664
1474,14,0.000121627022049,0.0121627022
1475,19,0.00016506524421,0.0165065244
1476,18,0.000156377599778,0.01563776
1477,14,0.000121627022049,0.0121627022
1478,27,0.000234566399666,0.02345664
1479,26,0.000225878755234,0.0225878755
1480,34,0.000295379910691,0.0295379911
1481,26,0.000225878755234,0.0225878755
1482,33,0.000286692266259,0.0286692266
1483,35,0.000304067555123,0.0304067555
1484,29,0.000251941688531,0.0251941689
1485,29,0.000251941688531,0.0251941689
1486,40,0.000347505777284,0.0347505777
1487,35,0.000304067555123,0.0304067555
1488,28,0.000243254044098,0.0243254044
1489,114,0.000990391465258,0.0990391465
1490,34,0.000295379910691,0.0295379911
1491,34,0.000295379910691,0.0295379911
1492,35,0.000304067555123,0.0304067555
1493,33,0.000286692266259,0.0286692266
1494,32,0.000278004621827,0.0278004622
1495,31,0.000269316977395,0.0269316977
1496,30,0.000260629332963,0.0260629333
1497,21,0.000182440533074,0.0182440533
1498,36,0.000312755199555,0.03127552
1499,29,0.000251941688531,0.0251941689
1500,24,0.00020850346637,0.0208503466
1501,31,0.000269316977395,0.0269316977
1502,18,0.000156377599778,0.01563776
1503,24,0.00020850346637,0.0208503466
1504,29,0.000251941688531,0.0251941689
1505,28,0.000243254044098,0.0243254044
1506,30,0.000260629332963,0.0260629333
1507,24,0.00020850346637,0.0208503466
1508,24,0.00020850346637,0.0208503466
1509,25,0.000217191110802,0.0217191111
1510,35,0.000304067555123,0.0304067555
1511,17,0.000147689955346,0.0147689955
1512,15,0.000130314666481,0.0130314666
1513,23,0.000199815821938,0.0199815822
1514,18,0.000156377599778,0.01563776
1515,21,0.000182440533074,0.0182440533
1516,26,0.000225878755234,0.0225878755
1517,18,0.000156377599778,0.01563776
1518,19,0.00016506524421,0.0165065244
1519,28,0.000243254044098,0.0243254044
1520,22,0.000191128177506,0.0191128178
1521,22,0.000191128177506,0.0191128178
1522,16,0.000139002310913,0.0139002311
1523,25,0.000217191110802,0.0217191111
1524,20,0.000173752888642,0.0173752889
1525,23,0.000199815821938,0.0199815822
1526,22,0.000191128177506,0.0191128178
1527,26,0.000225878755234,0.0225878755
1528,26,0.000225878755234,0.0225878755
1529,32,0.000278004621827,0.0278004622
1530,26,0.000225878755234,0.0225878755
1531,26,0.000225878755234,0.0225878755
1532,18,0.000156377599778,0.01563776
1533,29,0.000251941688531,0.0251941689
1534,31,0.000269316977395,0.0269316977
1535,36,0.000312755199555,0.03127552
1536,27,0.000234566399666,0.02345664
1537,22,0.000191128177506,0.0191128178
1538,35,0.000304067555123,0.0304067555
1539,21,0.000182440533074,0.0182440533
1540,25,0.000217191110802,0.0217191111
1541,23,0.000199815821938,0.0199815822
1542,17,0.000147689955346,0.0147689955
1543,25,0.000217191110802,0.0217191111
1544,25,0.000217191110802,0.0217191111
1545,24,0.00020850346637,0.0208503466
1546,19,0.00016506524421,0.0165065244
1547,20,0.000173752888642,0.0173752889
1548,17,0.000147689955346,0.0147689955
1549,23,0.000199815821938,0.0199815822
1550,25,0.000217191110802,0.0217191111
1551,25,0.000217191110802,0.0217191111
1552,26,0.000225878755234,0.0225878755
1553,36,0.000312755199555,0.03127552
1554,32,0.000278004621827,0.0278004622
1555,17,0.000147689955346,0.0147689955
1556,26,0.000225878755234,0.0225878755
1557,31,0.000269316977395,0.0269316977
1558,31,0.000269316977395,0.0269316977
1559,41,0.000356193421716,0.0356193422
1560,16,0.000139002310913,0.0139002311
1561,31,0.000269316977395,0.0269316977
1562,11,9.5564088753e-05,0.00955640888
1563,15,0.000130314666481,0.0130314666
1564,26,0.000225878755234,0.0225878755
1565,26,0.000225878755234,0.0225878755
1566,17,0.000147689955346,0.0147689955
1567,15,0.000130314666481,0.0130314666
1568,16,0.000139002310913,0.0139002311
1569,24,0.00020850346637,0.0208503466
1570,18,0.000156377599778,0.01563776
1571,15,0.000130314666481,0.0130314666
1572,12,0.000104251733185,0.0104251733
1573,11,9.5564088753e-05,0.00955640888
1574,7,6.08135110246e-05,0.0060813511
1575,11,9.5564088753e-05,0.00955640888
1576,18,0.000156377599778,0.01563776
1577,10,8.68764443209e-05,0.00868764443
1578,13,0.000112939377617,0.0112939378
1579,10,8.68764443209e-05,0.00868764443
1580,14,0.000121627022049,0.0121627022
1581,8,6.95011554567e-05,0.00695011555
1582,11,9.5564088753e-05,0.00955640888
1583,9,7.81887998888e-05,0.00781887999
1584,7,6.08135110246e-05,0.0060813511
1585,11,9.5564088753e-05,0.00955640888
1586,11,9.5564088753e-05,0.00955640888
1587,7,6.08135110246e-05,0.0060813511
1588,17,0.000147689955346,0.0147689955
1589,17,0.000147689955346,0.0147689955
1590,19,0.00016506524421,0.0165065244
1591,18,0.000156377599778,0.01563776
1592,22,0.000191128177506,0.0191128178
1593,18,0.000156377599778,0.01563776
1594,17,0.000147689955346,0.0147689955
1595,19,0.00016506524421,0.0165065244
1596,10,8.68764443209e-05,0.00868764443
1597,23,0.000199815821938,0.0199815822
1598,17,0.000147689955346,0.0147689955
1599,21,0.000182440533074,0.0182440533
1600,16,0.000139002310913,0.0139002311
1601,15,0.000130314666481,0.0130314666
1602,12,0.000104251733185,0.0104251733
1603,15,0.000130314666481,0.0130314666
1604,13,0.000112939377617,0.0112939378
1605,9,7.81887998888e-05,0.00781887999
1606,8,6.95011554567e-05,0.00695011555
1607,12,0.000104251733185,0.0104251733
1608,5,4.34382221604e-05,0.00434382222
1609,7,6.08135110246e-05,0.0060813511
1610,9,7.81887998888e-05,0.00781887999
1611,14,0.000121627022049,0.0121627022
1612,12,0.000104251733185,0.0104251733
1613,12,0.000104251733185,0.0104251733
1614,20,0.000173752888642,0.0173752889
1615,19,0.00016506524421,0.0165065244
1616,25,0.000217191110802,0.0217191111
1617,26,0.000225878755234,0.0225878755
1618,26,0.000225878755234,0.0225878755
1619,26,0.000225878755234,0.0225878755
1620,14,0.000121627022049,0.0121627022
1621,15,0.000130314666481,0.0130314666
1622,19,0.00016506524421,0.0165065244
1623,18,0.000156377599778,0.01563776
1624,7,6.08135110246e-05,0.0060813511
1625,14,0.000121627022049,0.0121627022
1626,16,0.000139002310913,0.0139002311
1627,31,0.000269316977395,0.0269316977
1628,32,0.000278004621827,0.0278004622
1629,25,0.000217191110802,0.0217191111
1630,19,0.00016506524421,0.0165065244
1631,12,0.000104251733185,0.0104251733
1632,8,6.95011554567e-05,0.00695011555
1633,6,5.21258665925e-05,0.00521258666
1634,7,6.08135110246e-05,0.0060813511
1635,8,6.95011554567e-05,0.00695011555
1636,11,9.5564088753e-05,0.00955640888
1637,13,0.000112939377617,0.0112939378
1638,2355,0.0204594026376,2.04594026
1639,9,7.81887998888e-05,0.00781887999
1640,12,0.000104251733185,0.0104251733
1641,8,6.95011554567e-05,0.00695011555
1642,7,6.08135110246e-05,0.0060813511
1643,4,3.47505777284e-05,0.00347505777
1644,8,6.95011554567e-05,0.00695011555
1645,8,6.95011554567e-05,0.00695011555
1646,4,3.47505777284e-05,0.00347505777
1647,7,6.08135110246e-05,0.0060813511
1648,10,8.68764443209e-05,0.00868764443
1649,4,3.47505777284e-05,0.00347505777
1650,6,5.21258665925e-05,0.00521258666
1651,9,7.81887998888e-05,0.00781887999
1652,6,5.21258665925e-05,0.00521258666
1653,8,6.95011554567e-05,0.00695011555
1654,5,4.34382221604e-05,0.00434382222
1655,4,3.47505777284e-05,0.00347505777
1656,5,4.34382221604e-05,0.00434382222
1657,5,4.34382221604e-05,0.00434382222
1658,4,3.47505777284e-05,0.00347505777
1659,3,2.60629332963e-05,0.00260629333
1660,6,5.21258665925e-05,0.00521258666
1661,8,6.95011554567e-05,0.00695011555
1662,7,6.08135110246e-05,0.0060813511
1663,5,4.34382221604e-05,0.00434382222
1664,4,3.47505777284e-05,0.00347505777
1665,3,2.60629332963e-05,0.00260629333
1666,2,1.73752888642e-05,0.00173752889
1667,3,2.60629332963e-05,0.00260629333
1669,5,4.34382221604e-05,0.00434382222
1670,2,1.73752888642e-05,0.00173752889
1671,5,4.34382221604e-05,0.00434382222
1672,3,2.60629332963e-05,0.00260629333
1673,2,1.73752888642e-05,0.00173752889
1674,2,1.73752888642e-05,0.00173752889
1675,1,8.68764443209e-06,0.000868764443
1676,2,1.73752888642e-05,0.00173752889
1677,2,1.73752888642e-05,0.00173752889
1679,2,1.73752888642e-05,0.00173752889
1680,2,1.73752888642e-05,0.00173752889
1681,3,2.60629332963e-05,0.00260629333
1682,1,8.68764443209e-06,0.000868764443
1683,4,3.47505777284e-05,0.00347505777
1684,6,5.21258665925e-05,0.00521258666
1685,8,6.95011554567e-05,0.00695011555
1686,5,4.34382221604e-05,0.00434382222
1687,2,1.73752888642e-05,0.00173752889
1688,4,3.47505777284e-05,0.00347505777
1689,4,3.47505777284e-05,0.00347505777
1690,7,6.08135110246e-05,0.0060813511
1691,6,5.21258665925e-05,0.00521258666
1692,5,4.34382221604e-05,0.00434382222
1693,8,6.95011554567e-05,0.00695011555
1694,6,5.21258665925e-05,0.00521258666
1695,8,6.95011554567e-05,0.00695011555
1696,12,0.000104251733185,0.0104251733
1697,13,0.000112939377617,0.0112939378
1698,11,9.5564088753e-05,0.00955640888
1699,7,6.08135110246e-05,0.0060813511
1700,5,4.34382221604e-05,0.00434382222
1701,10,8.68764443209e-05,0.00868764443
1702,7,6.08135110246e-05,0.0060813511
1703,9,7.81887998888e-05,0.00781887999
1704,11,9.5564088753e-05,0.00955640888
1705,8,6.95011554567e-05,0.00695011555
1706,6,5.21258665925e-05,0.00521258666
1707,1,8.68764443209e-06,0.000868764443
1708,7,6.08135110246e-05,0.0060813511
1709,8,6.95011554567e-05,0.00695011555
1710,10,8.68764443209e-05,0.00868764443
1711,4,3.47505777284e-05,0.00347505777
1712,3,2.60629332963e-05,0.00260629333
1713,6,5.21258665925e-05,0.00521258666
1714,5,4.34382221604e-05,0.00434382222
1715,9,7.81887998888e-05,0.00781887999
1716,1,8.68764443209e-06,0.000868764443
1717,9,7.81887998888e-05,0.00781887999
1718,5,4.34382221604e-05,0.00434382222
1719,3,2.60629332963e-05,0.00260629333
1720,11,9.5564088753e-05,0.00955640888
1721,11,9.5564088753e-05,0.00955640888
1722,5,4.34382221604e-05,0.00434382222
1723,9,7.81887998888e-05,0.00781887999
1724,7,6.08135110246e-05,0.0060813511
1725,5,4.34382221604e-05,0.00434382222
1726,11,9.5564088753e-05,0.00955640888
1727,15,0.000130314666481,0.0130314666
1728,10,8.68764443209e-05,0.00868764443
1729,4,3.47505777284e-05,0.00347505777
1730,12,0.000104251733185,0.0104251733
1731,11,9.5564088753e-05,0.00955640888
1732,14,0.000121627022049,0.0121627022
1733,5,4.34382221604e-05,0.00434382222
1734,7,6.08135110246e-05,0.0060813511
1735,9,7.81887998888e-05,0.00781887999
1736,5,4.34382221604e-05,0.00434382222
1737,10,8.68764443209e-05,0.00868764443
1738,8,6.95011554567e-05,0.00695011555
1739,5,4.34382221604e-05,0.00434382222
1740,9,7.81887998888e-05,0.00781887999
1741,9,7.81887998888e-05,0.00781887999
1742,10,8.68764443209e-05,0.00868764443
1743,9,7.81887998888e-05,0.00781887999
1744,12,0.000104251733185,0.0104251733
1745,9,7.81887998888e-05,0.00781887999
1746,5,4.34382221604e-05,0.00434382222
1747,7,6.08135110246e-05,0.0060813511
1748,7,6.08135110246e-05,0.0060813511
1749,4,3.47505777284e-05,0.00347505777
1750,13,0.000112939377617,0.0112939378
1751,5,4.34382221604e-05,0.00434382222
1752,6,5.21258665925e-05,0.00521258666
1753,8,6.95011554567e-05,0.00695011555
1754,8,6.95011554567e-05,0.00695011555
1755,4,3.47505777284e-05,0.00347505777
1756,9,7.81887998888e-05,0.00781887999
1757,6,5.21258665925e-05,0.00521258666
1758,12,0.000104251733185,0.0104251733
1759,8,6.95011554567e-05,0.00695011555
1760,10,8.68764443209e-05,0.00868764443
1761,7,6.08135110246e-05,0.0060813511
1762,8,6.95011554567e-05,0.00695011555
1763,11,9.5564088753e-05,0.00955640888
1764,5,4.34382221604e-05,0.00434382222
1765,4,3.47505777284e-05,0.00347505777
1766,10,8.68764443209e-05,0.00868764443
1767,6,5.21258665925e-05,0.00521258666
1768,2,1.73752888642e-05,0.00173752889
1769,3,2.60629332963e-05,0.00260629333
1771,5,4.34382221604e-05,0.00434382222
1772,5,4.34382221604e-05,0.00434382222
1773,5,4.34382221604e-05,0.00434382222
1774,6,5.21258665925e-05,0.00521258666
1775,3,2.60629332963e-05,0.00260629333
1776,5,4.34382221604e-05,0.00434382222
1777,4,3.47505777284e-05,0.00347505777
1778,5,4.34382221604e-05,0.00434382222
1779,6,5.21258665925e-05,0.00521258666
1780,2,1.73752888642e-05,0.00173752889
1781,3,2.60629332963e-05,0.00260629333
1782,2,1.73752888642e-05,0.00173752889
1783,7,6.08135110246e-05,0.0060813511
1785,4,3.47505777284e-05,0.00347505777
1786,6,5.21258665925e-05,0.00521258666
1787,2,1.73752888642e-05,0.00173752889
1788,3,2.60629332963e-05,0.00260629333
1789,5,4.34382221604e-05,0.00434382222
1790,5,4.34382221604e-05,0.00434382222
1791,4,3.47505777284e-05,0.00347505777
1792,4,3.47505777284e-05,0.00347505777
1793,4,3.47505777284e-05,0.00347505777
1794,6,5.21258665925e-05,0.00521258666
1795,7,6.08135110246e-05,0.0060813511
1796,3,2.60629332963e-05,0.00260629333
1797,3,2.60629332963e-05,0.00260629333
1798,6,5.21258665925e-05,0.00521258666
1799,6,5.21258665925e-05,0.00521258666
1800,12,0.000104251733185,0.0104251733
1801,4,3.47505777284e-05,0.00347505777
1802,8,6.95011554567e-05,0.00695011555
1803,6,5.21258665925e-05,0.00521258666
1804,7,6.08135110246e-05,0.0060813511
1805,8,6.95011554567e-05,0.00695011555
1806,9,7.81887998888e-05,0.00781887999
1807,4,3.47505777284e-05,0.00347505777
1808,5,4.34382221604e-05,0.00434382222
1809,7,6.08135110246e-05,0.0060813511
1810,4,3.47505777284e-05,0.00347505777
1811,4,3.47505777284e-05,0.00347505777
1812,4,3.47505777284e-05,0.00347505777
1813,7,6.08135110246e-05,0.0060813511
1814,7,6.08135110246e-05,0.0060813511
1815,2,1.73752888642e-05,0.00173752889
1816,6,5.21258665925e-05,0.00521258666
1817,7,6.08135110246e-05,0.0060813511
1818,9,7.81887998888e-05,0.00781887999
1819,5,4.34382221604e-05,0.00434382222
1820,5,4.34382221604e-05,0.00434382222
1821,7,6.08135110246e-05,0.0060813511
1822,5,4.34382221604e-05,0.00434382222
1823,4,3.47505777284e-05,0.00347505777
1824,10,8.68764443209e-05,0.00868764443
1825,7,6.08135110246e-05,0.0060813511
1826,5,4.34382221604e-05,0.00434382222
1827,8,6.95011554567e-05,0.00695011555
1828,9,7.81887998888e-05,0.00781887999
1829,6,5.21258665925e-05,0.00521258666
1830,6,5.21258665925e-05,0.00521258666
1831,3,2.60629332963e-05,0.00260629333
1832,6,5.21258665925e-05,0.00521258666
1833,2,1.73752888642e-05,0.00173752889
1834,8,6.95011554567e-05,0.00695011555
1835,2,1.73752888642e-05,0.00173752889
1836,14,0.000121627022049,0.0121627022
1837,7,6.08135110246e-05,0.0060813511
1838,9,7.81887998888e-05,0.00781887999
1839,12,0.000104251733185,0.0104251733
1840,7,6.08135110246e-05,0.0060813511
1841,4,3.47505777284e-05,0.00347505777
1842,3,2.60629332963e-05,0.00260629333
1843,7,6.08135110246e-05,0.0060813511
1844,7,6.08135110246e-05,0.0060813511
1845,7,6.08135110246e-05,0.0060813511
1846,12,0.000104251733185,0.0104251733
1847,6,5.21258665925e-05,0.00521258666
1848,4,3.47505777284e-05,0.00347505777
1849,7,6.08135110246e-05,0.0060813511
1850,10,8.68764443209e-05,0.00868764443
1851,6,5.21258665925e-05,0.00521258666
1852,7,6.08135110246e-05,0.0060813511
1853,7,6.08135110246e-05,0.0060813511
1854,8,6.95011554567e-05,0.00695011555
1855,7,6.08135110246e-05,0.0060813511
1856,7,6.08135110246e-05,0.0060813511
1857,4,3.47505777284e-05,0.00347505777
1858,3,2.60629332963e-05,0.00260629333
1859,2,1.73752888642e-05,0.00173752889
1860,9,7.81887998888e-05,0.00781887999
1861,6,5.21258665925e-05,0.00521258666
1862,5,4.34382221604e-05,0.00434382222
1863,9,7.81887998888e-05,0.00781887999
1864,2,1.73752888642e-05,0.00173752889
1865,3,2.60629332963e-05,0.00260629333
1866,6,5.21258665925e-05,0.00521258666
1867,7,6.08135110246e-05,0.0060813511
1868,7,6.08135110246e-05,0.0060813511
1869,5,4.34382221604e-05,0.00434382222
1870,1,8.68764443209e-06,0.000868764443
1871,5,4.34382221604e-05,0.00434382222
1872,2,1.73752888642e-05,0.00173752889
1873,5,4.34382221604e-05,0.00434382222
1874,5,4.34382221604e-05,0.00434382222
1875,7,6.08135110246e-05,0.0060813511
1876,4,3.47505777284e-05,0.00347505777
1877,3,2.60629332963e-05,0.00260629333
1878,3,2.60629332963e-05,0.00260629333
1879,3,2.60629332963e-05,0.00260629333
1880,6,5.21258665925e-05,0.00521258666
1881,2,1.73752888642e-05,0.00173752889
1882,7,6.08135110246e-05,0.0060813511
1883,8,6.95011554567e-05,0.00695011555
1884,13,0.000112939377617,0.0112939378
1885,9,7.81887998888e-05,0.00781887999
1886,8,6.95011554567e-05,0.00695011555
1887,9,7.81887998888e-05,0.00781887999
1888,6,5.21258665925e-05,0.00521258666
1889,10,8.68764443209e-05,0.00868764443
1890,7,6.08135110246e-05,0.0060813511
1891,6,5.21258665925e-05,0.00521258666
1892,4,3.47505777284e-05,0.00347505777
1893,3,2.60629332963e-05,0.00260629333
1894,4,3.47505777284e-05,0.00347505777
1895,7,6.08135110246e-05,0.0060813511
1896,5,4.34382221604e-05,0.00434382222
1897,6,5.21258665925e-05,0.00521258666
1898,3,2.60629332963e-05,0.00260629333
1899,4,3.47505777284e-05,0.00347505777
1900,3,2.60629332963e-05,0.00260629333
1901,10,8.68764443209e-05,0.00868764443
1902,7,6.08135110246e-05,0.0060813511
1903,2,1.73752888642e-05,0.00173752889
1904,6,5.21258665925e-05,0.00521258666
1905,4,3.47505777284e-05,0.00347505777
1906,8,6.95011554567e-05,0.00695011555
1907,3,2.60629332963e-05,0.00260629333
1908,7,6.08135110246e-05,0.0060813511
1909,7,6.08135110246e-05,0.0060813511
1910,6,5.21258665925e-05,0.00521258666
1911,3,2.60629332963e-05,0.00260629333
1912,9,7.81887998888e-05,0.00781887999
1913,4,3.47505777284e-05,0.00347505777
1914,6,5.21258665925e-05,0.00521258666
1915,6,5.21258665925e-05,0.00521258666
1916,8,6.95011554567e-05,0.00695011555
1917,13,0.000112939377617,0.0112939378
1918,9,7.81887998888e-05,0.00781887999
1919,5,4.34382221604e-05,0.00434382222
1920,6,5.21258665925e-05,0.00521258666
1921,8,6.95011554567e-05,0.00695011555
1922,12,0.000104251733185,0.0104251733
1923,7,6.08135110246e-05,0.0060813511
1924,6,5.21258665925e-05,0.00521258666
1925,9,7.81887998888e-05,0.00781887999
1926,7,6.08135110246e-05,0.0060813511
1927,6,5.21258665925e-05,0.00521258666
1928,3,2.60629332963e-05,0.00260629333
1929,7,6.08135110246e-05,0.0060813511
1930,5,4.34382221604e-05,0.00434382222
1931,7,6.08135110246e-05,0.0060813511
1932,9,7.81887998888e-05,0.00781887999
1933,6,5.21258665925e-05,0.00521258666
1934,2,1.73752888642e-05,0.00173752889
1935,2,1.73752888642e-05,0.00173752889
1936,5,4.34382221604e-05,0.00434382222
1937,8,6.95011554567e-05,0.00695011555
1938,4,3.47505777284e-05,0.00347505777
1939,7,6.08135110246e-05,0.0060813511
1940,1,8.68764443209e-06,0.000868764443
1941,2,1.73752888642e-05,0.00173752889
1942,6,5.21258665925e-05,0.00521258666
1943,3,2.60629332963e-05,0.00260629333
1944,4,3.47505777284e-05,0.00347505777
1945,1,8.68764443209e-06,0.000868764443
1946,1,8.68764443209e-06,0.000868764443
1947,3,2.60629332963e-05,0.00260629333
1948,5,4.34382221604e-05,0.00434382222
1949,1,8.68764443209e-06,0.000868764443
1950,5,4.34382221604e-05,0.00434382222
1951,2,1.73752888642e-05,0.00173752889
1952,4,3.47505777284e-05,0.00347505777
1953,2,1.73752888642e-05,0.00173752889
1954,2,1.73752888642e-05,0.00173752889
1955,2,1.73752888642e-05,0.00173752889
1956,2,1.73752888642e-05,0.00173752889
1957,1,8.68764443209e-06,0.000868764443
1958,3,2.60629332963e-05,0.00260629333
1960,2,1.73752888642e-05,0.00173752889
1961,3,2.60629332963e-05,0.00260629333
1962,2,1.73752888642e-05,0.00173752889
1963,2,1.73752888642e-05,0.00173752889
1964,3,2.60629332963e-05,0.00260629333
1965,1,8.68764443209e-06,0.000868764443
1966,1,8.68764443209e-06,0.000868764443
1967,2,1.73752888642e-05,0.00173752889
1968,1,8.68764443209e-06,0.000868764443
1969,3,2.60629332963e-05,0.00260629333
1970,2,1.73752888642e-05,0.00173752889
1971,6,5.21258665925e-05,0.00521258666
1972,2,1.73752888642e-05,0.00173752889
1973,4,3.47505777284e-05,0.00347505777
1974,3,2.60629332963e-05,0.00260629333
1975,6,5.21258665925e-05,0.00521258666
1976,11,9.5564088753e-05,0.00955640888
1977,9,7.81887998888e-05,0.00781887999
1978,7,6.08135110246e-05,0.0060813511
1979,5,4.34382221604e-05,0.00434382222
1980,6,5.21258665925e-05,0.00521258666
1981,6,5.21258665925e-05,0.00521258666
1982,3,2.60629332963e-05,0.00260629333
1983,5,4.34382221604e-05,0.00434382222
1984,2,1.73752888642e-05,0.00173752889
1985,10,8.68764443209e-05,0.00868764443
1986,8,6.95011554567e-05,0.00695011555
1987,5,4.34382221604e-05,0.00434382222
1988,8,6.95011554567e-05,0.00695011555
1989,6,5.21258665925e-05,0.00521258666
1990,4,3.47505777284e-05,0.00347505777
1991,7,6.08135110246e-05,0.0060813511
1992,5,4.34382221604e-05,0.00434382222
1993,7,6.08135110246e-05,0.0060813511
1994,11,9.5564088753e-05,0.00955640888
1995,7,6.08135110246e-05,0.0060813511
1996,6,5.21258665925e-05,0.00521258666
1997,7,6.08135110246e-05,0.0060813511
1998,7,6.08135110246e-05,0.0060813511
1999,6,5.21258665925e-05,0.00521258666
2000,7,6.08135110246e-05,0.0060813511
2001,5,4.34382221604e-05,0.00434382222
2002,6,5.21258665925e-05,0.00521258666
2003,3,2.60629332963e-05,0.00260629333
2004,3,2.60629332963e-05,0.00260629333
2005,3,2.60629332963e-05,0.00260629333
2006,4,3.47505777284e-05,0.00347505777
2007,4,3.47505777284e-05,0.00347505777
2008,10,8.68764443209e-05,0.00868764443
2009,6,5.21258665925e-05,0.00521258666
2010,11,9.5564088753e-05,0.00955640888
2011,2,1.73752888642e-05,0.00173752889
2012,5,4.34382221604e-05,0.00434382222
2013,8,6.95011554567e-05,0.00695011555
2014,6,5.21258665925e-05,0.00521258666
2015,8,6.95011554567e-05,0.00695011555
2016,11,9.5564088753e-05,0.00955640888
2017,7,6.08135110246e-05,0.0060813511
2018,5,4.34382221604e-05,0.00434382222
2019,4,3.47505777284e-05,0.00347505777
2020,6,5.21258665925e-05,0.00521258666
2021,15,0.000130314666481,0.0130314666
2022,13,0.000112939377617,0.0112939378
2023,7,6.08135110246e-05,0.0060813511
2024,13,0.000112939377617,0.0112939378
2025,9,7.81887998888e-05,0.00781887999
2026,17,0.000147689955346,0.0147689955
2027,16,0.000139002310913,0.0139002311
2028,10,8.68764443209e-05,0.00868764443
2029,16,0.000139002310913,0.0139002311
2030,6,5.21258665925e-05,0.00521258666
2031,10,8.68764443209e-05,0.00868764443
2032,13,0.000112939377617,0.0112939378
2033,14,0.000121627022049,0.0121627022
2034,7,6.08135110246e-05,0.0060813511
2035,14,0.000121627022049,0.0121627022
2036,20,0.000173752888642,0.0173752889
2037,16,0.000139002310913,0.0139002311
2038,13,0.000112939377617,0.0112939378
2039,13,0.000112939377617,0.0112939378
2040,5,4.34382221604e-05,0.00434382222
2041,4,3.47505777284e-05,0.00347505777
2042,3,2.60629332963e-05,0.00260629333
2043,3,2.60629332963e-05,0.00260629333
2044,5,4.34382221604e-05,0.00434382222
2045,6,5.21258665925e-05,0.00521258666
2046,5,4.34382221604e-05,0.00434382222
2047,9,7.81887998888e-05,0.00781887999
2048,659,0.00572515768075,0.572515768
2049,6,5.21258665925e-05,0.00521258666
2050,3,2.60629332963e-05,0.00260629333
2051,9,7.81887998888e-05,0.00781887999
2052,7,6.08135110246e-05,0.0060813511
2053,2,1.73752888642e-05,0.00173752889
2054,3,2.60629332963e-05,0.00260629333
2055,2,1.73752888642e-05,0.00173752889
2056,4,3.47505777284e-05,0.00347505777
2057,3,2.60629332963e-05,0.00260629333
2058,5,4.34382221604e-05,0.00434382222
2059,16,0.000139002310913,0.0139002311
2060,15,0.000130314666481,0.0130314666
2061,12,0.000104251733185,0.0104251733
2062,8,6.95011554567e-05,0.00695011555
2063,6,5.21258665925e-05,0.00521258666
2064,6,5.21258665925e-05,0.00521258666
2065,6,5.21258665925e-05,0.00521258666
2066,5,4.34382221604e-05,0.00434382222
2067,7,6.08135110246e-05,0.0060813511
2068,6,5.21258665925e-05,0.00521258666
2069,3,2.60629332963e-05,0.00260629333
2070,5,4.34382221604e-05,0.00434382222
2071,9,7.81887998888e-05,0.00781887999
2072,4,3.47505777284e-05,0.00347505777
2073,3,2.60629332963e-05,0.00260629333
2074,4,3.47505777284e-05,0.00347505777
2075,4,3.47505777284e-05,0.00347505777
2076,6,5.21258665925e-05,0.00521258666
2077,5,4.34382221604e-05,0.00434382222
2078,3,2.60629332963e-05,0.00260629333
2079,7,6.08135110246e-05,0.0060813511
2080,5,4.34382221604e-05,0.00434382222
2081,3,2.60629332963e-05,0.00260629333
2083,2,1.73752888642e-05,0.00173752889
2084,2,1.73752888642e-05,0.00173752889
2085,2,1.73752888642e-05,0.00173752889
2086,3,2.60629332963e-05,0.00260629333
2087,5,4.34382221604e-05,0.00434382222
2089,4,3.47505777284e-05,0.00347505777
2090,1,8.68764443209e-06,0.000868764443
2091,7,6.08135110246e-05,0.0060813511
2092,4,3.47505777284e-05,0.00347505777
2093,2,1.73752888642e-05,0.00173752889
2094,4,3.47505777284e-05,0.00347505777
2095,4,3.47505777284e-05,0.00347505777
2096,1,8.68764443209e-06,0.000868764443
2097,5,4.34382221604e-05,0.00434382222
2098,1,8.68764443209e-06,0.000868764443
2099,11,9.5564088753e-05,0.00955640888
2100,3,2.60629332963e-05,0.00260629333
2101,2,1.73752888642e-05,0.00173752889
2102,7,6.08135110246e-05,0.0060813511
2103,2,1.73752888642e-05,0.00173752889
2104,5,4.34382221604e-05,0.00434382222
2105,5,4.34382221604e-05,0.00434382222
2106,4,3.47505777284e-05,0.00347505777
2107,11,9.5564088753e-05,0.00955640888
2108,5,4.34382221604e-05,0.00434382222
2109,6,5.21258665925e-05,0.00521258666
2110,6,5.21258665925e-05,0.00521258666
2111,12,0.000104251733185,0.0104251733
2112,5,4.34382221604e-05,0.00434382222
2113,8,6.95011554567e-05,0.00695011555
2114,2,1.73752888642e-05,0.00173752889
2115,6,5.21258665925e-05,0.00521258666
2116,6,5.21258665925e-05,0.00521258666
2117,4,3.47505777284e-05,0.00347505777
2118,1,8.68764443209e-06,0.000868764443
2119,7,6.08135110246e-05,0.0060813511
2120,3,2.60629332963e-05,0.00260629333
2121,11,9.5564088753e-05,0.00955640888
2122,7,6.08135110246e-05,0.0060813511
2123,5,4.34382221604e-05,0.00434382222
2124,5,4.34382221604e-05,0.00434382222
2125,5,4.34382221604e-05,0.00434382222
2126,4,3.47505777284e-05,0.00347505777
2127,1,8.68764443209e-06,0.000868764443
2128,3,2.60629332963e-05,0.00260629333
2129,5,4.34382221604e-05,0.00434382222
2130,1,8.68764443209e-06,0.000868764443
2131,4,3.47505777284e-05,0.00347505777
2132,4,3.47505777284e-05,0.00347505777
2133,7,6.08135110246e-05,0.0060813511
2134,4,3.47505777284e-05,0.00347505777
2135,3,2.60629332963e-05,0.00260629333
2136,2,1.73752888642e-05,0.00173752889
2137,4,3.47505777284e-05,0.00347505777
2138,3,2.60629332963e-05,0.00260629333
2139,2,1.73752888642e-05,0.00173752889
2140,3,2.60629332963e-05,0.00260629333
2141,3,2.60629332963e-05,0.00260629333
2142,5,4.34382221604e-05,0.00434382222
2143,3,2.60629332963e-05,0.00260629333
2144,5,4.34382221604e-05,0.00434382222
2145,4,3.47505777284e-05,0.00347505777
2146,3,2.60629332963e-05,0.00260629333
2147,7,6.08135110246e-05,0.0060813511
2148,4,3.47505777284e-05,0.00347505777
2149,6,5.21258665925e-05,0.00521258666
2150,8,6.95011554567e-05,0.00695011555
2151,10,8.68764443209e-05,0.00868764443
2152,7,6.08135110246e-05,0.0060813511
2153,3,2.60629332963e-05,0.00260629333
2154,4,3.47505777284e-05,0.00347505777
2156,3,2.60629332963e-05,0.00260629333
2157,4,3.47505777284e-05,0.00347505777
2158,1,8.68764443209e-06,0.000868764443
2159,3,2.60629332963e-05,0.00260629333
2160,2,1.73752888642e-05,0.00173752889
2161,6,5.21258665925e-05,0.00521258666
2162,3,2.60629332963e-05,0.00260629333
2163,6,5.21258665925e-05,0.00521258666
2164,4,3.47505777284e-05,0.00347505777
2165,6,5.21258665925e-05,0.00521258666
2166,4,3.47505777284e-05,0.00347505777
2167,3,2.60629332963e-05,0.00260629333
2168,3,2.60629332963e-05,0.00260629333
2169,10,8.68764443209e-05,0.00868764443
2170,1,8.68764443209e-06,0.000868764443
2171,6,5.21258665925e-05,0.00521258666
2172,3,2.60629332963e-05,0.00260629333
2173,7,6.08135110246e-05,0.0060813511
2174,8,6.95011554567e-05,0.00695011555
2175,6,5.21258665925e-05,0.00521258666
2176,4,3.47505777284e-05,0.00347505777
2177,7,6.08135110246e-05,0.0060813511
2178,4,3.47505777284e-05,0.00347505777
2179,4,3.47505777284e-05,0.00347505777
2180,6,5.21258665925e-05,0.00521258666
2181,11,9.5564088753e-05,0.00955640888
2182,13,0.000112939377617,0.0112939378
2183,4,3.47505777284e-05,0.00347505777
2184,6,5.21258665925e-05,0.00521258666
2185,4,3.47505777284e-05,0.00347505777
2186,9,7.81887998888e-05,0.00781887999
2187,5,4.34382221604e-05,0.00434382222
2188,3,2.60629332963e-05,0.00260629333
2189,3,2.60629332963e-05,0.00260629333
2190,4,3.47505777284e-05,0.00347505777
2191,6,5.21258665925e-05,0.00521258666
2192,6,5.21258665925e-05,0.00521258666
2193,5,4.34382221604e-05,0.00434382222
2194,2,1.73752888642e-05,0.00173752889
2195,3,2.60629332963e-05,0.00260629333
2196,7,6.08135110246e-05,0.0060813511
2197,6,5.21258665925e-05,0.00521258666
2198,5,4.34382221604e-05,0.00434382222
2199,4,3.47505777284e-05,0.00347505777
2200,5,4.34382221604e-05,0.00434382222
2201,8,6.95011554567e-05,0.00695011555
2202,10,8.68764443209e-05,0.00868764443
2203,3,2.60629332963e-05,0.00260629333
2204,3,2.60629332963e-05,0.00260629333
2205,2,1.73752888642e-05,0.00173752889
2206,5,4.34382221604e-05,0.00434382222
2207,1,8.68764443209e-06,0.000868764443
2208,8,6.95011554567e-05,0.00695011555
2209,5,4.34382221604e-05,0.00434382222
2210,3,2.60629332963e-05,0.00260629333
2212,5,4.34382221604e-05,0.00434382222
2213,4,3.47505777284e-05,0.00347505777
2214,2,1.73752888642e-05,0.00173752889
2215,6,5.21258665925e-05,0.00521258666
2216,3,2.60629332963e-05,0.00260629333
2217,3,2.60629332963e-05,0.00260629333
2218,6,5.21258665925e-05,0.00521258666
2219,3,2.60629332963e-05,0.00260629333
2220,4,3.47505777284e-05,0.00347505777
2221,4,3.47505777284e-05,0.00347505777
2222,3,2.60629332963e-05,0.00260629333
2223,5,4.34382221604e-05,0.00434382222
2224,1,8.68764443209e-06,0.000868764443
2225,7,6.08135110246e-05,0.0060813511
2226,2,1.73752888642e-05,0.00173752889
2227,4,3.47505777284e-05,0.00347505777
2228,1,8.68764443209e-06,0.000868764443
2229,4,3.47505777284e-05,0.00347505777
2230,4,3.47505777284e-05,0.00347505777
2231,9,7.81887998888e-05,0.00781887999
2232,5,4.34382221604e-05,0.00434382222
2233,3,2.60629332963e-05,0.00260629333
2234,2,1.73752888642e-05,0.00173752889
2235,1,8.68764443209e-06,0.000868764443
2236,3,2.60629332963e-05,0.00260629333
2237,4,3.47505777284e-05,0.00347505777
2238,3,2.60629332963e-05,0.00260629333
2239,1,8.68764443209e-06,0.000868764443
2240,2,1.73752888642e-05,0.00173752889
2241,2,1.73752888642e-05,0.00173752889
2242,1,8.68764443209e-06,0.000868764443
2244,2,1.73752888642e-05,0.00173752889
2245,1,8.68764443209e-06,0.000868764443
2247,1,8.68764443209e-06,0.000868764443
2248,1,8.68764443209e-06,0.000868764443
2249,4,3.47505777284e-05,0.00347505777
2250,1,8.68764443209e-06,0.000868764443
2251,3,2.60629332963e-05,0.00260629333
2252,2,1.73752888642e-05,0.00173752889
2253,3,2.60629332963e-05,0.00260629333
2254,2,1.73752888642e-05,0.00173752889
2258,1,8.68764443209e-06,0.000868764443
2259,1,8.68764443209e-06,0.000868764443
2260,1,8.68764443209e-06,0.000868764443
2262,3,2.60629332963e-05,0.00260629333
2264,3,2.60629332963e-05,0.00260629333
2266,1,8.68764443209e-06,0.000868764443
2267,3,2.60629332963e-05,0.00260629333
2268,2,1.73752888642e-05,0.00173752889
2269,2,1.73752888642e-05,0.00173752889
2270,3,2.60629332963e-05,0.00260629333
2271,4,3.47505777284e-05,0.00347505777
2272,1,8.68764443209e-06,0.000868764443
2273,3,2.60629332963e-05,0.00260629333
2274,1,8.68764443209e-06,0.000868764443
2275,1,8.68764443209e-06,0.000868764443
2276,1,8.68764443209e-06,0.000868764443
2279,1,8.68764443209e-06,0.000868764443
2281,2,1.73752888642e-05,0.00173752889
2282,2,1.73752888642e-05,0.00173752889
2284,2,1.73752888642e-05,0.00173752889
2285,1,8.68764443209e-06,0.000868764443
2286,3,2.60629332963e-05,0.00260629333
2288,1,8.68764443209e-06,0.000868764443
2289,2,1.73752888642e-05,0.00173752889
2290,2,1.73752888642e-05,0.00173752889
2291,3,2.60629332963e-05,0.00260629333
2292,1,8.68764443209e-06,0.000868764443
2294,2,1.73752888642e-05,0.00173752889
2295,1,8.68764443209e-06,0.000868764443
2296,3,2.60629332963e-05,0.00260629333
2302,2,1.73752888642e-05,0.00173752889
2303,2,1.73752888642e-05,0.00173752889
2304,3,2.60629332963e-05,0.00260629333
2305,1,8.68764443209e-06,0.000868764443
2306,2,1.73752888642e-05,0.00173752889
2310,2,1.73752888642e-05,0.00173752889
2311,1,8.68764443209e-06,0.000868764443
2312,2,1.73752888642e-05,0.00173752889
2313,3,2.60629332963e-05,0.00260629333
2314,4,3.47505777284e-05,0.00347505777
2315,2,1.73752888642e-05,0.00173752889
2316,3,2.60629332963e-05,0.00260629333
2317,1,8.68764443209e-06,0.000868764443
2318,4,3.47505777284e-05,0.00347505777
2319,1,8.68764443209e-06,0.000868764443
2320,1,8.68764443209e-06,0.000868764443
2321,1,8.68764443209e-06,0.000868764443
2323,4,3.47505777284e-05,0.00347505777
2324,1,8.68764443209e-06,0.000868764443
2325,2,1.73752888642e-05,0.00173752889
2326,4,3.47505777284e-05,0.00347505777
2327,1,8.68764443209e-06,0.000868764443
2328,2,1.73752888642e-05,0.00173752889
2329,3,2.60629332963e-05,0.00260629333
2331,1,8.68764443209e-06,0.000868764443
2332,3,2.60629332963e-05,0.00260629333
2333,1,8.68764443209e-06,0.000868764443
2335,2,1.73752888642e-05,0.00173752889
2336,1,8.68764443209e-06,0.000868764443
2337,1,8.68764443209e-06,0.000868764443
2338,1,8.68764443209e-06,0.000868764443
2339,1,8.68764443209e-06,0.000868764443
2340,30,0.000260629332963,0.0260629333
2341,3,2.60629332963e-05,0.00260629333
2343,2,1.73752888642e-05,0.00173752889
2344,4,3.47505777284e-05,0.00347505777
2346,1,8.68764443209e-06,0.000868764443
2348,1,8.68764443209e-06,0.000868764443
2349,2,1.73752888642e-05,0.00173752889
2350,2,1.73752888642e-05,0.00173752889
2351,1,8.68764443209e-06,0.000868764443
2353,1,8.68764443209e-06,0.000868764443
2354,2,1.73752888642e-05,0.00173752889
2356,2,1.73752888642e-05,0.00173752889
2357,2,1.73752888642e-05,0.00173752889
2358,2,1.73752888642e-05,0.00173752889
2360,2,1.73752888642e-05,0.00173752889
2361,1,8.68764443209e-06,0.000868764443
2362,2,1.73752888642e-05,0.00173752889
2363,2,1.73752888642e-05,0.00173752889
2364,2,1.73752888642e-05,0.00173752889
2366,2,1.73752888642e-05,0.00173752889
2367,3,2.60629332963e-05,0.00260629333
2368,1,8.68764443209e-06,0.000868764443
2370,2,1.73752888642e-05,0.00173752889
2371,1,8.68764443209e-06,0.000868764443
2372,1,8.68764443209e-06,0.000868764443
2373,3,2.60629332963e-05,0.00260629333
2375,1,8.68764443209e-06,0.000868764443
2376,1,8.68764443209e-06,0.000868764443
2377,2,1.73752888642e-05,0.00173752889
2378,1,8.68764443209e-06,0.000868764443
2382,2,1.73752888642e-05,0.00173752889
2383,2,1.73752888642e-05,0.00173752889
2384,2,1.73752888642e-05,0.00173752889
2385,2,1.73752888642e-05,0.00173752889
2386,1,8.68764443209e-06,0.000868764443
2387,1,8.68764443209e-06,0.000868764443
2389,1,8.68764443209e-06,0.000868764443
2391,3,2.60629332963e-05,0.00260629333
2393,2,1.73752888642e-05,0.00173752889
2395,1,8.68764443209e-06,0.000868764443
2399,1,8.68764443209e-06,0.000868764443
2400,1,8.68764443209e-06,0.000868764443
2404,1,8.68764443209e-06,0.000868764443
2405,3,2.60629332963e-05,0.00260629333
2406,3,2.60629332963e-05,0.00260629333
2407,3,2.60629332963e-05,0.00260629333
2408,2,1.73752888642e-05,0.00173752889
2411,1,8.68764443209e-06,0.000868764443
2412,1,8.68764443209e-06,0.000868764443
2415,3,2.60629332963e-05,0.00260629333
2419,2,1.73752888642e-05,0.00173752889
2420,2,1.73752888642e-05,0.00173752889
2421,3,2.60629332963e-05,0.00260629333
2422,2,1.73752888642e-05,0.00173752889
2423,1,8.68764443209e-06,0.000868764443
2424,5,4.34382221604e-05,0.00434382222
2425,2,1.73752888642e-05,0.00173752889
2426,3,2.60629332963e-05,0.00260629333
2427,4,3.47505777284e-05,0.00347505777
2428,1,8.68764443209e-06,0.000868764443
2429,2,1.73752888642e-05,0.00173752889
2430,4,3.47505777284e-05,0.00347505777
2431,1,8.68764443209e-06,0.000868764443
2432,2,1.73752888642e-05,0.00173752889
2433,3,2.60629332963e-05,0.00260629333
2434,4,3.47505777284e-05,0.00347505777
2436,3,2.60629332963e-05,0.00260629333
2437,4,3.47505777284e-05,0.00347505777
2438,5,4.34382221604e-05,0.00434382222
2439,3,2.60629332963e-05,0.00260629333
2440,1,8.68764443209e-06,0.000868764443
2441,4,3.47505777284e-05,0.00347505777
2442,2,1.73752888642e-05,0.00173752889
2443,1,8.68764443209e-06,0.000868764443
2444,4,3.47505777284e-05,0.00347505777
2445,1,8.68764443209e-06,0.000868764443
2446,4,3.47505777284e-05,0.00347505777
2447,4,3.47505777284e-05,0.00347505777
2448,2,1.73752888642e-05,0.00173752889
2449,1,8.68764443209e-06,0.000868764443
2450,4,3.47505777284e-05,0.00347505777
2451,4,3.47505777284e-05,0.00347505777
2452,2,1.73752888642e-05,0.00173752889
2453,4,3.47505777284e-05,0.00347505777
2454,1,8.68764443209e-06,0.000868764443
2455,2,1.73752888642e-05,0.00173752889
2456,3,2.60629332963e-05,0.00260629333
2457,4,3.47505777284e-05,0.00347505777
2458,3,2.60629332963e-05,0.00260629333
2459,2,1.73752888642e-05,0.00173752889
2460,6,5.21258665925e-05,0.00521258666
2461,4,3.47505777284e-05,0.00347505777
2462,2,1.73752888642e-05,0.00173752889
2463,3,2.60629332963e-05,0.00260629333
2464,3,2.60629332963e-05,0.00260629333
2465,9,7.81887998888e-05,0.00781887999
2466,1,8.68764443209e-06,0.000868764443
2467,3,2.60629332963e-05,0.00260629333
2468,3,2.60629332963e-05,0.00260629333
2469,6,5.21258665925e-05,0.00521258666
2470,3,2.60629332963e-05,0.00260629333
2471,5,4.34382221604e-05,0.00434382222
2472,6,5.21258665925e-05,0.00521258666
2473,3,2.60629332963e-05,0.00260629333
2474,11,9.5564088753e-05,0.00955640888
2475,3,2.60629332963e-05,0.00260629333
2476,4,3.47505777284e-05,0.00347505777
2477,4,3.47505777284e-05,0.00347505777
2478,1,8.68764443209e-06,0.000868764443
2479,2,1.73752888642e-05,0.00173752889
2480,6,5.21258665925e-05,0.00521258666
2481,1,8.68764443209e-06,0.000868764443
2483,5,4.34382221604e-05,0.00434382222
2484,2,1.73752888642e-05,0.00173752889
2485,2,1.73752888642e-05,0.00173752889
2486,4,3.47505777284e-05,0.00347505777
2487,1,8.68764443209e-06,0.000868764443
2488,6,5.21258665925e-05,0.00521258666
2489,3,2.60629332963e-05,0.00260629333
2490,3,2.60629332963e-05,0.00260629333
2491,3,2.60629332963e-05,0.00260629333
2492,8,6.95011554567e-05,0.00695011555
2493,4,3.47505777284e-05,0.00347505777
2494,7,6.08135110246e-05,0.0060813511
2495,4,3.47505777284e-05,0.00347505777
2496,9,7.81887998888e-05,0.00781887999
2497,7,6.08135110246e-05,0.0060813511
2498,5,4.34382221604e-05,0.00434382222
2499,4,3.47505777284e-05,0.00347505777
2500,2,1.73752888642e-05,0.00173752889
2501,3,2.60629332963e-05,0.00260629333
2502,1,8.68764443209e-06,0.000868764443
2503,1,8.68764443209e-06,0.000868764443
2504,2,1.73752888642e-05,0.00173752889
2505,1,8.68764443209e-06,0.000868764443
2506,5,4.34382221604e-05,0.00434382222
2507,2,1.73752888642e-05,0.00173752889
2508,4,3.47505777284e-05,0.00347505777
2509,3,2.60629332963e-05,0.00260629333
2510,5,4.34382221604e-05,0.00434382222
2511,1,8.68764443209e-06,0.000868764443
2512,2,1.73752888642e-05,0.00173752889
2513,6,5.21258665925e-05,0.00521258666
2514,3,2.60629332963e-05,0.00260629333
2515,2,1.73752888642e-05,0.00173752889
2516,7,6.08135110246e-05,0.0060813511
2517,4,3.47505777284e-05,0.00347505777
2518,3,2.60629332963e-05,0.00260629333
2519,3,2.60629332963e-05,0.00260629333
2520,3,2.60629332963e-05,0.00260629333
2521,2,1.73752888642e-05,0.00173752889
2522,3,2.60629332963e-05,0.00260629333
2523,2,1.73752888642e-05,0.00173752889
2524,5,4.34382221604e-05,0.00434382222
2525,5,4.34382221604e-05,0.00434382222
2526,2,1.73752888642e-05,0.00173752889
2527,3,2.60629332963e-05,0.00260629333
2528,2,1.73752888642e-05,0.00173752889
2529,1,8.68764443209e-06,0.000868764443
2530,3,2.60629332963e-05,0.00260629333
2531,3,2.60629332963e-05,0.00260629333
2532,2,1.73752888642e-05,0.00173752889
2533,1,8.68764443209e-06,0.000868764443
2534,1,8.68764443209e-06,0.000868764443
2535,2,1.73752888642e-05,0.00173752889
2536,3,2.60629332963e-05,0.00260629333
2537,1,8.68764443209e-06,0.000868764443
2538,4,3.47505777284e-05,0.00347505777
2539,4,3.47505777284e-05,0.00347505777
2540,4,3.47505777284e-05,0.00347505777
2541,3,2.60629332963e-05,0.00260629333
2542,2,1.73752888642e-05,0.00173752889
2544,3,2.60629332963e-05,0.00260629333
2545,2,1.73752888642e-05,0.00173752889
2546,2,1.73752888642e-05,0.00173752889
2547,2,1.73752888642e-05,0.00173752889
2548,1,8.68764443209e-06,0.000868764443
2549,3,2.60629332963e-05,0.00260629333
2550,2,1.73752888642e-05,0.00173752889
2551,4,3.47505777284e-05,0.00347505777
2552,3,2.60629332963e-05,0.00260629333
2553,2,1.73752888642e-05,0.00173752889
2554,3,2.60629332963e-05,0.00260629333
2555,2,1.73752888642e-05,0.00173752889
2556,1,8.68764443209e-06,0.000868764443
2557,2,1.73752888642e-05,0.00173752889
2558,1,8.68764443209e-06,0.000868764443
2559,2,1.73752888642e-05,0.00173752889
2560,2,1.73752888642e-05,0.00173752889
2561,1,8.68764443209e-06,0.000868764443
2562,3,2.60629332963e-05,0.00260629333
2564,1,8.68764443209e-06,0.000868764443
2565,3,2.60629332963e-05,0.00260629333
2566,2,1.73752888642e-05,0.00173752889
2567,1,8.68764443209e-06,0.000868764443
2568,1,8.68764443209e-06,0.000868764443
2569,2,1.73752888642e-05,0.00173752889
2570,1,8.68764443209e-06,0.000868764443
2571,3,2.60629332963e-05,0.00260629333
2572,1,8.68764443209e-06,0.000868764443
2573,3,2.60629332963e-05,0.00260629333
2574,2,1.73752888642e-05,0.00173752889
2576,1,8.68764443209e-06,0.000868764443
2578,2,1.73752888642e-05,0.00173752889
2579,2,1.73752888642e-05,0.00173752889
2582,5,4.34382221604e-05,0.00434382222
2583,1,8.68764443209e-06,0.000868764443
2585,5,4.34382221604e-05,0.00434382222
2586,3,2.60629332963e-05,0.00260629333
2587,1,8.68764443209e-06,0.000868764443
2588,3,2.60629332963e-05,0.00260629333
2589,3,2.60629332963e-05,0.00260629333
2590,2,1.73752888642e-05,0.00173752889
2591,3,2.60629332963e-05,0.00260629333
2592,3,2.60629332963e-05,0.00260629333
2593,2,1.73752888642e-05,0.00173752889
2598,1,8.68764443209e-06,0.000868764443
2599,2,1.73752888642e-05,0.00173752889
2600,1,8.68764443209e-06,0.000868764443
2601,1,8.68764443209e-06,0.000868764443
2602,1,8.68764443209e-06,0.000868764443
2603,3,2.60629332963e-05,0.00260629333
2604,1,8.68764443209e-06,0.000868764443
2605,1,8.68764443209e-06,0.000868764443
2606,2,1.73752888642e-05,0.00173752889
2607,1,8.68764443209e-06,0.000868764443
2608,2,1.73752888642e-05,0.00173752889
2609,3,2.60629332963e-05,0.00260629333
2610,1,8.68764443209e-06,0.000868764443
2612,2,1.73752888642e-05,0.00173752889
2613,3,2.60629332963e-05,0.00260629333
2614,1,8.68764443209e-06,0.000868764443
2615,4,3.47505777284e-05,0.00347505777
2617,1,8.68764443209e-06,0.000868764443
2618,2,1.73752888642e-05,0.00173752889
2619,4,3.47505777284e-05,0.00347505777
2621,2,1.73752888642e-05,0.00173752889
2622,2,1.73752888642e-05,0.00173752889
2623,4,3.47505777284e-05,0.00347505777
2624,2,1.73752888642e-05,0.00173752889
2625,3,2.60629332963e-05,0.00260629333
2626,2,1.73752888642e-05,0.00173752889
2628,1,8.68764443209e-06,0.000868764443
2629,1,8.68764443209e-06,0.000868764443
2630,2,1.73752888642e-05,0.00173752889
2631,1,8.68764443209e-06,0.000868764443
2632,1,8.68764443209e-06,0.000868764443
2633,1,8.68764443209e-06,0.000868764443
2634,2,1.73752888642e-05,0.00173752889
2635,1,8.68764443209e-06,0.000868764443
2636,1,8.68764443209e-06,0.000868764443
2637,1,8.68764443209e-06,0.000868764443
2638,2,1.73752888642e-05,0.00173752889
2640,1,8.68764443209e-06,0.000868764443
2641,4,3.47505777284e-05,0.00347505777
2642,1,8.68764443209e-06,0.000868764443
2643,2,1.73752888642e-05,0.00173752889
2644,3,2.60629332963e-05,0.00260629333
2645,2,1.73752888642e-05,0.00173752889
2646,2,1.73752888642e-05,0.00173752889
2647,4,3.47505777284e-05,0.00347505777
2648,1,8.68764443209e-06,0.000868764443
2649,2,1.73752888642e-05,0.00173752889
2650,2,1.73752888642e-05,0.00173752889
2651,3,2.60629332963e-05,0.00260629333
2654,1,8.68764443209e-06,0.000868764443
2655,2,1.73752888642e-05,0.00173752889
2656,4,3.47505777284e-05,0.00347505777
2657,1,8.68764443209e-06,0.000868764443
2658,1,8.68764443209e-06,0.000868764443
2659,2,1.73752888642e-05,0.00173752889
2662,1,8.68764443209e-06,0.000868764443
2663,3,2.60629332963e-05,0.00260629333
2664,3,2.60629332963e-05,0.00260629333
2665,1,8.68764443209e-06,0.000868764443
2666,1,8.68764443209e-06,0.000868764443
2667,3,2.60629332963e-05,0.00260629333
2668,4,3.47505777284e-05,0.00347505777
2669,1,8.68764443209e-06,0.000868764443
2671,5,4.34382221604e-05,0.00434382222
2672,2,1.73752888642e-05,0.00173752889
2673,3,2.60629332963e-05,0.00260629333
2675,2,1.73752888642e-05,0.00173752889
2676,1,8.68764443209e-06,0.000868764443
2677,3,2.60629332963e-05,0.00260629333
2678,1,8.68764443209e-06,0.000868764443
2681,2,1.73752888642e-05,0.00173752889
2682,2,1.73752888642e-05,0.00173752889
2683,2,1.73752888642e-05,0.00173752889
2684,1,8.68764443209e-06,0.000868764443
2685,1,8.68764443209e-06,0.000868764443
2686,1,8.68764443209e-06,0.000868764443
2689,1,8.68764443209e-06,0.000868764443
2691,2,1.73752888642e-05,0.00173752889
2692,3,2.60629332963e-05,0.00260629333
2694,1,8.68764443209e-06,0.000868764443
2695,2,1.73752888642e-05,0.00173752889
2696,2,1.73752888642e-05,0.00173752889
2697,2,1.73752888642e-05,0.00173752889
2698,2,1.73752888642e-05,0.00173752889
2700,2,1.73752888642e-05,0.00173752889
2701,2,1.73752888642e-05,0.00173752889
2702,1,8.68764443209e-06,0.000868764443
2703,1,8.68764443209e-06,0.000868764443
2704,2,1.73752888642e-05,0.00173752889
2705,3,2.60629332963e-05,0.00260629333
2706,1,8.68764443209e-06,0.000868764443
2707,4,3.47505777284e-05,0.00347505777
2708,3,2.60629332963e-05,0.00260629333
2709,3,2.60629332963e-05,0.00260629333
2711,3,2.60629332963e-05,0.00260629333
2712,1,8.68764443209e-06,0.000868764443
2714,3,2.60629332963e-05,0.00260629333
2716,1,8.68764443209e-06,0.000868764443
2717,3,2.60629332963e-05,0.00260629333
2719,2,1.73752888642e-05,0.00173752889
2720,1,8.68764443209e-06,0.000868764443
2722,4,3.47505777284e-05,0.00347505777
2724,3,2.60629332963e-05,0.00260629333
2725,1,8.68764443209e-06,0.000868764443
2726,1,8.68764443209e-06,0.000868764443
2727,1,8.68764443209e-06,0.000868764443
2728,3,2.60629332963e-05,0.00260629333
2729,1,8.68764443209e-06,0.000868764443
2731,1,8.68764443209e-06,0.000868764443
2732,1,8.68764443209e-06,0.000868764443
2734,2,1.73752888642e-05,0.00173752889
2735,1,8.68764443209e-06,0.000868764443
2736,5,4.34382221604e-05,0.00434382222
2737,1,8.68764443209e-06,0.000868764443
2738,4,3.47505777284e-05,0.00347505777
2739,5,4.34382221604e-05,0.00434382222
2740,5,4.34382221604e-05,0.00434382222
2741,7,6.08135110246e-05,0.0060813511
2742,6,5.21258665925e-05,0.00521258666
2743,5,4.34382221604e-05,0.00434382222
2744,18,0.000156377599778,0.01563776
2745,8,6.95011554567e-05,0.00695011555
2746,15,0.000130314666481,0.0130314666
2747,10,8.68764443209e-05,0.00868764443
2748,13,0.000112939377617,0.0112939378
2749,18,0.000156377599778,0.01563776
2750,9,7.81887998888e-05,0.00781887999
2751,10,8.68764443209e-05,0.00868764443
2752,6,5.21258665925e-05,0.00521258666
2753,10,8.68764443209e-05,0.00868764443
2754,7,6.08135110246e-05,0.0060813511
2755,12,0.000104251733185,0.0104251733
2756,10,8.68764443209e-05,0.00868764443
2757,8,6.95011554567e-05,0.00695011555
2758,6,5.21258665925e-05,0.00521258666
2759,11,9.5564088753e-05,0.00955640888
2760,9,7.81887998888e-05,0.00781887999
2761,12,0.000104251733185,0.0104251733
2762,3,2.60629332963e-05,0.00260629333
2763,11,9.5564088753e-05,0.00955640888
2764,6,5.21258665925e-05,0.00521258666
2765,9,7.81887998888e-05,0.00781887999
2766,8,6.95011554567e-05,0.00695011555
2767,3,2.60629332963e-05,0.00260629333
2768,9,7.81887998888e-05,0.00781887999
2769,5,4.34382221604e-05,0.00434382222
2771,1,8.68764443209e-06,0.000868764443
2772,1,8.68764443209e-06,0.000868764443
2773,1,8.68764443209e-06,0.000868764443
2775,1,8.68764443209e-06,0.000868764443
2776,2,1.73752888642e-05,0.00173752889
2777,3,2.60629332963e-05,0.00260629333
2778,4,3.47505777284e-05,0.00347505777
2779,2,1.73752888642e-05,0.00173752889
2780,3,2.60629332963e-05,0.00260629333
2781,1,8.68764443209e-06,0.000868764443
2782,2,1.73752888642e-05,0.00173752889
2783,4,3.47505777284e-05,0.00347505777
2784,3,2.60629332963e-05,0.00260629333
2785,3,2.60629332963e-05,0.00260629333
2786,3,2.60629332963e-05,0.00260629333
2787,2,1.73752888642e-05,0.00173752889
2788,1,8.68764443209e-06,0.000868764443
2789,1,8.68764443209e-06,0.000868764443
2790,1,8.68764443209e-06,0.000868764443
2792,3,2.60629332963e-05,0.00260629333
2793,1,8.68764443209e-06,0.000868764443
2794,3,2.60629332963e-05,0.00260629333
2796,1,8.68764443209e-06,0.000868764443
2797,1,8.68764443209e-06,0.000868764443
2798,3,2.60629332963e-05,0.00260629333
2799,2,1.73752888642e-05,0.00173752889
2800,1,8.68764443209e-06,0.000868764443
2801,1,8.68764443209e-06,0.000868764443
2803,2,1.73752888642e-05,0.00173752889
2804,2,1.73752888642e-05,0.00173752889
2805,2,1.73752888642e-05,0.00173752889
2806,1,8.68764443209e-06,0.000868764443
2808,2,1.73752888642e-05,0.00173752889
2811,2,1.73752888642e-05,0.00173752889
2812,2,1.73752888642e-05,0.00173752889
2813,2,1.73752888642e-05,0.00173752889
2814,2,1.73752888642e-05,0.00173752889
2815,2,1.73752888642e-05,0.00173752889
2816,4,3.47505777284e-05,0.00347505777
2818,3,2.60629332963e-05,0.00260629333
2819,1,8.68764443209e-06,0.000868764443
2820,4,3.47505777284e-05,0.00347505777
2821,1,8.68764443209e-06,0.000868764443
2822,1,8.68764443209e-06,0.000868764443
2823,1,8.68764443209e-06,0.000868764443
2824,5,4.34382221604e-05,0.00434382222
2825,2,1.73752888642e-05,0.00173752889
2826,3,2.60629332963e-05,0.00260629333
2827,3,2.60629332963e-05,0.00260629333
2828,3,2.60629332963e-05,0.00260629333
2829,5,4.34382221604e-05,0.00434382222
2830,3,2.60629332963e-05,0.00260629333
2831,1,8.68764443209e-06,0.000868764443
2832,4,3.47505777284e-05,0.00347505777
2833,5,4.34382221604e-05,0.00434382222
2834,1,8.68764443209e-06,0.000868764443
2835,7,6.08135110246e-05,0.0060813511
2836,1,8.68764443209e-06,0.000868764443
2837,4,3.47505777284e-05,0.00347505777
2838,4,3.47505777284e-05,0.00347505777
2839,1,8.68764443209e-06,0.000868764443
2840,6,5.21258665925e-05,0.00521258666
2841,6,5.21258665925e-05,0.00521258666
2842,3,2.60629332963e-05,0.00260629333
2843,5,4.34382221604e-05,0.00434382222
2844,7,6.08135110246e-05,0.0060813511
2845,4,3.47505777284e-05,0.00347505777
2846,3,2.60629332963e-05,0.00260629333
2847,4,3.47505777284e-05,0.00347505777
2848,3,2.60629332963e-05,0.00260629333
2849,2,1.73752888642e-05,0.00173752889
2850,3,2.60629332963e-05,0.00260629333
2851,3,2.60629332963e-05,0.00260629333
2852,2,1.73752888642e-05,0.00173752889
2853,2,1.73752888642e-05,0.00173752889
2855,3,2.60629332963e-05,0.00260629333
2856,1,8.68764443209e-06,0.000868764443
2857,2,1.73752888642e-05,0.00173752889
2858,2,1.73752888642e-05,0.00173752889
2859,4,3.47505777284e-05,0.00347505777
2860,1,8.68764443209e-06,0.000868764443
2861,2,1.73752888642e-05,0.00173752889
2862,4,3.47505777284e-05,0.00347505777
2863,3,2.60629332963e-05,0.00260629333
2864,2,1.73752888642e-05,0.00173752889
2865,3,2.60629332963e-05,0.00260629333
2866,6,5.21258665925e-05,0.00521258666
2867,2,1.73752888642e-05,0.00173752889
2868,4,3.47505777284e-05,0.00347505777
2869,1,8.68764443209e-06,0.000868764443
2870,1,8.68764443209e-06,0.000868764443
2871,3,2.60629332963e-05,0.00260629333
2872,4,3.47505777284e-05,0.00347505777
2873,5,4.34382221604e-05,0.00434382222
2874,4,3.47505777284e-05,0.00347505777
2875,6,5.21258665925e-05,0.00521258666
2876,4,3.47505777284e-05,0.00347505777
2877,1,8.68764443209e-06,0.000868764443
2878,4,3.47505777284e-05,0.00347505777
2880,4,3.47505777284e-05,0.00347505777
2881,1,8.68764443209e-06,0.000868764443
2882,2,1.73752888642e-05,0.00173752889
2884,2,1.73752888642e-05,0.00173752889
2885,3,2.60629332963e-05,0.00260629333
2886,2,1.73752888642e-05,0.00173752889
2887,1,8.68764443209e-06,0.000868764443
2889,2,1.73752888642e-05,0.00173752889
2890,2,1.73752888642e-05,0.00173752889
2891,2,1.73752888642e-05,0.00173752889
2892,5,4.34382221604e-05,0.00434382222
2893,1,8.68764443209e-06,0.000868764443
2894,4,3.47505777284e-05,0.00347505777
2895,3,2.60629332963e-05,0.00260629333
2896,2,1.73752888642e-05,0.00173752889
2897,1,8.68764443209e-06,0.000868764443
2898,2,1.73752888642e-05,0.00173752889
2899,2,1.73752888642e-05,0.00173752889
2900,2,1.73752888642e-05,0.00173752889
2901,2,1.73752888642e-05,0.00173752889
2902,1,8.68764443209e-06,0.000868764443
2903,2,1.73752888642e-05,0.00173752889
2904,1,8.68764443209e-06,0.000868764443
2906,1,8.68764443209e-06,0.000868764443
2908,1,8.68764443209e-06,0.000868764443
2911,1,8.68764443209e-06,0.000868764443
2914,2,1.73752888642e-05,0.00173752889
2915,1,8.68764443209e-06,0.000868764443
2916,1,8.68764443209e-06,0.000868764443
2918,1,8.68764443209e-06,0.000868764443
2919,3,2.60629332963e-05,0.00260629333
2920,2,1.73752888642e-05,0.00173752889
2921,1,8.68764443209e-06,0.000868764443
2925,2,1.73752888642e-05,0.00173752889
2930,1,8.68764443209e-06,0.000868764443
2931,1,8.68764443209e-06,0.000868764443
2933,1,8.68764443209e-06,0.000868764443
2934,1,8.68764443209e-06,0.000868764443
2937,1,8.68764443209e-06,0.000868764443
2939,3,2.60629332963e-05,0.00260629333
2940,2,1.73752888642e-05,0.00173752889
2944,2,1.73752888642e-05,0.00173752889
2946,1,8.68764443209e-06,0.000868764443
2949,3,2.60629332963e-05,0.00260629333
2950,1,8.68764443209e-06,0.000868764443
2951,1,8.68764443209e-06,0.000868764443
2952,3,2.60629332963e-05,0.00260629333
2953,1,8.68764443209e-06,0.000868764443
2954,2,1.73752888642e-05,0.00173752889
2955,3,2.60629332963e-05,0.00260629333
2956,3,2.60629332963e-05,0.00260629333
2958,2,1.73752888642e-05,0.00173752889
2959,2,1.73752888642e-05,0.00173752889
2960,3,2.60629332963e-05,0.00260629333
2961,3,2.60629332963e-05,0.00260629333
2962,1,8.68764443209e-06,0.000868764443
2964,2,1.73752888642e-05,0.00173752889
2967,1,8.68764443209e-06,0.000868764443
2969,1,8.68764443209e-06,0.000868764443
2970,1,8.68764443209e-06,0.000868764443
2971,1,8.68764443209e-06,0.000868764443
2975,2,1.73752888642e-05,0.00173752889
2978,1,8.68764443209e-06,0.000868764443
2979,1,8.68764443209e-06,0.000868764443
2984,1,8.68764443209e-06,0.000868764443
2986,1,8.68764443209e-06,0.000868764443
2991,1,8.68764443209e-06,0.000868764443
2993,1,8.68764443209e-06,0.000868764443
2994,1,8.68764443209e-06,0.000868764443
2997,1,8.68764443209e-06,0.000868764443
3000,2,1.73752888642e-05,0.00173752889
3001,1,8.68764443209e-06,0.000868764443
3003,2,1.73752888642e-05,0.00173752889
3004,2,1.73752888642e-05,0.00173752889
3007,5,4.34382221604e-05,0.00434382222
3009,2,1.73752888642e-05,0.00173752889
3010,2,1.73752888642e-05,0.00173752889
3011,1,8.68764443209e-06,0.000868764443
3012,1,8.68764443209e-06,0.000868764443
3013,2,1.73752888642e-05,0.00173752889
3014,2,1.73752888642e-05,0.00173752889
3015,2,1.73752888642e-05,0.00173752889
3016,1,8.68764443209e-06,0.000868764443
3017,4,3.47505777284e-05,0.00347505777
3018,1,8.68764443209e-06,0.000868764443
3019,2,1.73752888642e-05,0.00173752889
3020,5,4.34382221604e-05,0.00434382222
3021,1,8.68764443209e-06,0.000868764443
3022,1,8.68764443209e-06,0.000868764443
3023,4,3.47505777284e-05,0.00347505777
3024,2,1.73752888642e-05,0.00173752889
3025,1,8.68764443209e-06,0.000868764443
3026,1,8.68764443209e-06,0.000868764443
3030,1,8.68764443209e-06,0.000868764443
3031,2,1.73752888642e-05,0.00173752889
3032,1,8.68764443209e-06,0.000868764443
3034,2,1.73752888642e-05,0.00173752889
3035,3,2.60629332963e-05,0.00260629333
3036,3,2.60629332963e-05,0.00260629333
3037,4,3.47505777284e-05,0.00347505777
3038,2,1.73752888642e-05,0.00173752889
3040,2,1.73752888642e-05,0.00173752889
3041,1,8.68764443209e-06,0.000868764443
3042,2,1.73752888642e-05,0.00173752889
3043,1,8.68764443209e-06,0.000868764443
3044,2,1.73752888642e-05,0.00173752889
3045,1,8.68764443209e-06,0.000868764443
3046,1,8.68764443209e-06,0.000868764443
3047,2,1.73752888642e-05,0.00173752889
3048,1,8.68764443209e-06,0.000868764443
3051,1,8.68764443209e-06,0.000868764443
3052,1,8.68764443209e-06,0.000868764443
3053,1,8.68764443209e-06,0.000868764443
3054,1,8.68764443209e-06,0.000868764443
3055,1,8.68764443209e-06,0.000868764443
3057,2,1.73752888642e-05,0.00173752889
3058,2,1.73752888642e-05,0.00173752889
3059,2,1.73752888642e-05,0.00173752889
3061,2,1.73752888642e-05,0.00173752889
3062,1,8.68764443209e-06,0.000868764443
3063,2,1.73752888642e-05,0.00173752889
3064,2,1.73752888642e-05,0.00173752889
3065,4,3.47505777284e-05,0.00347505777
3066,2,1.73752888642e-05,0.00173752889
3067,4,3.47505777284e-05,0.00347505777
3068,3,2.60629332963e-05,0.00260629333
3069,4,3.47505777284e-05,0.00347505777
3070,2,1.73752888642e-05,0.00173752889
3071,1,8.68764443209e-06,0.000868764443
3072,3,2.60629332963e-05,0.00260629333
3074,2,1.73752888642e-05,0.00173752889
3075,3,2.60629332963e-05,0.00260629333
3076,2,1.73752888642e-05,0.00173752889
3077,1,8.68764443209e-06,0.000868764443
3080,2,1.73752888642e-05,0.00173752889
3081,2,1.73752888642e-05,0.00173752889
3082,2,1.73752888642e-05,0.00173752889
3083,2,1.73752888642e-05,0.00173752889
3084,2,1.73752888642e-05,0.00173752889
3086,2,1.73752888642e-05,0.00173752889
3087,2,1.73752888642e-05,0.00173752889
3088,1,8.68764443209e-06,0.000868764443
3089,1,8.68764443209e-06,0.000868764443
3090,1,8.68764443209e-06,0.000868764443
3092,2,1.73752888642e-05,0.00173752889
3093,4,3.47505777284e-05,0.00347505777
3094,2,1.73752888642e-05,0.00173752889
3095,2,1.73752888642e-05,0.00173752889
3096,2,1.73752888642e-05,0.00173752889
3097,1,8.68764443209e-06,0.000868764443
3098,2,1.73752888642e-05,0.00173752889
3099,3,2.60629332963e-05,0.00260629333
3100,2,1.73752888642e-05,0.00173752889
3102,2,1.73752888642e-05,0.00173752889
3103,2,1.73752888642e-05,0.00173752889
3104,1,8.68764443209e-06,0.000868764443
3105,3,2.60629332963e-05,0.00260629333
3106,2,1.73752888642e-05,0.00173752889
3107,1,8.68764443209e-06,0.000868764443
3108,1,8.68764443209e-06,0.000868764443
3109,1,8.68764443209e-06,0.000868764443
3110,1,8.68764443209e-06,0.000868764443
3112,2,1.73752888642e-05,0.00173752889
3113,1,8.68764443209e-06,0.000868764443
3114,1,8.68764443209e-06,0.000868764443
3115,1,8.68764443209e-06,0.000868764443
3118,1,8.68764443209e-06,0.000868764443
3121,1,8.68764443209e-06,0.000868764443
3127,1,8.68764443209e-06,0.000868764443
3128,1,8.68764443209e-06,0.000868764443
3130,1,8.68764443209e-06,0.000868764443
3132,1,8.68764443209e-06,0.000868764443
3133,1,8.68764443209e-06,0.000868764443
3134,2,1.73752888642e-05,0.00173752889
3136,3,2.60629332963e-05,0.00260629333
3140,1,8.68764443209e-06,0.000868764443
3143,2,1.73752888642e-05,0.00173752889
3144,1,8.68764443209e-06,0.000868764443
3145,2,1.73752888642e-05,0.00173752889
3149,3,2.60629332963e-05,0.00260629333
3150,1,8.68764443209e-06,0.000868764443
3152,1,8.68764443209e-06,0.000868764443
3153,2,1.73752888642e-05,0.00173752889
3154,5,4.34382221604e-05,0.00434382222
3155,1,8.68764443209e-06,0.000868764443
3156,1,8.68764443209e-06,0.000868764443
3157,1,8.68764443209e-06,0.000868764443
3158,1,8.68764443209e-06,0.000868764443
3159,1,8.68764443209e-06,0.000868764443
3161,2,1.73752888642e-05,0.00173752889
3162,3,2.60629332963e-05,0.00260629333
3163,1,8.68764443209e-06,0.000868764443
3164,2,1.73752888642e-05,0.00173752889
3166,4,3.47505777284e-05,0.00347505777
3167,1,8.68764443209e-06,0.000868764443
3168,2,1.73752888642e-05,0.00173752889
3169,1,8.68764443209e-06,0.000868764443
3170,2,1.73752888642e-05,0.00173752889
3171,1,8.68764443209e-06,0.000868764443
3172,2,1.73752888642e-05,0.00173752889
3173,3,2.60629332963e-05,0.00260629333
3174,3,2.60629332963e-05,0.00260629333
3175,2,1.73752888642e-05,0.00173752889
3176,3,2.60629332963e-05,0.00260629333
3177,1,8.68764443209e-06,0.000868764443
3178,2,1.73752888642e-05,0.00173752889
3179,3,2.60629332963e-05,0.00260629333
3180,2,1.73752888642e-05,0.00173752889
3181,1,8.68764443209e-06,0.000868764443
3184,1,8.68764443209e-06,0.000868764443
3185,2,1.73752888642e-05,0.00173752889
3186,1,8.68764443209e-06,0.000868764443
3187,1,8.68764443209e-06,0.000868764443
3188,3,2.60629332963e-05,0.00260629333
3190,1,8.68764443209e-06,0.000868764443
3192,1,8.68764443209e-06,0.000868764443
3194,1,8.68764443209e-06,0.000868764443
3195,3,2.60629332963e-05,0.00260629333
3196,1,8.68764443209e-06,0.000868764443
3197,1,8.68764443209e-06,0.000868764443
3198,3,2.60629332963e-05,0.00260629333
3199,2,1.73752888642e-05,0.00173752889
3200,3,2.60629332963e-05,0.00260629333
3201,4,3.47505777284e-05,0.00347505777
3202,4,3.47505777284e-05,0.00347505777
3203,3,2.60629332963e-05,0.00260629333
3204,7,6.08135110246e-05,0.0060813511
3205,5,4.34382221604e-05,0.00434382222
3206,3,2.60629332963e-05,0.00260629333
3207,7,6.08135110246e-05,0.0060813511
3208,5,4.34382221604e-05,0.00434382222
3209,3,2.60629332963e-05,0.00260629333
3210,1,8.68764443209e-06,0.000868764443
3211,1,8.68764443209e-06,0.000868764443
3214,2,1.73752888642e-05,0.00173752889
3215,1,8.68764443209e-06,0.000868764443
3216,1,8.68764443209e-06,0.000868764443
3217,1,8.68764443209e-06,0.000868764443
3219,1,8.68764443209e-06,0.000868764443
3222,1,8.68764443209e-06,0.000868764443
3224,1,8.68764443209e-06,0.000868764443
3226,3,2.60629332963e-05,0.00260629333
3227,2,1.73752888642e-05,0.00173752889
3230,2,1.73752888642e-05,0.00173752889
3231,2,1.73752888642e-05,0.00173752889
3232,3,2.60629332963e-05,0.00260629333
3233,1,8.68764443209e-06,0.000868764443
3234,1,8.68764443209e-06,0.000868764443
3235,1,8.68764443209e-06,0.000868764443
3236,1,8.68764443209e-06,0.000868764443
3238,1,8.68764443209e-06,0.000868764443
3239,3,2.60629332963e-05,0.00260629333
3240,2,1.73752888642e-05,0.00173752889
3241,2,1.73752888642e-05,0.00173752889
3242,5,4.34382221604e-05,0.00434382222
3243,4,3.47505777284e-05,0.00347505777
3244,2,1.73752888642e-05,0.00173752889
3245,5,4.34382221604e-05,0.00434382222
3246,5,4.34382221604e-05,0.00434382222
3247,5,4.34382221604e-05,0.00434382222
3248,5,4.34382221604e-05,0.00434382222
3249,2,1.73752888642e-05,0.00173752889
3250,3,2.60629332963e-05,0.00260629333
3251,5,4.34382221604e-05,0.00434382222
3252,3,2.60629332963e-05,0.00260629333
3253,5,4.34382221604e-05,0.00434382222
3254,4,3.47505777284e-05,0.00347505777
3255,1,8.68764443209e-06,0.000868764443
3256,1,8.68764443209e-06,0.000868764443
3258,3,2.60629332963e-05,0.00260629333
3259,2,1.73752888642e-05,0.00173752889
3260,2,1.73752888642e-05,0.00173752889
3261,1,8.68764443209e-06,0.000868764443
3263,3,2.60629332963e-05,0.00260629333
3264,2,1.73752888642e-05,0.00173752889
3266,3,2.60629332963e-05,0.00260629333
3267,6,5.21258665925e-05,0.00521258666
3268,1,8.68764443209e-06,0.000868764443
3269,1,8.68764443209e-06,0.000868764443
3271,2,1.73752888642e-05,0.00173752889
3272,2,1.73752888642e-05,0.00173752889
3273,1,8.68764443209e-06,0.000868764443
3274,2,1.73752888642e-05,0.00173752889
3276,1604,0.0139349816691,1.39349817
3277,2,1.73752888642e-05,0.00173752889
3280,1,8.68764443209e-06,0.000868764443
3281,4,3.47505777284e-05,0.00347505777
3283,3,2.60629332963e-05,0.00260629333
3284,1,8.68764443209e-06,0.000868764443
3286,1,8.68764443209e-06,0.000868764443
3288,1,8.68764443209e-06,0.000868764443
3289,1,8.68764443209e-06,0.000868764443
3291,2,1.73752888642e-05,0.00173752889
3292,2,1.73752888642e-05,0.00173752889
3293,1,8.68764443209e-06,0.000868764443
3294,1,8.68764443209e-06,0.000868764443
3295,1,8.68764443209e-06,0.000868764443
3296,2,1.73752888642e-05,0.00173752889
3298,4,3.47505777284e-05,0.00347505777
3299,1,8.68764443209e-06,0.000868764443
3300,2,1.73752888642e-05,0.00173752889
3301,2,1.73752888642e-05,0.00173752889
3302,1,8.68764443209e-06,0.000868764443
3303,3,2.60629332963e-05,0.00260629333
3304,3,2.60629332963e-05,0.00260629333
3305,1,8.68764443209e-06,0.000868764443
3307,2,1.73752888642e-05,0.00173752889
3308,1,8.68764443209e-06,0.000868764443
3309,1,8.68764443209e-06,0.000868764443
3310,2,1.73752888642e-05,0.00173752889
3311,2,1.73752888642e-05,0.00173752889
3314,4,3.47505777284e-05,0.00347505777
3315,2,1.73752888642e-05,0.00173752889
3316,3,2.60629332963e-05,0.00260629333
3317,1,8.68764443209e-06,0.000868764443
3318,2,1.73752888642e-05,0.00173752889
3319,5,4.34382221604e-05,0.00434382222
3321,1,8.68764443209e-06,0.000868764443
3322,3,2.60629332963e-05,0.00260629333
3324,2,1.73752888642e-05,0.00173752889
3325,3,2.60629332963e-05,0.00260629333
3326,1,8.68764443209e-06,0.000868764443
3327,1,8.68764443209e-06,0.000868764443
3328,1,8.68764443209e-06,0.000868764443
3329,2,1.73752888642e-05,0.00173752889
3330,1,8.68764443209e-06,0.000868764443
3331,2,1.73752888642e-05,0.00173752889
3332,1,8.68764443209e-06,0.000868764443
3333,2,1.73752888642e-05,0.00173752889
3334,1,8.68764443209e-06,0.000868764443
3336,1,8.68764443209e-06,0.000868764443
3338,3,2.60629332963e-05,0.00260629333
3339,2,1.73752888642e-05,0.00173752889
3340,1,8.68764443209e-06,0.000868764443
3341,3,2.60629332963e-05,0.00260629333
3342,3,2.60629332963e-05,0.00260629333
3343,3,2.60629332963e-05,0.00260629333
3344,4,3.47505777284e-05,0.00347505777
3345,3,2.60629332963e-05,0.00260629333
3346,3,2.60629332963e-05,0.00260629333
3347,3,2.60629332963e-05,0.00260629333
3348,4,3.47505777284e-05,0.00347505777
3349,6,5.21258665925e-05,0.00521258666
3350,5,4.34382221604e-05,0.00434382222
3351,5,4.34382221604e-05,0.00434382222
3352,5,4.34382221604e-05,0.00434382222
3353,2,1.73752888642e-05,0.00173752889
3354,3,2.60629332963e-05,0.00260629333
3355,3,2.60629332963e-05,0.00260629333
3356,4,3.47505777284e-05,0.00347505777
3357,3,2.60629332963e-05,0.00260629333
3359,2,1.73752888642e-05,0.00173752889
3361,1,8.68764443209e-06,0.000868764443
3362,1,8.68764443209e-06,0.000868764443
3363,1,8.68764443209e-06,0.000868764443
3364,1,8.68764443209e-06,0.000868764443
3365,1,8.68764443209e-06,0.000868764443
3367,1,8.68764443209e-06,0.000868764443
3369,1,8.68764443209e-06,0.000868764443
3374,1,8.68764443209e-06,0.000868764443
3376,1,8.68764443209e-06,0.000868764443
3377,1,8.68764443209e-06,0.000868764443
3380,2,1.73752888642e-05,0.00173752889
3381,1,8.68764443209e-06,0.000868764443
3382,3,2.60629332963e-05,0.00260629333
3383,4,3.47505777284e-05,0.00347505777
3384,5,4.34382221604e-05,0.00434382222
3385,2,1.73752888642e-05,0.00173752889
3386,2,1.73752888642e-05,0.00173752889
3387,4,3.47505777284e-05,0.00347505777
3388,2,1.73752888642e-05,0.00173752889
3389,3,2.60629332963e-05,0.00260629333
3390,4,3.47505777284e-05,0.00347505777
3391,1,8.68764443209e-06,0.000868764443
3392,1,8.68764443209e-06,0.000868764443
3393,4,3.47505777284e-05,0.00347505777
3395,3,2.60629332963e-05,0.00260629333
3396,3,2.60629332963e-05,0.00260629333
3397,3,2.60629332963e-05,0.00260629333
3398,4,3.47505777284e-05,0.00347505777
3399,2,1.73752888642e-05,0.00173752889
3400,6,5.21258665925e-05,0.00521258666
3401,6,5.21258665925e-05,0.00521258666
3403,5,4.34382221604e-05,0.00434382222
3404,6,5.21258665925e-05,0.00521258666
3405,5,4.34382221604e-05,0.00434382222
3406,1,8.68764443209e-06,0.000868764443
3407,4,3.47505777284e-05,0.00347505777
3408,7,6.08135110246e-05,0.0060813511
3409,3,2.60629332963e-05,0.00260629333
3410,1,8.68764443209e-06,0.000868764443
3411,4,3.47505777284e-05,0.00347505777
3412,3,2.60629332963e-05,0.00260629333
3413,1,8.68764443209e-06,0.000868764443
3414,3,2.60629332963e-05,0.00260629333
3415,2,1.73752888642e-05,0.00173752889
3416,2,1.73752888642e-05,0.00173752889
3417,2,1.73752888642e-05,0.00173752889
3418,2,1.73752888642e-05,0.00173752889
3420,2,1.73752888642e-05,0.00173752889
3421,2,1.73752888642e-05,0.00173752889
3422,1,8.68764443209e-06,0.000868764443
3423,2,1.73752888642e-05,0.00173752889
3424,1,8.68764443209e-06,0.000868764443
3426,2,1.73752888642e-05,0.00173752889
3428,1,8.68764443209e-06,0.000868764443
3430,1,8.68764443209e-06,0.000868764443
3433,1,8.68764443209e-06,0.000868764443
3436,1,8.68764443209e-06,0.000868764443
3437,1,8.68764443209e-06,0.000868764443
3438,1,8.68764443209e-06,0.000868764443
3443,1,8.68764443209e-06,0.000868764443
3444,1,8.68764443209e-06,0.000868764443
3445,1,8.68764443209e-06,0.000868764443
3447,1,8.68764443209e-06,0.000868764443
3453,3,2.60629332963e-05,0.00260629333
3460,1,8.68764443209e-06,0.000868764443
3461,1,8.68764443209e-06,0.000868764443
3462,1,8.68764443209e-06,0.000868764443
3463,1,8.68764443209e-06,0.000868764443
3464,1,8.68764443209e-06,0.000868764443
3469,2,1.73752888642e-05,0.00173752889
3470,1,8.68764443209e-06,0.000868764443
3471,3,2.60629332963e-05,0.00260629333
3472,4,3.47505777284e-05,0.00347505777
3474,1,8.68764443209e-06,0.000868764443
3476,1,8.68764443209e-06,0.000868764443
3477,1,8.68764443209e-06,0.000868764443
3481,2,1.73752888642e-05,0.00173752889
3485,1,8.68764443209e-06,0.000868764443
3486,2,1.73752888642e-05,0.00173752889
3489,1,8.68764443209e-06,0.000868764443
3493,1,8.68764443209e-06,0.000868764443
3497,1,8.68764443209e-06,0.000868764443
3501,1,8.68764443209e-06,0.000868764443
3507,1,8.68764443209e-06,0.000868764443
3511,1,8.68764443209e-06,0.000868764443
3513,1,8.68764443209e-06,0.000868764443
3515,1,8.68764443209e-06,0.000868764443
3518,1,8.68764443209e-06,0.000868764443
3520,1,8.68764443209e-06,0.000868764443
3521,1,8.68764443209e-06,0.000868764443
3524,1,8.68764443209e-06,0.000868764443
3528,1,8.68764443209e-06,0.000868764443
3530,2,1.73752888642e-05,0.00173752889
3536,1,8.68764443209e-06,0.000868764443
3538,1,8.68764443209e-06,0.000868764443
3539,2,1.73752888642e-05,0.00173752889
3540,2,1.73752888642e-05,0.00173752889
3541,1,8.68764443209e-06,0.000868764443
3543,2,1.73752888642e-05,0.00173752889
3544,1,8.68764443209e-06,0.000868764443
3545,1,8.68764443209e-06,0.000868764443
3546,1,8.68764443209e-06,0.000868764443
3547,5,4.34382221604e-05,0.00434382222
3548,1,8.68764443209e-06,0.000868764443
3552,1,8.68764443209e-06,0.000868764443
3553,1,8.68764443209e-06,0.000868764443
3554,1,8.68764443209e-06,0.000868764443
3557,1,8.68764443209e-06,0.000868764443
3558,1,8.68764443209e-06,0.000868764443
3561,2,1.73752888642e-05,0.00173752889
3562,1,8.68764443209e-06,0.000868764443
3563,1,8.68764443209e-06,0.000868764443
3565,1,8.68764443209e-06,0.000868764443
3566,1,8.68764443209e-06,0.000868764443
3567,2,1.73752888642e-05,0.00173752889
3568,1,8.68764443209e-06,0.000868764443
3569,1,8.68764443209e-06,0.000868764443
3571,2,1.73752888642e-05,0.00173752889
3572,3,2.60629332963e-05,0.00260629333
3573,2,1.73752888642e-05,0.00173752889
3574,2,1.73752888642e-05,0.00173752889
3575,2,1.73752888642e-05,0.00173752889
3576,1,8.68764443209e-06,0.000868764443
3578,1,8.68764443209e-06,0.000868764443
3579,1,8.68764443209e-06,0.000868764443
3581,1,8.68764443209e-06,0.000868764443
3582,2,1.73752888642e-05,0.00173752889
3583,1,8.68764443209e-06,0.000868764443
3585,1,8.68764443209e-06,0.000868764443
3586,1,8.68764443209e-06,0.000868764443
3592,2,1.73752888642e-05,0.00173752889
3594,3,2.60629332963e-05,0.00260629333
3595,1,8.68764443209e-06,0.000868764443
3597,1,8.68764443209e-06,0.000868764443
3598,2,1.73752888642e-05,0.00173752889
3599,3,2.60629332963e-05,0.00260629333
3601,1,8.68764443209e-06,0.000868764443
3602,1,8.68764443209e-06,0.000868764443
3603,2,1.73752888642e-05,0.00173752889
3605,3,2.60629332963e-05,0.00260629333
3606,2,1.73752888642e-05,0.00173752889
3609,2,1.73752888642e-05,0.00173752889
3610,1,8.68764443209e-06,0.000868764443
3611,2,1.73752888642e-05,0.00173752889
3612,1,8.68764443209e-06,0.000868764443
3613,2,1.73752888642e-05,0.00173752889
3615,1,8.68764443209e-06,0.000868764443
3618,2,1.73752888642e-05,0.00173752889
3619,4,3.47505777284e-05,0.00347505777
3625,2,1.73752888642e-05,0.00173752889
3627,1,8.68764443209e-06,0.000868764443
3628,1,8.68764443209e-06,0.000868764443
3629,2,1.73752888642e-05,0.00173752889
3630,1,8.68764443209e-06,0.000868764443
3631,2,1.73752888642e-05,0.00173752889
3632,1,8.68764443209e-06,0.000868764443
3633,2,1.73752888642e-05,0.00173752889
3634,1,8.68764443209e-06,0.000868764443
3635,1,8.68764443209e-06,0.000868764443
3636,2,1.73752888642e-05,0.00173752889
3642,1,8.68764443209e-06,0.000868764443
3643,4,3.47505777284e-05,0.00347505777
3647,3,2.60629332963e-05,0.00260629333
3648,2,1.73752888642e-05,0.00173752889
3650,1,8.68764443209e-06,0.000868764443
3651,1,8.68764443209e-06,0.000868764443
3652,2,1.73752888642e-05,0.00173752889
3653,1,8.68764443209e-06,0.000868764443
3654,1,8.68764443209e-06,0.000868764443
3656,1,8.68764443209e-06,0.000868764443
3657,1,8.68764443209e-06,0.000868764443
3659,1,8.68764443209e-06,0.000868764443
3660,1,8.68764443209e-06,0.000868764443
3662,1,8.68764443209e-06,0.000868764443
3664,1,8.68764443209e-06,0.000868764443
3665,1,8.68764443209e-06,0.000868764443
3666,5,4.34382221604e-05,0.00434382222
3667,2,1.73752888642e-05,0.00173752889
3670,1,8.68764443209e-06,0.000868764443
3672,2,1.73752888642e-05,0.00173752889
3673,1,8.68764443209e-06,0.000868764443
3674,1,8.68764443209e-06,0.000868764443
3675,1,8.68764443209e-06,0.000868764443
3676,1,8.68764443209e-06,0.000868764443
3677,2,1.73752888642e-05,0.00173752889
3679,1,8.68764443209e-06,0.000868764443
3680,3,2.60629332963e-05,0.00260629333
3681,1,8.68764443209e-06,0.000868764443
3682,2,1.73752888642e-05,0.00173752889
3683,4,3.47505777284e-05,0.00347505777
3684,1,8.68764443209e-06,0.000868764443
3685,3,2.60629332963e-05,0.00260629333
3686,1,8.68764443209e-06,0.000868764443
3687,1,8.68764443209e-06,0.000868764443
3688,2,1.73752888642e-05,0.00173752889
3689,1,8.68764443209e-06,0.000868764443
3690,2,1.73752888642e-05,0.00173752889
3691,1,8.68764443209e-06,0.000868764443
3692,3,2.60629332963e-05,0.00260629333
3693,1,8.68764443209e-06,0.000868764443
3694,5,4.34382221604e-05,0.00434382222
3695,5,4.34382221604e-05,0.00434382222
3696,2,1.73752888642e-05,0.00173752889
3697,2,1.73752888642e-05,0.00173752889
3698,1,8.68764443209e-06,0.000868764443
3699,3,2.60629332963e-05,0.00260629333
3700,4,3.47505777284e-05,0.00347505777
3701,1,8.68764443209e-06,0.000868764443
3702,2,1.73752888642e-05,0.00173752889
3703,4,3.47505777284e-05,0.00347505777
3704,1,8.68764443209e-06,0.000868764443
3707,1,8.68764443209e-06,0.000868764443
3708,1,8.68764443209e-06,0.000868764443
3709,3,2.60629332963e-05,0.00260629333
3711,2,1.73752888642e-05,0.00173752889
3712,1,8.68764443209e-06,0.000868764443
3713,1,8.68764443209e-06,0.000868764443
3715,2,1.73752888642e-05,0.00173752889
3719,1,8.68764443209e-06,0.000868764443
3722,1,8.68764443209e-06,0.000868764443
3723,1,8.68764443209e-06,0.000868764443
3728,1,8.68764443209e-06,0.000868764443
3729,1,8.68764443209e-06,0.000868764443
3731,2,1.73752888642e-05,0.00173752889
3732,1,8.68764443209e-06,0.000868764443
3733,1,8.68764443209e-06,0.000868764443
3735,2,1.73752888642e-05,0.00173752889
3736,4,3.47505777284e-05,0.00347505777
3737,4,3.47505777284e-05,0.00347505777
3738,2,1.73752888642e-05,0.00173752889
3740,3,2.60629332963e-05,0.00260629333
3741,2,1.73752888642e-05,0.00173752889
3742,2,1.73752888642e-05,0.00173752889
3743,1,8.68764443209e-06,0.000868764443
3744,4,3.47505777284e-05,0.00347505777
3745,1,8.68764443209e-06,0.000868764443
3746,4,3.47505777284e-05,0.00347505777
3747,1,8.68764443209e-06,0.000868764443
3748,2,1.73752888642e-05,0.00173752889
3749,1,8.68764443209e-06,0.000868764443
3750,3,2.60629332963e-05,0.00260629333
3751,1,8.68764443209e-06,0.000868764443
3752,3,2.60629332963e-05,0.00260629333
3753,1,8.68764443209e-06,0.000868764443
3754,1,8.68764443209e-06,0.000868764443
3755,1,8.68764443209e-06,0.000868764443
3756,3,2.60629332963e-05,0.00260629333
3757,2,1.73752888642e-05,0.00173752889
3758,1,8.68764443209e-06,0.000868764443
3759,1,8.68764443209e-06,0.000868764443
3760,2,1.73752888642e-05,0.00173752889
3768,2,1.73752888642e-05,0.00173752889
3770,1,8.68764443209e-06,0.000868764443
3771,3,2.60629332963e-05,0.00260629333
3772,1,8.68764443209e-06,0.000868764443
3773,2,1.73752888642e-05,0.00173752889
3775,1,8.68764443209e-06,0.000868764443
3777,1,8.68764443209e-06,0.000868764443
3778,1,8.68764443209e-06,0.000868764443
3780,4,3.47505777284e-05,0.00347505777
3782,2,1.73752888642e-05,0.00173752889
3783,1,8.68764443209e-06,0.000868764443
3785,2,1.73752888642e-05,0.00173752889
3788,3,2.60629332963e-05,0.00260629333
3790,1,8.68764443209e-06,0.000868764443
3792,2,1.73752888642e-05,0.00173752889
3793,2,1.73752888642e-05,0.00173752889
3795,3,2.60629332963e-05,0.00260629333
3796,1,8.68764443209e-06,0.000868764443
3798,2,1.73752888642e-05,0.00173752889
3799,1,8.68764443209e-06,0.000868764443
3800,1,8.68764443209e-06,0.000868764443
3801,1,8.68764443209e-06,0.000868764443
3802,2,1.73752888642e-05,0.00173752889
3803,3,2.60629332963e-05,0.00260629333
3804,2,1.73752888642e-05,0.00173752889
3805,1,8.68764443209e-06,0.000868764443
3806,1,8.68764443209e-06,0.000868764443
3807,2,1.73752888642e-05,0.00173752889
3809,3,2.60629332963e-05,0.00260629333
3810,2,1.73752888642e-05,0.00173752889
3811,1,8.68764443209e-06,0.000868764443
3813,1,8.68764443209e-06,0.000868764443
3817,1,8.68764443209e-06,0.000868764443
3818,1,8.68764443209e-06,0.000868764443
3824,1,8.68764443209e-06,0.000868764443
3826,1,8.68764443209e-06,0.000868764443
3829,1,8.68764443209e-06,0.000868764443
3830,1,8.68764443209e-06,0.000868764443
3831,1,8.68764443209e-06,0.000868764443
3832,1,8.68764443209e-06,0.000868764443
3835,1,8.68764443209e-06,0.000868764443
3840,1,8.68764443209e-06,0.000868764443
3848,1,8.68764443209e-06,0.000868764443
3853,1,8.68764443209e-06,0.000868764443
3854,2,1.73752888642e-05,0.00173752889
3855,4,3.47505777284e-05,0.00347505777
3857,2,1.73752888642e-05,0.00173752889
3859,1,8.68764443209e-06,0.000868764443
3860,1,8.68764443209e-06,0.000868764443
3861,1,8.68764443209e-06,0.000868764443
3864,2,1.73752888642e-05,0.00173752889
3865,4,3.47505777284e-05,0.00347505777
3867,1,8.68764443209e-06,0.000868764443
3868,2,1.73752888642e-05,0.00173752889
3870,1,8.68764443209e-06,0.000868764443
3871,1,8.68764443209e-06,0.000868764443
3872,1,8.68764443209e-06,0.000868764443
3874,1,8.68764443209e-06,0.000868764443
3877,2,1.73752888642e-05,0.00173752889
3879,1,8.68764443209e-06,0.000868764443
3880,1,8.68764443209e-06,0.000868764443
3882,1,8.68764443209e-06,0.000868764443
3883,1,8.68764443209e-06,0.000868764443
3889,1,8.68764443209e-06,0.000868764443
3892,2,1.73752888642e-05,0.00173752889
3895,1,8.68764443209e-06,0.000868764443
3896,1,8.68764443209e-06,0.000868764443
3899,1,8.68764443209e-06,0.000868764443
3906,1,8.68764443209e-06,0.000868764443
3907,2,1.73752888642e-05,0.00173752889
3909,1,8.68764443209e-06,0.000868764443
3915,1,8.68764443209e-06,0.000868764443
3918,1,8.68764443209e-06,0.000868764443
3920,1,8.68764443209e-06,0.000868764443
3923,2,1.73752888642e-05,0.00173752889
3926,1,8.68764443209e-06,0.000868764443
3928,1,8.68764443209e-06,0.000868764443
3929,1,8.68764443209e-06,0.000868764443
3930,1,8.68764443209e-06,0.000868764443
3945,1,8.68764443209e-06,0.000868764443
3947,1,8.68764443209e-06,0.000868764443
3948,1,8.68764443209e-06,0.000868764443
3949,3,2.60629332963e-05,0.00260629333
3951,1,8.68764443209e-06,0.000868764443
3953,1,8.68764443209e-06,0.000868764443
3954,2,1.73752888642e-05,0.00173752889
3956,2,1.73752888642e-05,0.00173752889
3957,3,2.60629332963e-05,0.00260629333
3959,3,2.60629332963e-05,0.00260629333
3960,2,1.73752888642e-05,0.00173752889
3963,1,8.68764443209e-06,0.000868764443
3965,2,1.73752888642e-05,0.00173752889
3966,1,8.68764443209e-06,0.000868764443
3967,1,8.68764443209e-06,0.000868764443
3968,1,8.68764443209e-06,0.000868764443
3969,2,1.73752888642e-05,0.00173752889
3970,2,1.73752888642e-05,0.00173752889
3975,1,8.68764443209e-06,0.000868764443
3978,1,8.68764443209e-06,0.000868764443
3985,1,8.68764443209e-06,0.000868764443
3988,1,8.68764443209e-06,0.000868764443
3989,1,8.68764443209e-06,0.000868764443
3992,1,8.68764443209e-06,0.000868764443
3996,1,8.68764443209e-06,0.000868764443
3997,1,8.68764443209e-06,0.000868764443
4008,1,8.68764443209e-06,0.000868764443
4009,1,8.68764443209e-06,0.000868764443
4012,1,8.68764443209e-06,0.000868764443
4013,1,8.68764443209e-06,0.000868764443
4036,1,8.68764443209e-06,0.000868764443
4037,1,8.68764443209e-06,0.000868764443
4038,1,8.68764443209e-06,0.000868764443
4041,1,8.68764443209e-06,0.000868764443
4046,1,8.68764443209e-06,0.000868764443
4052,1,8.68764443209e-06,0.000868764443
4053,1,8.68764443209e-06,0.000868764443
4054,1,8.68764443209e-06,0.000868764443
4055,3,2.60629332963e-05,0.00260629333
4058,1,8.68764443209e-06,0.000868764443
4059,1,8.68764443209e-06,0.000868764443
4060,1,8.68764443209e-06,0.000868764443
4061,4,3.47505777284e-05,0.00347505777
4062,3,2.60629332963e-05,0.00260629333
4063,3,2.60629332963e-05,0.00260629333
4064,2,1.73752888642e-05,0.00173752889
4065,3,2.60629332963e-05,0.00260629333
4066,2,1.73752888642e-05,0.00173752889
4067,2,1.73752888642e-05,0.00173752889
4068,1,8.68764443209e-06,0.000868764443
4069,1,8.68764443209e-06,0.000868764443
4070,2,1.73752888642e-05,0.00173752889
4071,1,8.68764443209e-06,0.000868764443
4072,1,8.68764443209e-06,0.000868764443
4073,1,8.68764443209e-06,0.000868764443
4087,1,8.68764443209e-06,0.000868764443
4093,6,5.21258665925e-05,0.00521258666
4094,15,0.000130314666481,0.0130314666
4095,8,6.95011554567e-05,0.00695011555
4096,542,0.00470870328219,0.470870328
4097,1,8.68764443209e-06,0.000868764443
4099,1,8.68764443209e-06,0.000868764443
4101,1,8.68764443209e-06,0.000868764443
4105,3,2.60629332963e-05,0.00260629333
4109,1,8.68764443209e-06,0.000868764443
4110,1,8.68764443209e-06,0.000868764443
4113,1,8.68764443209e-06,0.000868764443
4131,4,3.47505777284e-05,0.00347505777
4132,4,3.47505777284e-05,0.00347505777
4133,4,3.47505777284e-05,0.00347505777
4134,1,8.68764443209e-06,0.000868764443
4135,3,2.60629332963e-05,0.00260629333
4136,2,1.73752888642e-05,0.00173752889
4137,5,4.34382221604e-05,0.00434382222
4138,4,3.47505777284e-05,0.00347505777
4139,2,1.73752888642e-05,0.00173752889
4140,4,3.47505777284e-05,0.00347505777
4141,2,1.73752888642e-05,0.00173752889
4142,5,4.34382221604e-05,0.00434382222
4143,4,3.47505777284e-05,0.00347505777
4145,3,2.60629332963e-05,0.00260629333
4146,5,4.34382221604e-05,0.00434382222
4147,3,2.60629332963e-05,0.00260629333
4148,7,6.08135110246e-05,0.0060813511
4149,4,3.47505777284e-05,0.00347505777
4150,8,6.95011554567e-05,0.00695011555
4151,3,2.60629332963e-05,0.00260629333
4152,3,2.60629332963e-05,0.00260629333
4153,5,4.34382221604e-05,0.00434382222
4154,3,2.60629332963e-05,0.00260629333
4155,2,1.73752888642e-05,0.00173752889
4156,1,8.68764443209e-06,0.000868764443
4157,1,8.68764443209e-06,0.000868764443
4158,3,2.60629332963e-05,0.00260629333
4159,4,3.47505777284e-05,0.00347505777
4160,2,1.73752888642e-05,0.00173752889
4161,5,4.34382221604e-05,0.00434382222
4162,4,3.47505777284e-05,0.00347505777
4163,1,8.68764443209e-06,0.000868764443
4164,6,5.21258665925e-05,0.00521258666
4165,8,6.95011554567e-05,0.00695011555
4166,3,2.60629332963e-05,0.00260629333
4167,2,1.73752888642e-05,0.00173752889
4168,5,4.34382221604e-05,0.00434382222
4169,3,2.60629332963e-05,0.00260629333
4170,4,3.47505777284e-05,0.00347505777
4171,3,2.60629332963e-05,0.00260629333
4172,1,8.68764443209e-06,0.000868764443
4173,4,3.47505777284e-05,0.00347505777
4174,4,3.47505777284e-05,0.00347505777
4175,3,2.60629332963e-05,0.00260629333
4176,4,3.47505777284e-05,0.00347505777
4177,3,2.60629332963e-05,0.00260629333
4178,4,3.47505777284e-05,0.00347505777
4179,4,3.47505777284e-05,0.00347505777
4180,2,1.73752888642e-05,0.00173752889
4181,5,4.34382221604e-05,0.00434382222
4182,1,8.68764443209e-06,0.000868764443
4184,6,5.21258665925e-05,0.00521258666
4185,2,1.73752888642e-05,0.00173752889
4186,1,8.68764443209e-06,0.000868764443
4187,2,1.73752888642e-05,0.00173752889
4188,4,3.47505777284e-05,0.00347505777
4189,6,5.21258665925e-05,0.00521258666
4190,3,2.60629332963e-05,0.00260629333
4191,5,4.34382221604e-05,0.00434382222
4192,3,2.60629332963e-05,0.00260629333
4193,3,2.60629332963e-05,0.00260629333
4194,5,4.34382221604e-05,0.00434382222
4195,4,3.47505777284e-05,0.00347505777
4196,9,7.81887998888e-05,0.00781887999
4197,5,4.34382221604e-05,0.00434382222
4198,3,2.60629332963e-05,0.00260629333
4199,2,1.73752888642e-05,0.00173752889
4200,1,8.68764443209e-06,0.000868764443
4201,2,1.73752888642e-05,0.00173752889
4202,1,8.68764443209e-06,0.000868764443
4203,5,4.34382221604e-05,0.00434382222
4204,4,3.47505777284e-05,0.00347505777
4205,6,5.21258665925e-05,0.00521258666
4206,10,8.68764443209e-05,0.00868764443
4207,5,4.34382221604e-05,0.00434382222
4208,1,8.68764443209e-06,0.000868764443
4209,7,6.08135110246e-05,0.0060813511
4210,6,5.21258665925e-05,0.00521258666
4211,4,3.47505777284e-05,0.00347505777
4212,17,0.000147689955346,0.0147689955
4213,5,4.34382221604e-05,0.00434382222
4214,5,4.34382221604e-05,0.00434382222
4215,7,6.08135110246e-05,0.0060813511
4216,11,9.5564088753e-05,0.00955640888
4217,10,8.68764443209e-05,0.00868764443
4218,18,0.000156377599778,0.01563776
4219,11,9.5564088753e-05,0.00955640888
4220,9,7.81887998888e-05,0.00781887999
4221,11,9.5564088753e-05,0.00955640888
4222,15,0.000130314666481,0.0130314666
4223,14,0.000121627022049,0.0121627022
4224,30,0.000260629332963,0.0260629333
4225,18,0.000156377599778,0.01563776
4226,22,0.000191128177506,0.0191128178
4227,25,0.000217191110802,0.0217191111
4228,23,0.000199815821938,0.0199815822
4229,25,0.000217191110802,0.0217191111
4230,26,0.000225878755234,0.0225878755
4231,28,0.000243254044098,0.0243254044
4232,30,0.000260629332963,0.0260629333
4233,26,0.000225878755234,0.0225878755
4234,24,0.00020850346637,0.0208503466
4235,28,0.000243254044098,0.0243254044
4236,41,0.000356193421716,0.0356193422
4237,26,0.000225878755234,0.0225878755
4238,37,0.000321442843987,0.0321442844
4239,40,0.000347505777284,0.0347505777
4240,28,0.000243254044098,0.0243254044
4241,34,0.000295379910691,0.0295379911
4242,34,0.000295379910691,0.0295379911
4243,31,0.000269316977395,0.0269316977
4244,43,0.00037356871058,0.0373568711
4245,29,0.000251941688531,0.0251941689
4246,35,0.000304067555123,0.0304067555
4247,30,0.000260629332963,0.0260629333
4248,29,0.000251941688531,0.0251941689
4249,23,0.000199815821938,0.0199815822
4250,34,0.000295379910691,0.0295379911
4251,25,0.000217191110802,0.0217191111
4252,18,0.000156377599778,0.01563776
4253,23,0.000199815821938,0.0199815822
4254,31,0.000269316977395,0.0269316977
4255,18,0.000156377599778,0.01563776
4256,24,0.00020850346637,0.0208503466
4257,25,0.000217191110802,0.0217191111
4258,11,9.5564088753e-05,0.00955640888
4259,14,0.000121627022049,0.0121627022
4260,11,9.5564088753e-05,0.00955640888
4261,18,0.000156377599778,0.01563776
4262,13,0.000112939377617,0.0112939378
4263,7,6.08135110246e-05,0.0060813511
4264,10,8.68764443209e-05,0.00868764443
4265,13,0.000112939377617,0.0112939378
4266,19,0.00016506524421,0.0165065244
4267,11,9.5564088753e-05,0.00955640888
4268,10,8.68764443209e-05,0.00868764443
4269,9,7.81887998888e-05,0.00781887999
4270,10,8.68764443209e-05,0.00868764443
4271,10,8.68764443209e-05,0.00868764443
4272,10,8.68764443209e-05,0.00868764443
4273,9,7.81887998888e-05,0.00781887999
4274,12,0.000104251733185,0.0104251733
4275,10,8.68764443209e-05,0.00868764443
4276,10,8.68764443209e-05,0.00868764443
4277,4,3.47505777284e-05,0.00347505777
4278,6,5.21258665925e-05,0.00521258666
4279,9,7.81887998888e-05,0.00781887999
4280,7,6.08135110246e-05,0.0060813511
4281,2,1.73752888642e-05,0.00173752889
4282,4,3.47505777284e-05,0.00347505777
4283,4,3.47505777284e-05,0.00347505777
4284,3,2.60629332963e-05,0.00260629333
4285,5,4.34382221604e-05,0.00434382222
4286,4,3.47505777284e-05,0.00347505777
4287,4,3.47505777284e-05,0.00347505777
4288,8,6.95011554567e-05,0.00695011555
4289,2,1.73752888642e-05,0.00173752889
4290,2,1.73752888642e-05,0.00173752889
4291,3,2.60629332963e-05,0.00260629333
4292,4,3.47505777284e-05,0.00347505777
4293,1,8.68764443209e-06,0.000868764443
4294,7,6.08135110246e-05,0.0060813511
4295,2,1.73752888642e-05,0.00173752889
4296,2,1.73752888642e-05,0.00173752889
4297,4,3.47505777284e-05,0.00347505777
4298,5,4.34382221604e-05,0.00434382222
4299,6,5.21258665925e-05,0.00521258666
4300,5,4.34382221604e-05,0.00434382222
4301,5,4.34382221604e-05,0.00434382222
4302,3,2.60629332963e-05,0.00260629333
4303,3,2.60629332963e-05,0.00260629333
4304,3,2.60629332963e-05,0.00260629333
4305,4,3.47505777284e-05,0.00347505777
4306,5,4.34382221604e-05,0.00434382222
4308,2,1.73752888642e-05,0.00173752889
4309,4,3.47505777284e-05,0.00347505777
4310,3,2.60629332963e-05,0.00260629333
4311,3,2.60629332963e-05,0.00260629333
4312,1,8.68764443209e-06,0.000868764443
4313,3,2.60629332963e-05,0.00260629333
4314,3,2.60629332963e-05,0.00260629333
4315,2,1.73752888642e-05,0.00173752889
4316,3,2.60629332963e-05,0.00260629333
4317,3,2.60629332963e-05,0.00260629333
4318,2,1.73752888642e-05,0.00173752889
4319,1,8.68764443209e-06,0.000868764443
4320,4,3.47505777284e-05,0.00347505777
4321,5,4.34382221604e-05,0.00434382222
4322,5,4.34382221604e-05,0.00434382222
4323,6,5.21258665925e-05,0.00521258666
4324,2,1.73752888642e-05,0.00173752889
4325,4,3.47505777284e-05,0.00347505777
4326,1,8.68764443209e-06,0.000868764443
4327,2,1.73752888642e-05,0.00173752889
4328,3,2.60629332963e-05,0.00260629333
4329,1,8.68764443209e-06,0.000868764443
4331,3,2.60629332963e-05,0.00260629333
4332,1,8.68764443209e-06,0.000868764443
4333,2,1.73752888642e-05,0.00173752889
4334,1,8.68764443209e-06,0.000868764443
4335,1,8.68764443209e-06,0.000868764443
4336,2,1.73752888642e-05,0.00173752889
4337,2,1.73752888642e-05,0.00173752889
4338,1,8.68764443209e-06,0.000868764443
4339,4,3.47505777284e-05,0.00347505777
4340,2,1.73752888642e-05,0.00173752889
4341,1,8.68764443209e-06,0.000868764443
4342,2,1.73752888642e-05,0.00173752889
4343,2,1.73752888642e-05,0.00173752889
4344,4,3.47505777284e-05,0.00347505777
4345,8,6.95011554567e-05,0.00695011555
4346,3,2.60629332963e-05,0.00260629333
4347,2,1.73752888642e-05,0.00173752889
4348,4,3.47505777284e-05,0.00347505777
4349,1,8.68764443209e-06,0.000868764443
4350,1,8.68764443209e-06,0.000868764443
4351,2,1.73752888642e-05,0.00173752889
4353,2,1.73752888642e-05,0.00173752889
4354,1,8.68764443209e-06,0.000868764443
4355,6,5.21258665925e-05,0.00521258666
4356,3,2.60629332963e-05,0.00260629333
4357,4,3.47505777284e-05,0.00347505777
4358,1,8.68764443209e-06,0.000868764443
4360,1,8.68764443209e-06,0.000868764443
4363,1,8.68764443209e-06,0.000868764443
4364,1,8.68764443209e-06,0.000868764443
4365,2,1.73752888642e-05,0.00173752889
4367,1,8.68764443209e-06,0.000868764443
4369,1,8.68764443209e-06,0.000868764443
4370,1,8.68764443209e-06,0.000868764443
4371,1,8.68764443209e-06,0.000868764443
4372,2,1.73752888642e-05,0.00173752889
4373,2,1.73752888642e-05,0.00173752889
4375,1,8.68764443209e-06,0.000868764443
4380,2,1.73752888642e-05,0.00173752889
4383,1,8.68764443209e-06,0.000868764443
4384,1,8.68764443209e-06,0.000868764443
4407,1,8.68764443209e-06,0.000868764443
4412,1,8.68764443209e-06,0.000868764443
4419,1,8.68764443209e-06,0.000868764443
4420,1,8.68764443209e-06,0.000868764443
4421,1,8.68764443209e-06,0.000868764443
4422,1,8.68764443209e-06,0.000868764443
4424,1,8.68764443209e-06,0.000868764443
4425,2,1.73752888642e-05,0.00173752889
4429,1,8.68764443209e-06,0.000868764443
4431,1,8.68764443209e-06,0.000868764443
4435,1,8.68764443209e-06,0.000868764443
4438,1,8.68764443209e-06,0.000868764443
4443,1,8.68764443209e-06,0.000868764443
4478,2,1.73752888642e-05,0.00173752889
4479,1,8.68764443209e-06,0.000868764443
4483,1,8.68764443209e-06,0.000868764443
4486,1,8.68764443209e-06,0.000868764443
4490,1,8.68764443209e-06,0.000868764443
4493,1,8.68764443209e-06,0.000868764443
4494,2,1.73752888642e-05,0.00173752889
4495,1,8.68764443209e-06,0.000868764443
4498,1,8.68764443209e-06,0.000868764443
4500,1,8.68764443209e-06,0.000868764443
4502,1,8.68764443209e-06,0.000868764443
4548,1,8.68764443209e-06,0.000868764443
4571,1,8.68764443209e-06,0.000868764443
4590,1,8.68764443209e-06,0.000868764443
4593,1,8.68764443209e-06,0.000868764443
4598,1,8.68764443209e-06,0.000868764443
4600,1,8.68764443209e-06,0.000868764443
4611,1,8.68764443209e-06,0.000868764443
4630,2,1.73752888642e-05,0.00173752889
4635,1,8.68764443209e-06,0.000868764443
4636,1,8.68764443209e-06,0.000868764443
4653,1,8.68764443209e-06,0.000868764443
4658,1,8.68764443209e-06,0.000868764443
4738,1,8.68764443209e-06,0.000868764443
4851,1,8.68764443209e-06,0.000868764443
4871,1,8.68764443209e-06,0.000868764443
4872,1,8.68764443209e-06,0.000868764443
4873,1,8.68764443209e-06,0.000868764443
4876,1,8.68764443209e-06,0.000868764443
4882,1,8.68764443209e-06,0.000868764443
4883,1,8.68764443209e-06,0.000868764443
4885,1,8.68764443209e-06,0.000868764443
4887,1,8.68764443209e-06,0.000868764443
4890,1,8.68764443209e-06,0.000868764443
4902,1,8.68764443209e-06,0.000868764443
4911,1,8.68764443209e-06,0.000868764443
5347,1,8.68764443209e-06,0.000868764443
5348,1,8.68764443209e-06,0.000868764443
5350,1,8.68764443209e-06,0.000868764443
5351,1,8.68764443209e-06,0.000868764443
5352,1,8.68764443209e-06,0.000868764443
5355,3,2.60629332963e-05,0.00260629333
5356,1,8.68764443209e-06,0.000868764443
5357,1,8.68764443209e-06,0.000868764443
5362,1,8.68764443209e-06,0.000868764443
5365,1,8.68764443209e-06,0.000868764443
