batch_size_frames,count,frequency,frequency_percent
228,2,2.17244900176e-05,0.002172449
229,18,0.000195520410158,0.019552041
230,27,0.000293280615238,0.0293280615
231,43,0.000467076535378,0.0467076535
232,45,0.000488801025396,0.0488801025
233,52,0.000564836740458,0.056483674
234,47,0.000510525515414,0.0510525515
235,19,0.000206382655167,0.0206382655
236,26,0.000282418370229,0.028241837
237,23,0.000249831635202,0.0249831635
238,33,0.00035845408529,0.0358454085
239,48,0.000521387760422,0.052138776
240,47,0.000510525515414,0.0510525515
241,55,0.000597423475484,0.0597423475
242,53,0.000575698985466,0.0575698985
243,44,0.000477938780387,0.047793878
244,56,0.000608285720493,0.060828572
245,57,0.000619147965502,0.0619147966
246,51,0.000553974495449,0.0553974495
247,65,0.000706045925572,0.0706045926
248,62,0.000673459190546,0.0673459191
249,58,0.00063001021051,0.0630010211
250,71,0.000771219395625,0.0771219396
251,63,0.000684321435554,0.0684321436
252,88,0.000955877560774,0.0955877561
253,101,0.00109708674589,0.109708675
254,125,0.0013577806261,0.135778063
255,144,0.00156416328127,0.156416328
256,361,0.00392127044818,0.392127045
257,100,0.00108622450088,0.10862245
258,169,0.00183571940649,0.183571941
259,160,0.00173795920141,0.17379592
260,50,0.00054311225044,0.054311225
261,25,0.00027155612522,0.0271556125
262,23,0.000249831635202,0.0249831635
263,40,0.000434489800352,0.04344898
264,63,0.000684321435554,0.0684321436
265,68,0.000738632660598,0.0738632661
266,110,0.00119484695097,0.119484695
267,109,0.00118398470596,0.118398471
268,93,0.00101018878582,0.101018879
269,90,0.000977602050792,0.0977602051
270,77,0.000836392865677,0.0836392866
271,73,0.000792943885642,0.0792943886
272,107,0.00116226021594,0.116226022
273,137,0.00148812756621,0.148812757
274,167,0.00181399491647,0.181399492
275,200,0.00217244900176,0.2172449
276,257,0.00279159696726,0.279159697
277,347,0.00376919901805,0.376919902
278,337,0.00366057656797,0.366057657
279,431,0.00468162759879,0.46816276
280,378,0.00410592861333,0.410592861
281,339,0.00368230105798,0.368230106
282,286,0.00310660207252,0.310660207
283,280,0.00304142860246,0.30414286
284,1432,0.0155547348526,1.55547349
285,467,0.00507266841911,0.507266842
286,329,0.00357367860789,0.357367861
287,434,0.00471421433382,0.471421433
288,438,0.00475766331385,0.475766331
289,424,0.00460559188373,0.460559188
290,454,0.00493145923399,0.493145923
291,609,0.00661510721036,0.661510721
292,677,0.00735373987096,0.735373987
293,763,0.00828789294171,0.828789294
294,1008,0.0109491429689,1.0949143
295,1213,0.0131759031957,1.31759032
296,1461,0.0158697399579,1.586974
297,1756,0.0190741022355,1.90741022
298,1778,0.0193130716256,1.93130716
299,1835,0.0199322195911,1.99322196
300,1778,0.0193130716256,1.93130716
301,1695,0.0184115052899,1.84115053
302,1476,0.016032673633,1.60326736
303,1322,0.0143598879016,1.43598879
304,963,0.0104603419435,1.04603419
305,842,0.00914601029741,0.91460103
306,730,0.00792943885642,0.792943886
307,645,0.00700614803067,0.700614803
308,667,0.00724511742087,0.724511742
309,716,0.0077773674263,0.777736743
310,700,0.00760357150616,0.760357151
311,691,0.00750581130108,0.75058113
312,586,0.00636527557516,0.636527558
313,510,0.00553974495449,0.553974495
314,441,0.00479025004888,0.479025005
315,475,0.00515956637918,0.515956638
316,509,0.00552888270948,0.552888271
317,417,0.00452955616867,0.452955617
318,337,0.00366057656797,0.366057657
319,267,0.00290021941735,0.290021942
320,257,0.00279159696726,0.279159697
321,213,0.00231365818687,0.231365819
322,176,0.00191175512155,0.191175512
323,145,0.00157502552628,0.157502553
324,119,0.00129260715605,0.129260716
325,109,0.00118398470596,0.118398471
326,147,0.00159675001629,0.159675002
327,169,0.00183571940649,0.183571941
328,210,0.00228107145185,0.228107145
329,251,0.00272642349721,0.27264235
330,333,0.00361712758793,0.361712759
331,396,0.00430144902348,0.430144902
332,413,0.00448610718863,0.448610719
333,402,0.00436662249354,0.436662249
334,338,0.00367143881297,0.367143881
335,263,0.00285677043731,0.285677044
336,261,0.0028350459473,0.283504595
337,349,0.00379092350807,0.379092351
338,541,0.00587647454976,0.587647455
339,797,0.00865720927201,0.865720927
340,974,0.0105798266386,1.05798266
341,1524,0.0165540613934,1.65540614
342,72,0.000782081640633,0.0782081641
343,74,0.000803806130651,0.0803806131
344,55,0.000597423475484,0.0597423475
345,12,0.000130346940106,0.013034694
346,1,1.08622450088e-05,0.0010862245
348,1,1.08622450088e-05,0.0010862245
349,1,1.08622450088e-05,0.0010862245
360,1,1.08622450088e-05,0.0010862245
361,1,1.08622450088e-05,0.0010862245
365,1,1.08622450088e-05,0.0010862245
370,1,1.08622450088e-05,0.0010862245
372,1,1.08622450088e-05,0.0010862245
373,1,1.08622450088e-05,0.0010862245
380,1,1.08622450088e-05,0.0010862245
398,1,1.08622450088e-05,0.0010862245
401,1,1.08622450088e-05,0.0010862245
403,1,1.08622450088e-05,0.0010862245
409,1,1.08622450088e-05,0.0010862245
412,1,1.08622450088e-05,0.0010862245
416,1,1.08622450088e-05,0.0010862245
421,1,1.08622450088e-05,0.0010862245
440,1,1.08622450088e-05,0.0010862245
441,1,1.08622450088e-05,0.0010862245
450,1,1.08622450088e-05,0.0010862245
466,1,1.08622450088e-05,0.0010862245
471,1,1.08622450088e-05,0.0010862245
474,1,1.08622450088e-05,0.0010862245
477,3,3.25867350264e-05,0.0032586735
480,1,1.08622450088e-05,0.0010862245
488,1,1.08622450088e-05,0.0010862245
492,1,1.08622450088e-05,0.0010862245
496,2,2.17244900176e-05,0.002172449
505,1,1.08622450088e-05,0.0010862245
508,1,1.08622450088e-05,0.0010862245
514,1,1.08622450088e-05,0.0010862245
515,2,2.17244900176e-05,0.002172449
519,1,1.08622450088e-05,0.0010862245
527,1,1.08622450088e-05,0.0010862245
528,1,1.08622450088e-05,0.0010862245
553,1,1.08622450088e-05,0.0010862245
557,1,1.08622450088e-05,0.0010862245
559,1,1.08622450088e-05,0.0010862245
568,1,1.08622450088e-05,0.0010862245
571,1,1.08622450088e-05,0.0010862245
572,1,1.08622450088e-05,0.0010862245
578,2,2.17244900176e-05,0.002172449
579,1,1.08622450088e-05,0.0010862245
580,1,1.08622450088e-05,0.0010862245
584,2,2.17244900176e-05,0.002172449
585,1,1.08622450088e-05,0.0010862245
588,1,1.08622450088e-05,0.0010862245
589,3,3.25867350264e-05,0.0032586735
590,1,1.08622450088e-05,0.0010862245
592,2,2.17244900176e-05,0.002172449
593,2,2.17244900176e-05,0.002172449
595,1,1.08622450088e-05,0.0010862245
596,2,2.17244900176e-05,0.002172449
598,4,4.34489800352e-05,0.004344898
599,2,2.17244900176e-05,0.002172449
600,4,4.34489800352e-05,0.004344898
602,1,1.08622450088e-05,0.0010862245
603,1,1.08622450088e-05,0.0010862245
604,3,3.25867350264e-05,0.0032586735
605,5,5.4311225044e-05,0.0054311225
606,2,2.17244900176e-05,0.002172449
607,1,1.08622450088e-05,0.0010862245
608,2,2.17244900176e-05,0.002172449
610,3,3.25867350264e-05,0.0032586735
611,2,2.17244900176e-05,0.002172449
612,3,3.25867350264e-05,0.0032586735
613,3,3.25867350264e-05,0.0032586735
614,2,2.17244900176e-05,0.002172449
615,1,1.08622450088e-05,0.0010862245
616,2,2.17244900176e-05,0.002172449
617,2,2.17244900176e-05,0.002172449
618,2,2.17244900176e-05,0.002172449
619,5,5.4311225044e-05,0.0054311225
620,6,6.51734700528e-05,0.00651734701
621,4,4.34489800352e-05,0.004344898
622,4,4.34489800352e-05,0.004344898
623,5,5.4311225044e-05,0.0054311225
624,4,4.34489800352e-05,0.004344898
625,2,2.17244900176e-05,0.002172449
626,4,4.34489800352e-05,0.004344898
627,3,3.25867350264e-05,0.0032586735
628,5,5.4311225044e-05,0.0054311225
629,9,9.77602050792e-05,0.00977602051
630,5,5.4311225044e-05,0.0054311225
631,6,6.51734700528e-05,0.00651734701
632,4,4.34489800352e-05,0.004344898
633,2,2.17244900176e-05,0.002172449
634,5,5.4311225044e-05,0.0054311225
635,5,5.4311225044e-05,0.0054311225
636,6,6.51734700528e-05,0.00651734701
637,4,4.34489800352e-05,0.004344898
638,4,4.34489800352e-05,0.004344898
639,3,3.25867350264e-05,0.0032586735
640,2,2.17244900176e-05,0.002172449
641,5,5.4311225044e-05,0.0054311225
642,5,5.4311225044e-05,0.0054311225
643,5,5.4311225044e-05,0.0054311225
644,4,4.34489800352e-05,0.004344898
645,4,4.34489800352e-05,0.004344898
646,3,3.25867350264e-05,0.0032586735
647,3,3.25867350264e-05,0.0032586735
648,3,3.25867350264e-05,0.0032586735
649,8,8.68979600704e-05,0.00868979601
650,3,3.25867350264e-05,0.0032586735
651,9,9.77602050792e-05,0.00977602051
652,3,3.25867350264e-05,0.0032586735
653,2,2.17244900176e-05,0.002172449
654,4,4.34489800352e-05,0.004344898
655,7,7.60357150616e-05,0.00760357151
656,2,2.17244900176e-05,0.002172449
657,5,5.4311225044e-05,0.0054311225
658,4,4.34489800352e-05,0.004344898
659,3,3.25867350264e-05,0.0032586735
660,5,5.4311225044e-05,0.0054311225
662,3,3.25867350264e-05,0.0032586735
663,4,4.34489800352e-05,0.004344898
664,8,8.68979600704e-05,0.00868979601
665,4,4.34489800352e-05,0.004344898
666,7,7.60357150616e-05,0.00760357151
667,11,0.000119484695097,0.0119484695
669,7,7.60357150616e-05,0.00760357151
670,4,4.34489800352e-05,0.004344898
671,3,3.25867350264e-05,0.0032586735
672,4,4.34489800352e-05,0.004344898
673,13,0.000141209185114,0.0141209185
674,6,6.51734700528e-05,0.00651734701
675,7,7.60357150616e-05,0.00760357151
676,8,8.68979600704e-05,0.00868979601
677,5,5.4311225044e-05,0.0054311225
678,4,4.34489800352e-05,0.004344898
679,5,5.4311225044e-05,0.0054311225
680,3,3.25867350264e-05,0.0032586735
681,9,9.77602050792e-05,0.00977602051
682,10,0.000108622450088,0.010862245
683,9,9.77602050792e-05,0.00977602051
684,6,6.51734700528e-05,0.00651734701
685,12,0.000130346940106,0.013034694
686,15,0.000162933675132,0.0162933675
687,11,0.000119484695097,0.0119484695
688,22,0.000238969390194,0.023896939
689,15,0.000162933675132,0.0162933675
690,12,0.000130346940106,0.013034694
691,19,0.000206382655167,0.0206382655
692,18,0.000195520410158,0.019552041
693,16,0.000173795920141,0.017379592
694,15,0.000162933675132,0.0162933675
695,23,0.000249831635202,0.0249831635
696,16,0.000173795920141,0.017379592
697,11,0.000119484695097,0.0119484695
698,7,7.60357150616e-05,0.00760357151
699,9,9.77602050792e-05,0.00977602051
700,8,8.68979600704e-05,0.00868979601
701,8,8.68979600704e-05,0.00868979601
702,11,0.000119484695097,0.0119484695
703,9,9.77602050792e-05,0.00977602051
704,13,0.000141209185114,0.0141209185
705,12,0.000130346940106,0.013034694
706,13,0.000141209185114,0.0141209185
707,10,0.000108622450088,0.010862245
708,3,3.25867350264e-05,0.0032586735
709,9,9.77602050792e-05,0.00977602051
710,9,9.77602050792e-05,0.00977602051
711,8,8.68979600704e-05,0.00868979601
712,9,9.77602050792e-05,0.00977602051
713,5,5.4311225044e-05,0.0054311225
714,9,9.77602050792e-05,0.00977602051
715,3,3.25867350264e-05,0.0032586735
716,10,0.000108622450088,0.010862245
717,10,0.000108622450088,0.010862245
718,8,8.68979600704e-05,0.00868979601
719,16,0.000173795920141,0.017379592
720,13,0.000141209185114,0.0141209185
721,6,6.51734700528e-05,0.00651734701
722,9,9.77602050792e-05,0.00977602051
723,12,0.000130346940106,0.013034694
724,10,0.000108622450088,0.010862245
725,7,7.60357150616e-05,0.00760357151
726,8,8.68979600704e-05,0.00868979601
727,6,6.51734700528e-05,0.00651734701
728,7,7.60357150616e-05,0.00760357151
729,10,0.000108622450088,0.010862245
730,6,6.51734700528e-05,0.00651734701
731,6,6.51734700528e-05,0.00651734701
732,3,3.25867350264e-05,0.0032586735
733,7,7.60357150616e-05,0.00760357151
734,6,6.51734700528e-05,0.00651734701
735,3,3.25867350264e-05,0.0032586735
736,4,4.34489800352e-05,0.004344898
737,3,3.25867350264e-05,0.0032586735
738,3,3.25867350264e-05,0.0032586735
739,4,4.34489800352e-05,0.004344898
740,7,7.60357150616e-05,0.00760357151
741,3,3.25867350264e-05,0.0032586735
742,5,5.4311225044e-05,0.0054311225
743,2,2.17244900176e-05,0.002172449
744,5,5.4311225044e-05,0.0054311225
745,4,4.34489800352e-05,0.004344898
746,8,8.68979600704e-05,0.00868979601
747,8,8.68979600704e-05,0.00868979601
748,5,5.4311225044e-05,0.0054311225
750,2,2.17244900176e-05,0.002172449
751,5,5.4311225044e-05,0.0054311225
752,3,3.25867350264e-05,0.0032586735
753,2,2.17244900176e-05,0.002172449
754,2,2.17244900176e-05,0.002172449
755,2,2.17244900176e-05,0.002172449
756,1,1.08622450088e-05,0.0010862245
757,1,1.08622450088e-05,0.0010862245
758,1,1.08622450088e-05,0.0010862245
759,1,1.08622450088e-05,0.0010862245
760,1,1.08622450088e-05,0.0010862245
761,2,2.17244900176e-05,0.002172449
762,2,2.17244900176e-05,0.002172449
763,2,2.17244900176e-05,0.002172449
764,4,4.34489800352e-05,0.004344898
766,1,1.08622450088e-05,0.0010862245
767,2,2.17244900176e-05,0.002172449
768,1,1.08622450088e-05,0.0010862245
769,2,2.17244900176e-05,0.002172449
771,1,1.08622450088e-05,0.0010862245
772,1,1.08622450088e-05,0.0010862245
774,2,2.17244900176e-05,0.002172449
776,2,2.17244900176e-05,0.002172449
777,3,3.25867350264e-05,0.0032586735
778,6,6.51734700528e-05,0.00651734701
779,4,4.34489800352e-05,0.004344898
780,1,1.08622450088e-05,0.0010862245
781,1,1.08622450088e-05,0.0010862245
782,4,4.34489800352e-05,0.004344898
783,2,2.17244900176e-05,0.002172449
784,1,1.08622450088e-05,0.0010862245
785,3,3.25867350264e-05,0.0032586735
786,3,3.25867350264e-05,0.0032586735
787,1,1.08622450088e-05,0.0010862245
788,2,2.17244900176e-05,0.002172449
789,5,5.4311225044e-05,0.0054311225
790,3,3.25867350264e-05,0.0032586735
791,4,4.34489800352e-05,0.004344898
792,6,6.51734700528e-05,0.00651734701
793,4,4.34489800352e-05,0.004344898
794,6,6.51734700528e-05,0.00651734701
795,3,3.25867350264e-05,0.0032586735
796,5,5.4311225044e-05,0.0054311225
797,5,5.4311225044e-05,0.0054311225
798,8,8.68979600704e-05,0.00868979601
799,6,6.51734700528e-05,0.00651734701
800,3,3.25867350264e-05,0.0032586735
801,6,6.51734700528e-05,0.00651734701
802,8,8.68979600704e-05,0.00868979601
803,4,4.34489800352e-05,0.004344898
804,4,4.34489800352e-05,0.004344898
805,8,8.68979600704e-05,0.00868979601
806,2,2.17244900176e-05,0.002172449
807,8,8.68979600704e-05,0.00868979601
808,7,7.60357150616e-05,0.00760357151
809,6,6.51734700528e-05,0.00651734701
810,7,7.60357150616e-05,0.00760357151
811,10,0.000108622450088,0.010862245
812,3,3.25867350264e-05,0.0032586735
813,5,5.4311225044e-05,0.0054311225
814,8,8.68979600704e-05,0.00868979601
815,4,4.34489800352e-05,0.004344898
816,4,4.34489800352e-05,0.004344898
817,6,6.51734700528e-05,0.00651734701
818,5,5.4311225044e-05,0.0054311225
819,7,7.60357150616e-05,0.00760357151
820,3,3.25867350264e-05,0.0032586735
821,11,0.000119484695097,0.0119484695
822,5,5.4311225044e-05,0.0054311225
823,10,0.000108622450088,0.010862245
824,8,8.68979600704e-05,0.00868979601
825,5,5.4311225044e-05,0.0054311225
826,4,4.34489800352e-05,0.004344898
827,3,3.25867350264e-05,0.0032586735
828,6,6.51734700528e-05,0.00651734701
829,5,5.4311225044e-05,0.0054311225
830,4,4.34489800352e-05,0.004344898
831,6,6.51734700528e-05,0.00651734701
832,8,8.68979600704e-05,0.00868979601
833,6,6.51734700528e-05,0.00651734701
834,6,6.51734700528e-05,0.00651734701
835,10,0.000108622450088,0.010862245
836,4,4.34489800352e-05,0.004344898
837,7,7.60357150616e-05,0.00760357151
838,13,0.000141209185114,0.0141209185
839,14,0.000152071430123,0.015207143
840,8,8.68979600704e-05,0.00868979601
841,10,0.000108622450088,0.010862245
842,11,0.000119484695097,0.0119484695
843,12,0.000130346940106,0.013034694
844,9,9.77602050792e-05,0.00977602051
845,12,0.000130346940106,0.013034694
846,11,0.000119484695097,0.0119484695
847,11,0.000119484695097,0.0119484695
848,6,6.51734700528e-05,0.00651734701
849,2,2.17244900176e-05,0.002172449
850,5,5.4311225044e-05,0.0054311225
851,4,4.34489800352e-05,0.004344898
852,2,2.17244900176e-05,0.002172449
853,6,6.51734700528e-05,0.00651734701
854,3,3.25867350264e-05,0.0032586735
855,7,7.60357150616e-05,0.00760357151
856,9,9.77602050792e-05,0.00977602051
857,2,2.17244900176e-05,0.002172449
858,9,9.77602050792e-05,0.00977602051
859,5,5.4311225044e-05,0.0054311225
860,3,3.25867350264e-05,0.0032586735
861,3,3.25867350264e-05,0.0032586735
862,5,5.4311225044e-05,0.0054311225
863,5,5.4311225044e-05,0.0054311225
864,1,1.08622450088e-05,0.0010862245
865,11,0.000119484695097,0.0119484695
866,5,5.4311225044e-05,0.0054311225
867,7,7.60357150616e-05,0.00760357151
868,6,6.51734700528e-05,0.00651734701
869,6,6.51734700528e-05,0.00651734701
870,6,6.51734700528e-05,0.00651734701
871,3,3.25867350264e-05,0.0032586735
872,5,5.4311225044e-05,0.0054311225
873,5,5.4311225044e-05,0.0054311225
874,2,2.17244900176e-05,0.002172449
875,4,4.34489800352e-05,0.004344898
876,2,2.17244900176e-05,0.002172449
877,10,0.000108622450088,0.010862245
878,3,3.25867350264e-05,0.0032586735
879,4,4.34489800352e-05,0.004344898
880,6,6.51734700528e-05,0.00651734701
881,4,4.34489800352e-05,0.004344898
882,3,3.25867350264e-05,0.0032586735
883,6,6.51734700528e-05,0.00651734701
884,9,9.77602050792e-05,0.00977602051
885,3,3.25867350264e-05,0.0032586735
886,4,4.34489800352e-05,0.004344898
887,2,2.17244900176e-05,0.002172449
888,1,1.08622450088e-05,0.0010862245
889,7,7.60357150616e-05,0.00760357151
890,10,0.000108622450088,0.010862245
891,5,5.4311225044e-05,0.0054311225
892,3,3.25867350264e-05,0.0032586735
893,5,5.4311225044e-05,0.0054311225
894,2,2.17244900176e-05,0.002172449
895,4,4.34489800352e-05,0.004344898
896,10,0.000108622450088,0.010862245
897,8,8.68979600704e-05,0.00868979601
898,5,5.4311225044e-05,0.0054311225
899,7,7.60357150616e-05,0.00760357151
900,3,3.25867350264e-05,0.0032586735
901,5,5.4311225044e-05,0.0054311225
902,6,6.51734700528e-05,0.00651734701
903,5,5.4311225044e-05,0.0054311225
904,3,3.25867350264e-05,0.0032586735
905,8,8.68979600704e-05,0.00868979601
906,5,5.4311225044e-05,0.0054311225
907,7,7.60357150616e-05,0.00760357151
908,4,4.34489800352e-05,0.004344898
909,3,3.25867350264e-05,0.0032586735
910,5,5.4311225044e-05,0.0054311225
911,3,3.25867350264e-05,0.0032586735
912,6,6.51734700528e-05,0.00651734701
913,5,5.4311225044e-05,0.0054311225
914,7,7.60357150616e-05,0.00760357151
915,5,5.4311225044e-05,0.0054311225
916,4,4.34489800352e-05,0.004344898
917,8,8.68979600704e-05,0.00868979601
918,4,4.34489800352e-05,0.004344898
919,4,4.34489800352e-05,0.004344898
920,4,4.34489800352e-05,0.004344898
921,7,7.60357150616e-05,0.00760357151
922,9,9.77602050792e-05,0.00977602051
923,4,4.34489800352e-05,0.004344898
924,7,7.60357150616e-05,0.00760357151
925,2,2.17244900176e-05,0.002172449
926,7,7.60357150616e-05,0.00760357151
927,4,4.34489800352e-05,0.004344898
928,6,6.51734700528e-05,0.00651734701
929,7,7.60357150616e-05,0.00760357151
930,5,5.4311225044e-05,0.0054311225
931,1,1.08622450088e-05,0.0010862245
932,6,6.51734700528e-05,0.00651734701
933,6,6.51734700528e-05,0.00651734701
934,2,2.17244900176e-05,0.002172449
935,6,6.51734700528e-05,0.00651734701
936,3,3.25867350264e-05,0.0032586735
937,2,2.17244900176e-05,0.002172449
938,5,5.4311225044e-05,0.0054311225
939,2,2.17244900176e-05,0.002172449
940,4,4.34489800352e-05,0.004344898
941,5,5.4311225044e-05,0.0054311225
942,3,3.25867350264e-05,0.0032586735
943,6,6.51734700528e-05,0.00651734701
944,3,3.25867350264e-05,0.0032586735
945,3,3.25867350264e-05,0.0032586735
946,4,4.34489800352e-05,0.004344898
947,1,1.08622450088e-05,0.0010862245
948,1,1.08622450088e-05,0.0010862245
949,2,2.17244900176e-05,0.002172449
950,4,4.34489800352e-05,0.004344898
951,7,7.60357150616e-05,0.00760357151
952,2,2.17244900176e-05,0.002172449
953,6,6.51734700528e-05,0.00651734701
954,2,2.17244900176e-05,0.002172449
955,2,2.17244900176e-05,0.002172449
956,1,1.08622450088e-05,0.0010862245
957,1,1.08622450088e-05,0.0010862245
958,6,6.51734700528e-05,0.00651734701
959,6,6.51734700528e-05,0.00651734701
960,3,3.25867350264e-05,0.0032586735
961,4,4.34489800352e-05,0.004344898
962,4,4.34489800352e-05,0.004344898
963,5,5.4311225044e-05,0.0054311225
964,3,3.25867350264e-05,0.0032586735
965,5,5.4311225044e-05,0.0054311225
966,2,2.17244900176e-05,0.002172449
967,5,5.4311225044e-05,0.0054311225
968,2,2.17244900176e-05,0.002172449
969,2,2.17244900176e-05,0.002172449
970,3,3.25867350264e-05,0.0032586735
971,5,5.4311225044e-05,0.0054311225
972,5,5.4311225044e-05,0.0054311225
973,4,4.34489800352e-05,0.004344898
974,4,4.34489800352e-05,0.004344898
975,6,6.51734700528e-05,0.00651734701
976,1,1.08622450088e-05,0.0010862245
977,6,6.51734700528e-05,0.00651734701
978,6,6.51734700528e-05,0.00651734701
979,10,0.000108622450088,0.010862245
980,8,8.68979600704e-05,0.00868979601
982,5,5.4311225044e-05,0.0054311225
983,7,7.60357150616e-05,0.00760357151
984,4,4.34489800352e-05,0.004344898
985,6,6.51734700528e-05,0.00651734701
986,3,3.25867350264e-05,0.0032586735
987,5,5.4311225044e-05,0.0054311225
988,5,5.4311225044e-05,0.0054311225
989,3,3.25867350264e-05,0.0032586735
990,10,0.000108622450088,0.010862245
991,3,3.25867350264e-05,0.0032586735
992,7,7.60357150616e-05,0.00760357151
993,6,6.51734700528e-05,0.00651734701
994,11,0.000119484695097,0.0119484695
995,3,3.25867350264e-05,0.0032586735
996,3,3.25867350264e-05,0.0032586735
997,6,6.51734700528e-05,0.00651734701
998,8,8.68979600704e-05,0.00868979601
999,2,2.17244900176e-05,0.002172449
1000,9,9.77602050792e-05,0.00977602051
1001,5,5.4311225044e-05,0.0054311225
1002,5,5.4311225044e-05,0.0054311225
1003,5,5.4311225044e-05,0.0054311225
1004,12,0.000130346940106,0.013034694
1005,2,2.17244900176e-05,0.002172449
1006,4,4.34489800352e-05,0.004344898
1007,11,0.000119484695097,0.0119484695
1008,15,0.000162933675132,0.0162933675
1009,11,0.000119484695097,0.0119484695
1010,8,8.68979600704e-05,0.00868979601
1011,9,9.77602050792e-05,0.00977602051
1012,7,7.60357150616e-05,0.00760357151
1013,11,0.000119484695097,0.0119484695
1014,12,0.000130346940106,0.013034694
1015,7,7.60357150616e-05,0.00760357151
1016,14,0.000152071430123,0.015207143
1017,7,7.60357150616e-05,0.00760357151
1018,6,6.51734700528e-05,0.00651734701
1019,14,0.000152071430123,0.015207143
1020,6,6.51734700528e-05,0.00651734701
1021,6,6.51734700528e-05,0.00651734701
1022,6,6.51734700528e-05,0.00651734701
1023,2,2.17244900176e-05,0.002172449
1024,6,6.51734700528e-05,0.00651734701
1025,13,0.000141209185114,0.0141209185
1026,1,1.08622450088e-05,0.0010862245
1027,5,5.4311225044e-05,0.0054311225
1028,5,5.4311225044e-05,0.0054311225
1029,4,4.34489800352e-05,0.004344898
1030,5,5.4311225044e-05,0.0054311225
1031,4,4.34489800352e-05,0.004344898
1032,5,5.4311225044e-05,0.0054311225
1033,6,6.51734700528e-05,0.00651734701
1034,8,8.68979600704e-05,0.00868979601
1035,4,4.34489800352e-05,0.004344898
1036,5,5.4311225044e-05,0.0054311225
1037,8,8.68979600704e-05,0.00868979601
1038,8,8.68979600704e-05,0.00868979601
1039,6,6.51734700528e-05,0.00651734701
1040,7,7.60357150616e-05,0.00760357151
1041,9,9.77602050792e-05,0.00977602051
1042,3,3.25867350264e-05,0.0032586735
1043,5,5.4311225044e-05,0.0054311225
1044,7,7.60357150616e-05,0.00760357151
1045,5,5.4311225044e-05,0.0054311225
1046,8,8.68979600704e-05,0.00868979601
1047,6,6.51734700528e-05,0.00651734701
1048,3,3.25867350264e-05,0.0032586735
1049,3,3.25867350264e-05,0.0032586735
1050,10,0.000108622450088,0.010862245
1051,6,6.51734700528e-05,0.00651734701
1052,10,0.000108622450088,0.010862245
1053,5,5.4311225044e-05,0.0054311225
1054,6,6.51734700528e-05,0.00651734701
1055,3,3.25867350264e-05,0.0032586735
1056,6,6.51734700528e-05,0.00651734701
1057,7,7.60357150616e-05,0.00760357151
1058,6,6.51734700528e-05,0.00651734701
1059,7,7.60357150616e-05,0.00760357151
1060,8,8.68979600704e-05,0.00868979601
1061,6,6.51734700528e-05,0.00651734701
1062,3,3.25867350264e-05,0.0032586735
1063,3,3.25867350264e-05,0.0032586735
1064,4,4.34489800352e-05,0.004344898
1065,2,2.17244900176e-05,0.002172449
1066,4,4.34489800352e-05,0.004344898
1067,5,5.4311225044e-05,0.0054311225
1068,6,6.51734700528e-05,0.00651734701
1069,4,4.34489800352e-05,0.004344898
1070,9,9.77602050792e-05,0.00977602051
1071,8,8.68979600704e-05,0.00868979601
1072,5,5.4311225044e-05,0.0054311225
1073,13,0.000141209185114,0.0141209185
1074,15,0.000162933675132,0.0162933675
1075,13,0.000141209185114,0.0141209185
1076,15,0.000162933675132,0.0162933675
1077,17,0.00018465816515,0.0184658165
1078,14,0.000152071430123,0.015207143
1079,9,9.77602050792e-05,0.00977602051
1080,14,0.000152071430123,0.015207143
1081,10,0.000108622450088,0.010862245
1082,10,0.000108622450088,0.010862245
1083,13,0.000141209185114,0.0141209185
1084,10,0.000108622450088,0.010862245
1085,8,8.68979600704e-05,0.00868979601
1086,9,9.77602050792e-05,0.00977602051
1087,8,8.68979600704e-05,0.00868979601
1088,8,8.68979600704e-05,0.00868979601
1089,14,0.000152071430123,0.015207143
1090,9,9.77602050792e-05,0.00977602051
1091,16,0.000173795920141,0.017379592
1092,8,8.68979600704e-05,0.00868979601
1093,14,0.000152071430123,0.015207143
1094,9,9.77602050792e-05,0.00977602051
1095,12,0.000130346940106,0.013034694
1096,12,0.000130346940106,0.013034694
1097,10,0.000108622450088,0.010862245
1098,10,0.000108622450088,0.010862245
1099,4,4.34489800352e-05,0.004344898
1100,8,8.68979600704e-05,0.00868979601
1101,7,7.60357150616e-05,0.00760357151
1102,8,8.68979600704e-05,0.00868979601
1103,8,8.68979600704e-05,0.00868979601
1104,7,7.60357150616e-05,0.00760357151
1105,3,3.25867350264e-05,0.0032586735
1106,3,3.25867350264e-05,0.0032586735
1107,9,9.77602050792e-05,0.00977602051
1108,6,6.51734700528e-05,0.00651734701
1109,10,0.000108622450088,0.010862245
1110,8,8.68979600704e-05,0.00868979601
1111,11,0.000119484695097,0.0119484695
1112,12,0.000130346940106,0.013034694
1113,12,0.000130346940106,0.013034694
1114,14,0.000152071430123,0.015207143
1115,18,0.000195520410158,0.019552041
1116,14,0.000152071430123,0.015207143
1117,15,0.000162933675132,0.0162933675
1118,10,0.000108622450088,0.010862245
1119,7,7.60357150616e-05,0.00760357151
1120,13,0.000141209185114,0.0141209185
1121,10,0.000108622450088,0.010862245
1122,11,0.000119484695097,0.0119484695
1123,12,0.000130346940106,0.013034694
1124,19,0.000206382655167,0.0206382655
1125,14,0.000152071430123,0.015207143
1126,10,0.000108622450088,0.010862245
1127,12,0.000130346940106,0.013034694
1128,21,0.000228107145185,0.0228107145
1129,17,0.00018465816515,0.0184658165
1130,22,0.000238969390194,0.023896939
1131,22,0.000238969390194,0.023896939
1132,18,0.000195520410158,0.019552041
1133,21,0.000228107145185,0.0228107145
1134,25,0.00027155612522,0.0271556125
1135,29,0.000315005105255,0.0315005105
1136,26,0.000282418370229,0.028241837
1137,21,0.000228107145185,0.0228107145
1138,17,0.00018465816515,0.0184658165
1139,26,0.000282418370229,0.028241837
1140,37,0.000401903065326,0.0401903065
1141,41,0.000445352045361,0.0445352045
1142,46,0.000499663270405,0.049966327
1143,45,0.000488801025396,0.0488801025
1144,27,0.000293280615238,0.0293280615
1145,22,0.000238969390194,0.023896939
1146,17,0.00018465816515,0.0184658165
1147,11,0.000119484695097,0.0119484695
1148,14,0.000152071430123,0.015207143
1149,11,0.000119484695097,0.0119484695
1150,24,0.000260693880211,0.026069388
1151,32,0.000347591840282,0.034759184
1152,23,0.000249831635202,0.0249831635
1153,15,0.000162933675132,0.0162933675
1154,12,0.000130346940106,0.013034694
1155,10,0.000108622450088,0.010862245
1156,16,0.000173795920141,0.017379592
1157,10,0.000108622450088,0.010862245
1158,8,8.68979600704e-05,0.00868979601
1159,15,0.000162933675132,0.0162933675
1160,12,0.000130346940106,0.013034694
1161,24,0.000260693880211,0.026069388
1162,26,0.000282418370229,0.028241837
1163,35,0.000380178575308,0.0380178575
1164,34,0.000369316330299,0.036931633
1165,44,0.000477938780387,0.047793878
1166,40,0.000434489800352,0.04344898
1167,18,0.000195520410158,0.019552041
1168,25,0.00027155612522,0.0271556125
1169,34,0.000369316330299,0.036931633
1170,30,0.000325867350264,0.032586735
1171,36,0.000391040820317,0.039104082
1172,24,0.000260693880211,0.026069388
1173,31,0.000336729595273,0.0336729595
1174,29,0.000315005105255,0.0315005105
1175,35,0.000380178575308,0.0380178575
1176,26,0.000282418370229,0.028241837
1177,24,0.000260693880211,0.026069388
1178,19,0.000206382655167,0.0206382655
1179,19,0.000206382655167,0.0206382655
1180,13,0.000141209185114,0.0141209185
1181,21,0.000228107145185,0.0228107145
1182,17,0.00018465816515,0.0184658165
1183,27,0.000293280615238,0.0293280615
1184,27,0.000293280615238,0.0293280615
1185,24,0.000260693880211,0.026069388
1186,27,0.000293280615238,0.0293280615
1187,15,0.000162933675132,0.0162933675
1188,12,0.000130346940106,0.013034694
1189,14,0.000152071430123,0.015207143
1190,15,0.000162933675132,0.0162933675
1191,9,9.77602050792e-05,0.00977602051
1192,12,0.000130346940106,0.013034694
1193,13,0.000141209185114,0.0141209185
1194,8,8.68979600704e-05,0.00868979601
1195,11,0.000119484695097,0.0119484695
1196,18,0.000195520410158,0.019552041
1197,7,7.60357150616e-05,0.00760357151
1198,18,0.000195520410158,0.019552041
1199,13,0.000141209185114,0.0141209185
1200,15,0.000162933675132,0.0162933675
1201,11,0.000119484695097,0.0119484695
1202,15,0.000162933675132,0.0162933675
1203,14,0.000152071430123,0.015207143
1204,11,0.000119484695097,0.0119484695
1205,15,0.000162933675132,0.0162933675
1206,7,7.60357150616e-05,0.00760357151
1207,8,8.68979600704e-05,0.00868979601
1208,9,9.77602050792e-05,0.00977602051
1209,15,0.000162933675132,0.0162933675
1210,18,0.000195520410158,0.019552041
1211,19,0.000206382655167,0.0206382655
1212,16,0.000173795920141,0.017379592
1213,25,0.00027155612522,0.0271556125
1214,27,0.000293280615238,0.0293280615
1215,20,0.000217244900176,0.02172449
1216,11,0.000119484695097,0.0119484695
1217,22,0.000238969390194,0.023896939
1218,20,0.000217244900176,0.02172449
1219,20,0.000217244900176,0.02172449
1220,34,0.000369316330299,0.036931633
1221,28,0.000304142860246,0.030414286
1222,27,0.000293280615238,0.0293280615
1223,26,0.000282418370229,0.028241837
1224,23,0.000249831635202,0.0249831635
1225,39,0.000423627555343,0.0423627555
1226,25,0.00027155612522,0.0271556125
1227,34,0.000369316330299,0.036931633
1228,37,0.000401903065326,0.0401903065
1229,30,0.000325867350264,0.032586735
1230,36,0.000391040820317,0.039104082
1231,27,0.000293280615238,0.0293280615
1232,33,0.00035845408529,0.0358454085
1233,43,0.000467076535378,0.0467076535
1234,34,0.000369316330299,0.036931633
1235,28,0.000304142860246,0.030414286
1236,25,0.00027155612522,0.0271556125
1237,20,0.000217244900176,0.02172449
1238,23,0.000249831635202,0.0249831635
1239,21,0.000228107145185,0.0228107145
1240,20,0.000217244900176,0.02172449
1241,18,0.000195520410158,0.019552041
1242,17,0.00018465816515,0.0184658165
1243,23,0.000249831635202,0.0249831635
1244,27,0.000293280615238,0.0293280615
1245,19,0.000206382655167,0.0206382655
1246,16,0.000173795920141,0.017379592
1247,22,0.000238969390194,0.023896939
1248,27,0.000293280615238,0.0293280615
1249,15,0.000162933675132,0.0162933675
1250,18,0.000195520410158,0.019552041
1251,12,0.000130346940106,0.013034694
1252,21,0.000228107145185,0.0228107145
1253,23,0.000249831635202,0.0249831635
1254,22,0.000238969390194,0.023896939
1255,25,0.00027155612522,0.0271556125
1256,20,0.000217244900176,0.02172449
1257,24,0.000260693880211,0.026069388
1258,20,0.000217244900176,0.02172449
1259,22,0.000238969390194,0.023896939
1260,30,0.000325867350264,0.032586735
1261,24,0.000260693880211,0.026069388
1262,31,0.000336729595273,0.0336729595
1263,24,0.000260693880211,0.026069388
1264,24,0.000260693880211,0.026069388
1265,31,0.000336729595273,0.0336729595
1266,23,0.000249831635202,0.0249831635
1267,23,0.000249831635202,0.0249831635
1268,25,0.00027155612522,0.0271556125
1269,24,0.000260693880211,0.026069388
1270,25,0.00027155612522,0.0271556125
1271,20,0.000217244900176,0.02172449
1272,31,0.000336729595273,0.0336729595
1273,20,0.000217244900176,0.02172449
1274,27,0.000293280615238,0.0293280615
1275,40,0.000434489800352,0.04344898
1276,43,0.000467076535378,0.0467076535
1277,33,0.00035845408529,0.0358454085
1278,29,0.000315005105255,0.0315005105
1279,32,0.000347591840282,0.034759184
1280,1427,0.0155004236276,1.55004236
1281,70,0.000760357150616,0.0760357151
1282,33,0.00035845408529,0.0358454085
1283,27,0.000293280615238,0.0293280615
1284,29,0.000315005105255,0.0315005105
1285,36,0.000391040820317,0.039104082
1286,29,0.000315005105255,0.0315005105
1287,24,0.000260693880211,0.026069388
1288,39,0.000423627555343,0.0423627555
1289,53,0.000575698985466,0.0575698985
1290,55,0.000597423475484,0.0597423475
1291,74,0.000803806130651,0.0803806131
1292,78,0.000847255110686,0.0847255111
1293,72,0.000782081640633,0.0782081641
1294,78,0.000847255110686,0.0847255111
1295,75,0.00081466837566,0.0814668376
1296,81,0.000879841845713,0.0879841846
1297,63,0.000684321435554,0.0684321436
1298,43,0.000467076535378,0.0467076535
1299,40,0.000434489800352,0.04344898
1300,42,0.00045621429037,0.045621429
1301,46,0.000499663270405,0.049966327
1302,47,0.000510525515414,0.0510525515
1303,52,0.000564836740458,0.056483674
1304,42,0.00045621429037,0.045621429
1305,68,0.000738632660598,0.0738632661
1306,73,0.000792943885642,0.0792943886
1307,74,0.000803806130651,0.0803806131
1308,68,0.000738632660598,0.0738632661
1309,93,0.00101018878582,0.101018879
1310,125,0.0013577806261,0.135778063
1311,120,0.00130346940106,0.13034694
1312,166,0.00180313267146,0.180313267
1313,169,0.00183571940649,0.183571941
1314,233,0.00253090308705,0.253090309
1315,216,0.0023462449219,0.234624492
1316,224,0.00243314288197,0.243314288
1317,252,0.00273728574222,0.273728574
1318,208,0.00225934696183,0.225934696
1319,252,0.00273728574222,0.273728574
1320,227,0.002465729617,0.246572962
1321,224,0.00243314288197,0.243314288
1322,196,0.00212900002172,0.212900002
1323,172,0.00186830614151,0.186830614
1324,158,0.00171623471139,0.171623471
1325,133,0.00144467858617,0.144467859
1326,135,0.00146640307619,0.146640308
1327,143,0.00155330103626,0.155330104
1328,135,0.00146640307619,0.146640308
1329,121,0.00131433164606,0.131433165
1330,126,0.00136864287111,0.136864287
1331,95,0.00103191327584,0.103191328
1332,114,0.001238295931,0.123829593
1333,99,0.00107536225587,0.107536226
1334,90,0.000977602050792,0.0977602051
1335,92,0.000999326540809,0.0999326541
1336,81,0.000879841845713,0.0879841846
1337,71,0.000771219395625,0.0771219396
1338,59,0.000640872455519,0.0640872456
1339,67,0.000727770415589,0.0727770416
1340,66,0.000716908170581,0.0716908171
1341,75,0.00081466837566,0.0814668376
1342,53,0.000575698985466,0.0575698985
1343,75,0.00081466837566,0.0814668376
1344,63,0.000684321435554,0.0684321436
1345,68,0.000738632660598,0.0738632661
1346,67,0.000727770415589,0.0727770416
1347,88,0.000955877560774,0.0955877561
1348,67,0.000727770415589,0.0727770416
1349,89,0.000966739805783,0.0966739806
1350,83,0.00090156633573,0.0901566336
1351,75,0.00081466837566,0.0814668376
1352,64,0.000695183680563,0.0695183681
1353,81,0.000879841845713,0.0879841846
1354,82,0.000890704090721,0.0890704091
1355,73,0.000792943885642,0.0792943886
1356,78,0.000847255110686,0.0847255111
1357,75,0.00081466837566,0.0814668376
1358,80,0.000868979600704,0.0868979601
1359,64,0.000695183680563,0.0695183681
1360,88,0.000955877560774,0.0955877561
1361,81,0.000879841845713,0.0879841846
1362,95,0.00103191327584,0.103191328
1363,64,0.000695183680563,0.0695183681
1364,79,0.000858117355695,0.0858117356
1365,69,0.000749494905607,0.0749494906
1366,78,0.000847255110686,0.0847255111
1367,72,0.000782081640633,0.0782081641
1368,70,0.000760357150616,0.0760357151
1369,55,0.000597423475484,0.0597423475
1370,64,0.000695183680563,0.0695183681
1371,81,0.000879841845713,0.0879841846
1372,78,0.000847255110686,0.0847255111
1373,94,0.00102105103083,0.102105103
1374,68,0.000738632660598,0.0738632661
1375,63,0.000684321435554,0.0684321436
1376,62,0.000673459190546,0.0673459191
1377,68,0.000738632660598,0.0738632661
1378,56,0.000608285720493,0.060828572
1379,58,0.00063001021051,0.0630010211
1380,61,0.000662596945537,0.0662596946
1381,67,0.000727770415589,0.0727770416
1382,69,0.000749494905607,0.0749494906
1383,62,0.000673459190546,0.0673459191
1384,60,0.000651734700528,0.0651734701
1385,55,0.000597423475484,0.0597423475
1386,53,0.000575698985466,0.0575698985
1387,65,0.000706045925572,0.0706045926
1388,58,0.00063001021051,0.0630010211
1389,61,0.000662596945537,0.0662596946
1390,58,0.00063001021051,0.0630010211
1391,51,0.000553974495449,0.0553974495
1392,50,0.00054311225044,0.054311225
1393,51,0.000553974495449,0.0553974495
1394,51,0.000553974495449,0.0553974495
1395,33,0.00035845408529,0.0358454085
1396,39,0.000423627555343,0.0423627555
1397,45,0.000488801025396,0.0488801025
1398,58,0.00063001021051,0.0630010211
1399,52,0.000564836740458,0.056483674
1400,59,0.000640872455519,0.0640872456
1401,53,0.000575698985466,0.0575698985
1402,30,0.000325867350264,0.032586735
1403,35,0.000380178575308,0.0380178575
1404,37,0.000401903065326,0.0401903065
1405,42,0.00045621429037,0.045621429
1406,31,0.000336729595273,0.0336729595
1407,35,0.000380178575308,0.0380178575
1408,33,0.00035845408529,0.0358454085
1409,28,0.000304142860246,0.030414286
1410,20,0.000217244900176,0.02172449
1411,25,0.00027155612522,0.0271556125
1412,29,0.000315005105255,0.0315005105
1413,28,0.000304142860246,0.030414286
1414,30,0.000325867350264,0.032586735
1415,29,0.000315005105255,0.0315005105
1416,34,0.000369316330299,0.036931633
1417,40,0.000434489800352,0.04344898
1418,37,0.000401903065326,0.0401903065
1419,36,0.000391040820317,0.039104082
1420,29,0.000315005105255,0.0315005105
1421,31,0.000336729595273,0.0336729595
1422,41,0.000445352045361,0.0445352045
1423,35,0.000380178575308,0.0380178575
1424,39,0.000423627555343,0.0423627555
1425,30,0.000325867350264,0.032586735
1426,35,0.000380178575308,0.0380178575
1427,43,0.000467076535378,0.0467076535
1428,45,0.000488801025396,0.0488801025
1429,31,0.000336729595273,0.0336729595
1430,43,0.000467076535378,0.0467076535
1431,40,0.000434489800352,0.04344898
1432,40,0.000434489800352,0.04344898
1433,43,0.000467076535378,0.0467076535
1434,31,0.000336729595273,0.0336729595
1435,32,0.000347591840282,0.034759184
1436,38,0.000412765310334,0.041276531
1437,45,0.000488801025396,0.0488801025
1438,32,0.000347591840282,0.034759184
1439,36,0.000391040820317,0.039104082
1440,38,0.000412765310334,0.041276531
1441,29,0.000315005105255,0.0315005105
1442,42,0.00045621429037,0.045621429
1443,42,0.00045621429037,0.045621429
1444,39,0.000423627555343,0.0423627555
1445,40,0.000434489800352,0.04344898
1446,49,0.000532250005431,0.0532250005
1447,35,0.000380178575308,0.0380178575
1448,36,0.000391040820317,0.039104082
1449,45,0.000488801025396,0.0488801025
1450,31,0.000336729595273,0.0336729595
1451,30,0.000325867350264,0.032586735
1452,21,0.000228107145185,0.0228107145
1453,24,0.000260693880211,0.026069388
1454,30,0.000325867350264,0.032586735
1455,29,0.000315005105255,0.0315005105
1456,28,0.000304142860246,0.030414286
1457,30,0.000325867350264,0.032586735
1458,43,0.000467076535378,0.0467076535
1459,27,0.000293280615238,0.0293280615
1460,35,0.000380178575308,0.0380178575
1461,27,0.000293280615238,0.0293280615
1462,26,0.000282418370229,0.028241837
1463,39,0.000423627555343,0.0423627555
1464,30,0.000325867350264,0.032586735
1465,35,0.000380178575308,0.0380178575
1466,44,0.000477938780387,0.047793878
1467,36,0.000391040820317,0.039104082
1468,46,0.000499663270405,0.049966327
1469,38,0.000412765310334,0.041276531
1470,42,0.00045621429037,0.045621429
1471,48,0.000521387760422,0.052138776
1472,39,0.000423627555343,0.0423627555
1473,46,0.000499663270405,0.049966327
1474,42,0.00045621429037,0.045621429
1475,50,0.00054311225044,0.054311225
1476,47,0.000510525515414,0.0510525515
1477,49,0.000532250005431,0.0532250005
1478,44,0.000477938780387,0.047793878
1479,62,0.000673459190546,0.0673459191
1480,54,0.000586561230475,0.058656123
1481,49,0.000532250005431,0.0532250005
1482,49,0.000532250005431,0.0532250005
1483,30,0.000325867350264,0.032586735
1484,33,0.00035845408529,0.0358454085
1485,51,0.000553974495449,0.0553974495
1486,44,0.000477938780387,0.047793878
1487,30,0.000325867350264,0.032586735
1488,50,0.00054311225044,0.054311225
1489,53,0.000575698985466,0.0575698985
1490,41,0.000445352045361,0.0445352045
1491,38,0.000412765310334,0.041276531
1492,53,0.000575698985466,0.0575698985
1493,35,0.000380178575308,0.0380178575
1494,27,0.000293280615238,0.0293280615
1495,38,0.000412765310334,0.041276531
1496,29,0.000315005105255,0.0315005105
1497,39,0.000423627555343,0.0423627555
1498,43,0.000467076535378,0.0467076535
1499,35,0.000380178575308,0.0380178575
1500,28,0.000304142860246,0.030414286
1501,37,0.000401903065326,0.0401903065
1502,47,0.000510525515414,0.0510525515
1503,46,0.000499663270405,0.049966327
1504,36,0.000391040820317,0.039104082
1505,44,0.000477938780387,0.047793878
1506,44,0.000477938780387,0.047793878
1507,29,0.000315005105255,0.0315005105
1508,44,0.000477938780387,0.047793878
1509,52,0.000564836740458,0.056483674
1510,46,0.000499663270405,0.049966327
1511,37,0.000401903065326,0.0401903065
1512,48,0.000521387760422,0.052138776
1513,45,0.000488801025396,0.0488801025
1514,39,0.000423627555343,0.0423627555
1515,44,0.000477938780387,0.047793878
1516,45,0.000488801025396,0.0488801025
1517,43,0.000467076535378,0.0467076535
1518,45,0.000488801025396,0.0488801025
1519,33,0.00035845408529,0.0358454085
1520,39,0.000423627555343,0.0423627555
1521,48,0.000521387760422,0.052138776
1522,47,0.000510525515414,0.0510525515
1523,55,0.000597423475484,0.0597423475
1524,38,0.000412765310334,0.041276531
1525,48,0.000521387760422,0.052138776
1526,56,0.000608285720493,0.060828572
1527,51,0.000553974495449,0.0553974495
1528,45,0.000488801025396,0.0488801025
1529,52,0.000564836740458,0.056483674
1530,49,0.000532250005431,0.0532250005
1531,49,0.000532250005431,0.0532250005
1532,47,0.000510525515414,0.0510525515
1533,49,0.000532250005431,0.0532250005
1534,52,0.000564836740458,0.056483674
1535,46,0.000499663270405,0.049966327
1536,45,0.000488801025396,0.0488801025
1537,44,0.000477938780387,0.047793878
1538,43,0.000467076535378,0.0467076535
1539,57,0.000619147965502,0.0619147966
1540,45,0.000488801025396,0.0488801025
1541,60,0.000651734700528,0.0651734701
1542,53,0.000575698985466,0.0575698985
1543,60,0.000651734700528,0.0651734701
1544,51,0.000553974495449,0.0553974495
1545,57,0.000619147965502,0.0619147966
1546,59,0.000640872455519,0.0640872456
1547,50,0.00054311225044,0.054311225
1548,37,0.000401903065326,0.0401903065
1549,49,0.000532250005431,0.0532250005
1550,45,0.000488801025396,0.0488801025
1551,48,0.000521387760422,0.052138776
1552,42,0.00045621429037,0.045621429
1553,52,0.000564836740458,0.056483674
1554,54,0.000586561230475,0.058656123
1555,42,0.00045621429037,0.045621429
1556,36,0.000391040820317,0.039104082
1557,35,0.000380178575308,0.0380178575
1558,39,0.000423627555343,0.0423627555
1559,33,0.00035845408529,0.0358454085
1560,37,0.000401903065326,0.0401903065
1561,36,0.000391040820317,0.039104082
1562,34,0.000369316330299,0.036931633
1563,37,0.000401903065326,0.0401903065
1564,37,0.000401903065326,0.0401903065
1565,41,0.000445352045361,0.0445352045
1566,36,0.000391040820317,0.039104082
1567,43,0.000467076535378,0.0467076535
1568,36,0.000391040820317,0.039104082
1569,40,0.000434489800352,0.04344898
1570,40,0.000434489800352,0.04344898
1571,21,0.000228107145185,0.0228107145
1572,33,0.00035845408529,0.0358454085
1573,32,0.000347591840282,0.034759184
1574,39,0.000423627555343,0.0423627555
1575,22,0.000238969390194,0.023896939
1576,35,0.000380178575308,0.0380178575
1577,29,0.000315005105255,0.0315005105
1578,29,0.000315005105255,0.0315005105
1579,30,0.000325867350264,0.032586735
1580,39,0.000423627555343,0.0423627555
1581,33,0.00035845408529,0.0358454085
1582,31,0.000336729595273,0.0336729595
1583,26,0.000282418370229,0.028241837
1584,32,0.000347591840282,0.034759184
1585,33,0.00035845408529,0.0358454085
1586,26,0.000282418370229,0.028241837
1587,27,0.000293280615238,0.0293280615
1588,32,0.000347591840282,0.034759184
1589,34,0.000369316330299,0.036931633
1590,33,0.00035845408529,0.0358454085
1591,29,0.000315005105255,0.0315005105
1592,35,0.000380178575308,0.0380178575
1593,31,0.000336729595273,0.0336729595
1594,23,0.000249831635202,0.0249831635
1595,30,0.000325867350264,0.032586735
1596,34,0.000369316330299,0.036931633
1597,44,0.000477938780387,0.047793878
1598,27,0.000293280615238,0.0293280615
1599,32,0.000347591840282,0.034759184
1600,31,0.000336729595273,0.0336729595
1601,41,0.000445352045361,0.0445352045
1602,35,0.000380178575308,0.0380178575
1603,36,0.000391040820317,0.039104082
1604,37,0.000401903065326,0.0401903065
1605,36,0.000391040820317,0.039104082
1606,28,0.000304142860246,0.030414286
1607,31,0.000336729595273,0.0336729595
1608,44,0.000477938780387,0.047793878
1609,38,0.000412765310334,0.041276531
1610,28,0.000304142860246,0.030414286
1611,30,0.000325867350264,0.032586735
1612,30,0.000325867350264,0.032586735
1613,33,0.00035845408529,0.0358454085
1614,42,0.00045621429037,0.045621429
1615,42,0.00045621429037,0.045621429
1616,34,0.000369316330299,0.036931633
1617,39,0.000423627555343,0.0423627555
1618,35,0.000380178575308,0.0380178575
1619,42,0.00045621429037,0.045621429
1620,34,0.000369316330299,0.036931633
1621,46,0.000499663270405,0.049966327
1622,38,0.000412765310334,0.041276531
1623,35,0.000380178575308,0.0380178575
1624,39,0.000423627555343,0.0423627555
1625,40,0.000434489800352,0.04344898
1626,33,0.00035845408529,0.0358454085
1627,32,0.000347591840282,0.034759184
1628,26,0.000282418370229,0.028241837
1629,40,0.000434489800352,0.04344898
1630,23,0.000249831635202,0.0249831635
1631,32,0.000347591840282,0.034759184
1632,38,0.000412765310334,0.041276531
1633,21,0.000228107145185,0.0228107145
1634,39,0.000423627555343,0.0423627555
1635,37,0.000401903065326,0.0401903065
1636,48,0.000521387760422,0.052138776
1637,39,0.000423627555343,0.0423627555
1638,44,0.000477938780387,0.047793878
1639,29,0.000315005105255,0.0315005105
1640,40,0.000434489800352,0.04344898
1641,24,0.000260693880211,0.026069388
1642,37,0.000401903065326,0.0401903065
1643,26,0.000282418370229,0.028241837
1644,23,0.000249831635202,0.0249831635
1645,28,0.000304142860246,0.030414286
1646,21,0.000228107145185,0.0228107145
1647,22,0.000238969390194,0.023896939
1648,33,0.00035845408529,0.0358454085
1649,33,0.00035845408529,0.0358454085
1650,26,0.000282418370229,0.028241837
1651,24,0.000260693880211,0.026069388
1652,23,0.000249831635202,0.0249831635
1653,32,0.000347591840282,0.034759184
1654,32,0.000347591840282,0.034759184
1655,41,0.000445352045361,0.0445352045
1656,29,0.000315005105255,0.0315005105
1657,40,0.000434489800352,0.04344898
1658,29,0.000315005105255,0.0315005105
1659,50,0.00054311225044,0.054311225
1660,31,0.000336729595273,0.0336729595
1661,23,0.000249831635202,0.0249831635
1662,34,0.000369316330299,0.036931633
1663,24,0.000260693880211,0.026069388
1664,23,0.000249831635202,0.0249831635
1665,24,0.000260693880211,0.026069388
1666,27,0.000293280615238,0.0293280615
1667,18,0.000195520410158,0.019552041
1668,19,0.000206382655167,0.0206382655
1669,23,0.000249831635202,0.0249831635
1670,23,0.000249831635202,0.0249831635
1671,20,0.000217244900176,0.02172449
1672,27,0.000293280615238,0.0293280615
1673,20,0.000217244900176,0.02172449
1674,22,0.000238969390194,0.023896939
1675,23,0.000249831635202,0.0249831635
1676,29,0.000315005105255,0.0315005105
1677,23,0.000249831635202,0.0249831635
1678,30,0.000325867350264,0.032586735
1679,34,0.000369316330299,0.036931633
1680,33,0.00035845408529,0.0358454085
1681,32,0.000347591840282,0.034759184
1682,27,0.000293280615238,0.0293280615
1683,28,0.000304142860246,0.030414286
1684,30,0.000325867350264,0.032586735
1685,24,0.000260693880211,0.026069388
1686,35,0.000380178575308,0.0380178575
1687,32,0.000347591840282,0.034759184
1688,27,0.000293280615238,0.0293280615
1689,34,0.000369316330299,0.036931633
1690,30,0.000325867350264,0.032586735
1691,35,0.000380178575308,0.0380178575
1692,34,0.000369316330299,0.036931633
1693,18,0.000195520410158,0.019552041
1694,22,0.000238969390194,0.023896939
1695,30,0.000325867350264,0.032586735
1696,29,0.000315005105255,0.0315005105
1697,27,0.000293280615238,0.0293280615
1698,30,0.000325867350264,0.032586735
1699,31,0.000336729595273,0.0336729595
1700,28,0.000304142860246,0.030414286
1701,26,0.000282418370229,0.028241837
1702,29,0.000315005105255,0.0315005105
1703,43,0.000467076535378,0.0467076535
1704,50,0.00054311225044,0.054311225
1705,49,0.000532250005431,0.0532250005
1706,570,0.00619147965502,0.619147966
1707,24,0.000260693880211,0.026069388
1708,62,0.000673459190546,0.0673459191
1709,35,0.000380178575308,0.0380178575
1710,32,0.000347591840282,0.034759184
1711,23,0.000249831635202,0.0249831635
1712,35,0.000380178575308,0.0380178575
1713,32,0.000347591840282,0.034759184
1714,23,0.000249831635202,0.0249831635
1715,33,0.00035845408529,0.0358454085
1716,35,0.000380178575308,0.0380178575
1717,35,0.000380178575308,0.0380178575
1718,30,0.000325867350264,0.032586735
1719,21,0.000228107145185,0.0228107145
1720,15,0.000162933675132,0.0162933675
1721,10,0.000108622450088,0.010862245
1722,19,0.000206382655167,0.0206382655
1723,22,0.000238969390194,0.023896939
1724,23,0.000249831635202,0.0249831635
1725,21,0.000228107145185,0.0228107145
1726,19,0.000206382655167,0.0206382655
1727,15,0.000162933675132,0.0162933675
1728,28,0.000304142860246,0.030414286
1729,13,0.000141209185114,0.0141209185
1730,13,0.000141209185114,0.0141209185
1731,14,0.000152071430123,0.015207143
1732,24,0.000260693880211,0.026069388
1733,17,0.00018465816515,0.0184658165
1734,28,0.000304142860246,0.030414286
1735,29,0.000315005105255,0.0315005105
1736,29,0.000315005105255,0.0315005105
1737,24,0.000260693880211,0.026069388
1738,25,0.00027155612522,0.0271556125
1739,17,0.00018465816515,0.0184658165
1740,21,0.000228107145185,0.0228107145
1741,21,0.000228107145185,0.0228107145
1742,20,0.000217244900176,0.02172449
1743,24,0.000260693880211,0.026069388
1744,27,0.000293280615238,0.0293280615
1745,21,0.000228107145185,0.0228107145
1746,16,0.000173795920141,0.017379592
1747,11,0.000119484695097,0.0119484695
1748,14,0.000152071430123,0.015207143
1749,10,0.000108622450088,0.010862245
1750,8,8.68979600704e-05,0.00868979601
1751,5,5.4311225044e-05,0.0054311225
1752,16,0.000173795920141,0.017379592
1753,4,4.34489800352e-05,0.004344898
1754,13,0.000141209185114,0.0141209185
1755,8,8.68979600704e-05,0.00868979601
1756,18,0.000195520410158,0.019552041
1757,22,0.000238969390194,0.023896939
1758,15,0.000162933675132,0.0162933675
1759,29,0.000315005105255,0.0315005105
1760,28,0.000304142860246,0.030414286
1761,28,0.000304142860246,0.030414286
1762,37,0.000401903065326,0.0401903065
1763,32,0.000347591840282,0.034759184
1764,22,0.000238969390194,0.023896939
1765,20,0.000217244900176,0.02172449
1766,13,0.000141209185114,0.0141209185
1767,15,0.000162933675132,0.0162933675
1768,22,0.000238969390194,0.023896939
1769,20,0.000217244900176,0.02172449
1770,16,0.000173795920141,0.017379592
1771,12,0.000130346940106,0.013034694
1772,15,0.000162933675132,0.0162933675
1773,17,0.00018465816515,0.0184658165
1774,18,0.000195520410158,0.019552041
1775,15,0.000162933675132,0.0162933675
1776,14,0.000152071430123,0.015207143
1777,17,0.00018465816515,0.0184658165
1778,13,0.000141209185114,0.0141209185
1779,12,0.000130346940106,0.013034694
1780,15,0.000162933675132,0.0162933675
1781,13,0.000141209185114,0.0141209185
1782,13,0.000141209185114,0.0141209185
1783,11,0.000119484695097,0.0119484695
1784,14,0.000152071430123,0.015207143
1785,20,0.000217244900176,0.02172449
1786,12,0.000130346940106,0.013034694
1787,18,0.000195520410158,0.019552041
1788,16,0.000173795920141,0.017379592
1789,19,0.000206382655167,0.0206382655
1790,21,0.000228107145185,0.0228107145
1791,20,0.000217244900176,0.02172449
1792,17,0.00018465816515,0.0184658165
1793,20,0.000217244900176,0.02172449
1794,22,0.000238969390194,0.023896939
1795,22,0.000238969390194,0.023896939
1796,23,0.000249831635202,0.0249831635
1797,19,0.000206382655167,0.0206382655
1798,19,0.000206382655167,0.0206382655
1799,18,0.000195520410158,0.019552041
1800,23,0.000249831635202,0.0249831635
1801,18,0.000195520410158,0.019552041
1802,23,0.000249831635202,0.0249831635
1803,20,0.000217244900176,0.02172449
1804,20,0.000217244900176,0.02172449
1805,19,0.000206382655167,0.0206382655
1806,16,0.000173795920141,0.017379592
1807,24,0.000260693880211,0.026069388
1808,10,0.000108622450088,0.010862245
1809,23,0.000249831635202,0.0249831635
1810,20,0.000217244900176,0.02172449
1811,19,0.000206382655167,0.0206382655
1812,14,0.000152071430123,0.015207143
1813,27,0.000293280615238,0.0293280615
1814,22,0.000238969390194,0.023896939
1815,12,0.000130346940106,0.013034694
1816,17,0.00018465816515,0.0184658165
1817,15,0.000162933675132,0.0162933675
1818,21,0.000228107145185,0.0228107145
1819,11,0.000119484695097,0.0119484695
1820,17,0.00018465816515,0.0184658165
1821,7,7.60357150616e-05,0.00760357151
1822,14,0.000152071430123,0.015207143
1823,17,0.00018465816515,0.0184658165
1824,19,0.000206382655167,0.0206382655
1825,16,0.000173795920141,0.017379592
1826,9,9.77602050792e-05,0.00977602051
1827,15,0.000162933675132,0.0162933675
1828,13,0.000141209185114,0.0141209185
1829,16,0.000173795920141,0.017379592
1830,13,0.000141209185114,0.0141209185
1831,15,0.000162933675132,0.0162933675
1832,16,0.000173795920141,0.017379592
1833,22,0.000238969390194,0.023896939
1834,19,0.000206382655167,0.0206382655
1835,14,0.000152071430123,0.015207143
1836,22,0.000238969390194,0.023896939
1837,14,0.000152071430123,0.015207143
1838,15,0.000162933675132,0.0162933675
1839,18,0.000195520410158,0.019552041
1840,16,0.000173795920141,0.017379592
1841,11,0.000119484695097,0.0119484695
1842,7,7.60357150616e-05,0.00760357151
1843,8,8.68979600704e-05,0.00868979601
1844,13,0.000141209185114,0.0141209185
1845,13,0.000141209185114,0.0141209185
1846,12,0.000130346940106,0.013034694
1847,15,0.000162933675132,0.0162933675
1848,19,0.000206382655167,0.0206382655
1849,11,0.000119484695097,0.0119484695
1850,21,0.000228107145185,0.0228107145
1851,14,0.000152071430123,0.015207143
1852,22,0.000238969390194,0.023896939
1853,18,0.000195520410158,0.019552041
1854,14,0.000152071430123,0.015207143
1855,19,0.000206382655167,0.0206382655
1856,26,0.000282418370229,0.028241837
1857,20,0.000217244900176,0.02172449
1858,17,0.00018465816515,0.0184658165
1859,24,0.000260693880211,0.026069388
1860,25,0.00027155612522,0.0271556125
1861,92,0.000999326540809,0.0999326541
1862,26,0.000282418370229,0.028241837
1863,30,0.000325867350264,0.032586735
1864,19,0.000206382655167,0.0206382655
1865,26,0.000282418370229,0.028241837
1866,19,0.000206382655167,0.0206382655
1867,18,0.000195520410158,0.019552041
1868,21,0.000228107145185,0.0228107145
1869,7,7.60357150616e-05,0.00760357151
1870,18,0.000195520410158,0.019552041
1871,17,0.00018465816515,0.0184658165
1872,19,0.000206382655167,0.0206382655
1873,18,0.000195520410158,0.019552041
1874,21,0.000228107145185,0.0228107145
1875,19,0.000206382655167,0.0206382655
1876,21,0.000228107145185,0.0228107145
1877,12,0.000130346940106,0.013034694
1878,25,0.00027155612522,0.0271556125
1879,17,0.00018465816515,0.0184658165
1880,16,0.000173795920141,0.017379592
1881,18,0.000195520410158,0.019552041
1882,14,0.000152071430123,0.015207143
1883,17,0.00018465816515,0.0184658165
1884,16,0.000173795920141,0.017379592
1885,18,0.000195520410158,0.019552041
1886,18,0.000195520410158,0.019552041
1887,18,0.000195520410158,0.019552041
1888,16,0.000173795920141,0.017379592
1889,7,7.60357150616e-05,0.00760357151
1890,19,0.000206382655167,0.0206382655
1891,13,0.000141209185114,0.0141209185
1892,13,0.000141209185114,0.0141209185
1893,17,0.00018465816515,0.0184658165
1894,9,9.77602050792e-05,0.00977602051
1895,19,0.000206382655167,0.0206382655
1896,16,0.000173795920141,0.017379592
1897,12,0.000130346940106,0.013034694
1898,16,0.000173795920141,0.017379592
1899,8,8.68979600704e-05,0.00868979601
1900,4,4.34489800352e-05,0.004344898
1901,15,0.000162933675132,0.0162933675
1902,18,0.000195520410158,0.019552041
1903,15,0.000162933675132,0.0162933675
1904,13,0.000141209185114,0.0141209185
1905,18,0.000195520410158,0.019552041
1906,11,0.000119484695097,0.0119484695
1907,15,0.000162933675132,0.0162933675
1908,25,0.00027155612522,0.0271556125
1909,15,0.000162933675132,0.0162933675
1910,20,0.000217244900176,0.02172449
1911,16,0.000173795920141,0.017379592
1912,8,8.68979600704e-05,0.00868979601
1913,19,0.000206382655167,0.0206382655
1914,19,0.000206382655167,0.0206382655
1915,15,0.000162933675132,0.0162933675
1916,20,0.000217244900176,0.02172449
1917,22,0.000238969390194,0.023896939
1918,15,0.000162933675132,0.0162933675
1919,15,0.000162933675132,0.0162933675
1920,17,0.00018465816515,0.0184658165
1921,15,0.000162933675132,0.0162933675
1922,19,0.000206382655167,0.0206382655
1923,22,0.000238969390194,0.023896939
1924,9,9.77602050792e-05,0.00977602051
1925,22,0.000238969390194,0.023896939
1926,19,0.000206382655167,0.0206382655
1927,15,0.000162933675132,0.0162933675
1928,18,0.000195520410158,0.019552041
1929,8,8.68979600704e-05,0.00868979601
1930,9,9.77602050792e-05,0.00977602051
1931,16,0.000173795920141,0.017379592
1932,13,0.000141209185114,0.0141209185
1933,16,0.000173795920141,0.017379592
1934,10,0.000108622450088,0.010862245
1935,13,0.000141209185114,0.0141209185
1936,20,0.000217244900176,0.02172449
1937,14,0.000152071430123,0.015207143
1938,11,0.000119484695097,0.0119484695
1939,19,0.000206382655167,0.0206382655
1940,16,0.000173795920141,0.017379592
1941,26,0.000282418370229,0.028241837
1942,13,0.000141209185114,0.0141209185
1943,24,0.000260693880211,0.026069388
1944,23,0.000249831635202,0.0249831635
1945,19,0.000206382655167,0.0206382655
1946,27,0.000293280615238,0.0293280615
1947,17,0.00018465816515,0.0184658165
1948,19,0.000206382655167,0.0206382655
1949,20,0.000217244900176,0.02172449
1950,18,0.000195520410158,0.019552041
1951,10,0.000108622450088,0.010862245
1952,16,0.000173795920141,0.017379592
1953,5,5.4311225044e-05,0.0054311225
1954,8,8.68979600704e-05,0.00868979601
1955,14,0.000152071430123,0.015207143
1956,11,0.000119484695097,0.0119484695
1957,14,0.000152071430123,0.015207143
1958,10,0.000108622450088,0.010862245
1959,11,0.000119484695097,0.0119484695
1960,6,6.51734700528e-05,0.00651734701
1961,5,5.4311225044e-05,0.0054311225
1962,8,8.68979600704e-05,0.00868979601
1963,9,9.77602050792e-05,0.00977602051
1964,13,0.000141209185114,0.0141209185
1965,7,7.60357150616e-05,0.00760357151
1966,6,6.51734700528e-05,0.00651734701
1967,15,0.000162933675132,0.0162933675
1968,8,8.68979600704e-05,0.00868979601
1969,9,9.77602050792e-05,0.00977602051
1970,6,6.51734700528e-05,0.00651734701
1971,13,0.000141209185114,0.0141209185
1972,8,8.68979600704e-05,0.00868979601
1973,9,9.77602050792e-05,0.00977602051
1974,13,0.000141209185114,0.0141209185
1975,11,0.000119484695097,0.0119484695
1976,8,8.68979600704e-05,0.00868979601
1977,7,7.60357150616e-05,0.00760357151
1978,8,8.68979600704e-05,0.00868979601
1979,7,7.60357150616e-05,0.00760357151
1980,7,7.60357150616e-05,0.00760357151
1981,8,8.68979600704e-05,0.00868979601
1982,7,7.60357150616e-05,0.00760357151
1983,7,7.60357150616e-05,0.00760357151
1984,7,7.60357150616e-05,0.00760357151
1985,4,4.34489800352e-05,0.004344898
1986,8,8.68979600704e-05,0.00868979601
1987,9,9.77602050792e-05,0.00977602051
1988,14,0.000152071430123,0.015207143
1989,10,0.000108622450088,0.010862245
1990,12,0.000130346940106,0.013034694
1991,14,0.000152071430123,0.015207143
1992,16,0.000173795920141,0.017379592
1993,11,0.000119484695097,0.0119484695
1994,12,0.000130346940106,0.013034694
1995,10,0.000108622450088,0.010862245
1996,11,0.000119484695097,0.0119484695
1997,7,7.60357150616e-05,0.00760357151
1998,11,0.000119484695097,0.0119484695
1999,8,8.68979600704e-05,0.00868979601
2000,12,0.000130346940106,0.013034694
2001,6,6.51734700528e-05,0.00651734701
2002,6,6.51734700528e-05,0.00651734701
2003,16,0.000173795920141,0.017379592
2004,6,6.51734700528e-05,0.00651734701
2005,4,4.34489800352e-05,0.004344898
2006,8,8.68979600704e-05,0.00868979601
2007,3,3.25867350264e-05,0.0032586735
2008,5,5.4311225044e-05,0.0054311225
2009,3,3.25867350264e-05,0.0032586735
2010,5,5.4311225044e-05,0.0054311225
2011,6,6.51734700528e-05,0.00651734701
2012,6,6.51734700528e-05,0.00651734701
2013,7,7.60357150616e-05,0.00760357151
2014,8,8.68979600704e-05,0.00868979601
2015,5,5.4311225044e-05,0.0054311225
2016,10,0.000108622450088,0.010862245
2017,9,9.77602050792e-05,0.00977602051
2018,13,0.000141209185114,0.0141209185
2019,14,0.000152071430123,0.015207143
2020,10,0.000108622450088,0.010862245
2021,14,0.000152071430123,0.015207143
2022,28,0.000304142860246,0.030414286
2023,14,0.000152071430123,0.015207143
2024,16,0.000173795920141,0.017379592
2025,16,0.000173795920141,0.017379592
2026,8,8.68979600704e-05,0.00868979601
2027,10,0.000108622450088,0.010862245
2028,10,0.000108622450088,0.010862245
2029,10,0.000108622450088,0.010862245
2030,9,9.77602050792e-05,0.00977602051
2031,4,4.34489800352e-05,0.004344898
2032,8,8.68979600704e-05,0.00868979601
2033,17,0.00018465816515,0.0184658165
2034,13,0.000141209185114,0.0141209185
2035,21,0.000228107145185,0.0228107145
2036,24,0.000260693880211,0.026069388
2037,14,0.000152071430123,0.015207143
2038,13,0.000141209185114,0.0141209185
2039,12,0.000130346940106,0.013034694
2040,4,4.34489800352e-05,0.004344898
2041,5,5.4311225044e-05,0.0054311225
2042,7,7.60357150616e-05,0.00760357151
2043,7,7.60357150616e-05,0.00760357151
2044,7,7.60357150616e-05,0.00760357151
2045,9,9.77602050792e-05,0.00977602051
2046,9,9.77602050792e-05,0.00977602051
2047,4,4.34489800352e-05,0.004344898
2048,1869,0.0203015359214,2.03015359
2049,6,6.51734700528e-05,0.00651734701
2050,5,5.4311225044e-05,0.0054311225
2051,2,2.17244900176e-05,0.002172449
2052,6,6.51734700528e-05,0.00651734701
2053,4,4.34489800352e-05,0.004344898
2054,6,6.51734700528e-05,0.00651734701
2055,3,3.25867350264e-05,0.0032586735
2056,6,6.51734700528e-05,0.00651734701
2057,8,8.68979600704e-05,0.00868979601
2058,2,2.17244900176e-05,0.002172449
2059,5,5.4311225044e-05,0.0054311225
2060,2,2.17244900176e-05,0.002172449
2061,8,8.68979600704e-05,0.00868979601
2062,4,4.34489800352e-05,0.004344898
2063,4,4.34489800352e-05,0.004344898
2064,3,3.25867350264e-05,0.0032586735
2065,7,7.60357150616e-05,0.00760357151
2066,5,5.4311225044e-05,0.0054311225
2067,4,4.34489800352e-05,0.004344898
2068,5,5.4311225044e-05,0.0054311225
2069,3,3.25867350264e-05,0.0032586735
2070,4,4.34489800352e-05,0.004344898
2071,3,3.25867350264e-05,0.0032586735
2072,2,2.17244900176e-05,0.002172449
2073,2,2.17244900176e-05,0.002172449
2074,4,4.34489800352e-05,0.004344898
2075,2,2.17244900176e-05,0.002172449
2076,3,3.25867350264e-05,0.0032586735
2077,3,3.25867350264e-05,0.0032586735
2078,3,3.25867350264e-05,0.0032586735
2079,4,4.34489800352e-05,0.004344898
2080,1,1.08622450088e-05,0.0010862245
2081,3,3.25867350264e-05,0.0032586735
2082,1,1.08622450088e-05,0.0010862245
2083,1,1.08622450088e-05,0.0010862245
2084,4,4.34489800352e-05,0.004344898
2085,2,2.17244900176e-05,0.002172449
2086,1,1.08622450088e-05,0.0010862245
2087,1,1.08622450088e-05,0.0010862245
2088,2,2.17244900176e-05,0.002172449
2089,1,1.08622450088e-05,0.0010862245
2090,2,2.17244900176e-05,0.002172449
2091,3,3.25867350264e-05,0.0032586735
2092,1,1.08622450088e-05,0.0010862245
2093,4,4.34489800352e-05,0.004344898
2094,1,1.08622450088e-05,0.0010862245
2096,1,1.08622450088e-05,0.0010862245
2098,2,2.17244900176e-05,0.002172449
2099,4,4.34489800352e-05,0.004344898
2100,2,2.17244900176e-05,0.002172449
2101,3,3.25867350264e-05,0.0032586735
2102,3,3.25867350264e-05,0.0032586735
2103,3,3.25867350264e-05,0.0032586735
2104,1,1.08622450088e-05,0.0010862245
2105,3,3.25867350264e-05,0.0032586735
2106,1,1.08622450088e-05,0.0010862245
2107,1,1.08622450088e-05,0.0010862245
2109,4,4.34489800352e-05,0.004344898
2110,3,3.25867350264e-05,0.0032586735
2111,6,6.51734700528e-05,0.00651734701
2112,3,3.25867350264e-05,0.0032586735
2113,4,4.34489800352e-05,0.004344898
2114,3,3.25867350264e-05,0.0032586735
2115,4,4.34489800352e-05,0.004344898
2116,1,1.08622450088e-05,0.0010862245
2117,8,8.68979600704e-05,0.00868979601
2118,4,4.34489800352e-05,0.004344898
2119,4,4.34489800352e-05,0.004344898
2120,5,5.4311225044e-05,0.0054311225
2121,9,9.77602050792e-05,0.00977602051
2122,5,5.4311225044e-05,0.0054311225
2123,5,5.4311225044e-05,0.0054311225
2124,8,8.68979600704e-05,0.00868979601
2125,2,2.17244900176e-05,0.002172449
2126,6,6.51734700528e-05,0.00651734701
2127,5,5.4311225044e-05,0.0054311225
2128,7,7.60357150616e-05,0.00760357151
2129,7,7.60357150616e-05,0.00760357151
2130,3,3.25867350264e-05,0.0032586735
2131,4,4.34489800352e-05,0.004344898
2132,6,6.51734700528e-05,0.00651734701
2133,7,7.60357150616e-05,0.00760357151
2134,5,5.4311225044e-05,0.0054311225
2135,3,3.25867350264e-05,0.0032586735
2136,9,9.77602050792e-05,0.00977602051
2137,3,3.25867350264e-05,0.0032586735
2138,4,4.34489800352e-05,0.004344898
2139,4,4.34489800352e-05,0.004344898
2140,2,2.17244900176e-05,0.002172449
2141,10,0.000108622450088,0.010862245
2142,3,3.25867350264e-05,0.0032586735
2143,2,2.17244900176e-05,0.002172449
2144,2,2.17244900176e-05,0.002172449
2145,9,9.77602050792e-05,0.00977602051
2146,4,4.34489800352e-05,0.004344898
2147,2,2.17244900176e-05,0.002172449
2148,7,7.60357150616e-05,0.00760357151
2149,9,9.77602050792e-05,0.00977602051
2150,2,2.17244900176e-05,0.002172449
2151,2,2.17244900176e-05,0.002172449
2152,4,4.34489800352e-05,0.004344898
2153,9,9.77602050792e-05,0.00977602051
2154,2,2.17244900176e-05,0.002172449
2155,6,6.51734700528e-05,0.00651734701
2156,7,7.60357150616e-05,0.00760357151
2157,4,4.34489800352e-05,0.004344898
2158,3,3.25867350264e-05,0.0032586735
2159,8,8.68979600704e-05,0.00868979601
2160,5,5.4311225044e-05,0.0054311225
2161,7,7.60357150616e-05,0.00760357151
2162,6,6.51734700528e-05,0.00651734701
2163,8,8.68979600704e-05,0.00868979601
2164,13,0.000141209185114,0.0141209185
2165,5,5.4311225044e-05,0.0054311225
2166,3,3.25867350264e-05,0.0032586735
2167,9,9.77602050792e-05,0.00977602051
2168,8,8.68979600704e-05,0.00868979601
2169,5,5.4311225044e-05,0.0054311225
2170,5,5.4311225044e-05,0.0054311225
2171,2,2.17244900176e-05,0.002172449
2172,5,5.4311225044e-05,0.0054311225
2173,4,4.34489800352e-05,0.004344898
2174,6,6.51734700528e-05,0.00651734701
2175,6,6.51734700528e-05,0.00651734701
2176,5,5.4311225044e-05,0.0054311225
2177,3,3.25867350264e-05,0.0032586735
2179,5,5.4311225044e-05,0.0054311225
2181,8,8.68979600704e-05,0.00868979601
2182,6,6.51734700528e-05,0.00651734701
2183,10,0.000108622450088,0.010862245
2184,3,3.25867350264e-05,0.0032586735
2185,1,1.08622450088e-05,0.0010862245
2186,7,7.60357150616e-05,0.00760357151
2187,5,5.4311225044e-05,0.0054311225
2188,7,7.60357150616e-05,0.00760357151
2189,8,8.68979600704e-05,0.00868979601
2190,3,3.25867350264e-05,0.0032586735
2191,8,8.68979600704e-05,0.00868979601
2192,6,6.51734700528e-05,0.00651734701
2193,4,4.34489800352e-05,0.004344898
2194,4,4.34489800352e-05,0.004344898
2195,3,3.25867350264e-05,0.0032586735
2196,4,4.34489800352e-05,0.004344898
2197,6,6.51734700528e-05,0.00651734701
2198,1,1.08622450088e-05,0.0010862245
2199,8,8.68979600704e-05,0.00868979601
2200,4,4.34489800352e-05,0.004344898
2201,2,2.17244900176e-05,0.002172449
2202,2,2.17244900176e-05,0.002172449
2203,4,4.34489800352e-05,0.004344898
2204,2,2.17244900176e-05,0.002172449
2205,5,5.4311225044e-05,0.0054311225
2206,2,2.17244900176e-05,0.002172449
2207,4,4.34489800352e-05,0.004344898
2208,3,3.25867350264e-05,0.0032586735
2209,1,1.08622450088e-05,0.0010862245
2210,6,6.51734700528e-05,0.00651734701
2211,2,2.17244900176e-05,0.002172449
2212,4,4.34489800352e-05,0.004344898
2213,1,1.08622450088e-05,0.0010862245
2214,3,3.25867350264e-05,0.0032586735
2215,4,4.34489800352e-05,0.004344898
2216,5,5.4311225044e-05,0.0054311225
2217,6,6.51734700528e-05,0.00651734701
2218,1,1.08622450088e-05,0.0010862245
2219,3,3.25867350264e-05,0.0032586735
2220,3,3.25867350264e-05,0.0032586735
2221,2,2.17244900176e-05,0.002172449
2222,3,3.25867350264e-05,0.0032586735
2223,5,5.4311225044e-05,0.0054311225
2224,1,1.08622450088e-05,0.0010862245
2225,3,3.25867350264e-05,0.0032586735
2226,6,6.51734700528e-05,0.00651734701
2227,3,3.25867350264e-05,0.0032586735
2228,3,3.25867350264e-05,0.0032586735
2229,3,3.25867350264e-05,0.0032586735
2230,3,3.25867350264e-05,0.0032586735
2231,3,3.25867350264e-05,0.0032586735
2232,1,1.08622450088e-05,0.0010862245
2233,1,1.08622450088e-05,0.0010862245
2234,5,5.4311225044e-05,0.0054311225
2235,6,6.51734700528e-05,0.00651734701
2236,1,1.08622450088e-05,0.0010862245
2237,6,6.51734700528e-05,0.00651734701
2238,3,3.25867350264e-05,0.0032586735
2239,1,1.08622450088e-05,0.0010862245
2240,6,6.51734700528e-05,0.00651734701
2241,2,2.17244900176e-05,0.002172449
2242,2,2.17244900176e-05,0.002172449
2243,4,4.34489800352e-05,0.004344898
2244,4,4.34489800352e-05,0.004344898
2245,4,4.34489800352e-05,0.004344898
2246,5,5.4311225044e-05,0.0054311225
2247,4,4.34489800352e-05,0.004344898
2248,9,9.77602050792e-05,0.00977602051
2249,6,6.51734700528e-05,0.00651734701
2250,7,7.60357150616e-05,0.00760357151
2252,1,1.08622450088e-05,0.0010862245
2253,4,4.34489800352e-05,0.004344898
2254,4,4.34489800352e-05,0.004344898
2255,4,4.34489800352e-05,0.004344898
2256,1,1.08622450088e-05,0.0010862245
2257,2,2.17244900176e-05,0.002172449
2258,1,1.08622450088e-05,0.0010862245
2259,3,3.25867350264e-05,0.0032586735
2260,1,1.08622450088e-05,0.0010862245
2261,2,2.17244900176e-05,0.002172449
2263,6,6.51734700528e-05,0.00651734701
2264,5,5.4311225044e-05,0.0054311225
2265,4,4.34489800352e-05,0.004344898
2266,3,3.25867350264e-05,0.0032586735
2267,3,3.25867350264e-05,0.0032586735
2268,7,7.60357150616e-05,0.00760357151
2269,7,7.60357150616e-05,0.00760357151
2270,5,5.4311225044e-05,0.0054311225
2271,2,2.17244900176e-05,0.002172449
2272,6,6.51734700528e-05,0.00651734701
2273,7,7.60357150616e-05,0.00760357151
2274,6,6.51734700528e-05,0.00651734701
2275,2,2.17244900176e-05,0.002172449
2276,6,6.51734700528e-05,0.00651734701
2277,6,6.51734700528e-05,0.00651734701
2278,2,2.17244900176e-05,0.002172449
2279,3,3.25867350264e-05,0.0032586735
2280,1,1.08622450088e-05,0.0010862245
2281,8,8.68979600704e-05,0.00868979601
2282,2,2.17244900176e-05,0.002172449
2283,5,5.4311225044e-05,0.0054311225
2284,4,4.34489800352e-05,0.004344898
2285,2,2.17244900176e-05,0.002172449
2286,4,4.34489800352e-05,0.004344898
2287,1,1.08622450088e-05,0.0010862245
2288,9,9.77602050792e-05,0.00977602051
2289,7,7.60357150616e-05,0.00760357151
2290,4,4.34489800352e-05,0.004344898
2291,3,3.25867350264e-05,0.0032586735
2292,1,1.08622450088e-05,0.0010862245
2293,4,4.34489800352e-05,0.004344898
2294,2,2.17244900176e-05,0.002172449
2295,7,7.60357150616e-05,0.00760357151
2296,3,3.25867350264e-05,0.0032586735
2297,5,5.4311225044e-05,0.0054311225
2299,7,7.60357150616e-05,0.00760357151
2300,5,5.4311225044e-05,0.0054311225
2301,4,4.34489800352e-05,0.004344898
2302,5,5.4311225044e-05,0.0054311225
2303,3,3.25867350264e-05,0.0032586735
2304,5,5.4311225044e-05,0.0054311225
2305,5,5.4311225044e-05,0.0054311225
2306,2,2.17244900176e-05,0.002172449
2307,1,1.08622450088e-05,0.0010862245
2308,3,3.25867350264e-05,0.0032586735
2309,8,8.68979600704e-05,0.00868979601
2310,3,3.25867350264e-05,0.0032586735
2311,3,3.25867350264e-05,0.0032586735
2312,7,7.60357150616e-05,0.00760357151
2313,6,6.51734700528e-05,0.00651734701
2314,6,6.51734700528e-05,0.00651734701
2315,5,5.4311225044e-05,0.0054311225
2316,5,5.4311225044e-05,0.0054311225
2317,5,5.4311225044e-05,0.0054311225
2318,1,1.08622450088e-05,0.0010862245
2319,5,5.4311225044e-05,0.0054311225
2320,8,8.68979600704e-05,0.00868979601
2321,3,3.25867350264e-05,0.0032586735
2322,2,2.17244900176e-05,0.002172449
2323,4,4.34489800352e-05,0.004344898
2324,4,4.34489800352e-05,0.004344898
2325,3,3.25867350264e-05,0.0032586735
2326,4,4.34489800352e-05,0.004344898
2327,4,4.34489800352e-05,0.004344898
2328,1,1.08622450088e-05,0.0010862245
2329,1,1.08622450088e-05,0.0010862245
2330,1,1.08622450088e-05,0.0010862245
2331,3,3.25867350264e-05,0.0032586735
2332,7,7.60357150616e-05,0.00760357151
2333,2,2.17244900176e-05,0.002172449
2334,2,2.17244900176e-05,0.002172449
2335,2,2.17244900176e-05,0.002172449
2336,5,5.4311225044e-05,0.0054311225
2337,5,5.4311225044e-05,0.0054311225
2338,3,3.25867350264e-05,0.0032586735
2339,6,6.51734700528e-05,0.00651734701
2340,5,5.4311225044e-05,0.0054311225
2341,3,3.25867350264e-05,0.0032586735
2342,5,5.4311225044e-05,0.0054311225
2343,4,4.34489800352e-05,0.004344898
2344,4,4.34489800352e-05,0.004344898
2345,5,5.4311225044e-05,0.0054311225
2346,3,3.25867350264e-05,0.0032586735
2347,3,3.25867350264e-05,0.0032586735
2348,2,2.17244900176e-05,0.002172449
2349,3,3.25867350264e-05,0.0032586735
2350,3,3.25867350264e-05,0.0032586735
2351,1,1.08622450088e-05,0.0010862245
2352,5,5.4311225044e-05,0.0054311225
2353,5,5.4311225044e-05,0.0054311225
2354,2,2.17244900176e-05,0.002172449
2355,5,5.4311225044e-05,0.0054311225
2356,5,5.4311225044e-05,0.0054311225
2357,6,6.51734700528e-05,0.00651734701
2358,6,6.51734700528e-05,0.00651734701
2359,2,2.17244900176e-05,0.002172449
2360,3,3.25867350264e-05,0.0032586735
2361,5,5.4311225044e-05,0.0054311225
2362,9,9.77602050792e-05,0.00977602051
2363,4,4.34489800352e-05,0.004344898
2364,6,6.51734700528e-05,0.00651734701
2365,2,2.17244900176e-05,0.002172449
2367,6,6.51734700528e-05,0.00651734701
2368,2,2.17244900176e-05,0.002172449
2369,2,2.17244900176e-05,0.002172449
2370,5,5.4311225044e-05,0.0054311225
2371,2,2.17244900176e-05,0.002172449
2372,5,5.4311225044e-05,0.0054311225
2373,5,5.4311225044e-05,0.0054311225
2374,2,2.17244900176e-05,0.002172449
2375,3,3.25867350264e-05,0.0032586735
2376,2,2.17244900176e-05,0.002172449
2377,2,2.17244900176e-05,0.002172449
2378,8,8.68979600704e-05,0.00868979601
2379,5,5.4311225044e-05,0.0054311225
2380,4,4.34489800352e-05,0.004344898
2381,1,1.08622450088e-05,0.0010862245
2382,2,2.17244900176e-05,0.002172449
2383,5,5.4311225044e-05,0.0054311225
2384,3,3.25867350264e-05,0.0032586735
2385,4,4.34489800352e-05,0.004344898
2386,3,3.25867350264e-05,0.0032586735
2387,8,8.68979600704e-05,0.00868979601
2388,1,1.08622450088e-05,0.0010862245
2389,2,2.17244900176e-05,0.002172449
2390,3,3.25867350264e-05,0.0032586735
2391,2,2.17244900176e-05,0.002172449
2392,5,5.4311225044e-05,0.0054311225
2393,5,5.4311225044e-05,0.0054311225
2394,7,7.60357150616e-05,0.00760357151
2395,4,4.34489800352e-05,0.004344898
2396,9,9.77602050792e-05,0.00977602051
2397,4,4.34489800352e-05,0.004344898
2398,2,2.17244900176e-05,0.002172449
2399,2,2.17244900176e-05,0.002172449
2400,2,2.17244900176e-05,0.002172449
2401,4,4.34489800352e-05,0.004344898
2402,7,7.60357150616e-05,0.00760357151
2403,7,7.60357150616e-05,0.00760357151
2404,5,5.4311225044e-05,0.0054311225
2405,6,6.51734700528e-05,0.00651734701
2406,4,4.34489800352e-05,0.004344898
2407,9,9.77602050792e-05,0.00977602051
2408,4,4.34489800352e-05,0.004344898
2409,2,2.17244900176e-05,0.002172449
2410,4,4.34489800352e-05,0.004344898
2411,8,8.68979600704e-05,0.00868979601
2412,7,7.60357150616e-05,0.00760357151
2413,3,3.25867350264e-05,0.0032586735
2414,5,5.4311225044e-05,0.0054311225
2415,3,3.25867350264e-05,0.0032586735
2416,4,4.34489800352e-05,0.004344898
2417,4,4.34489800352e-05,0.004344898
2419,2,2.17244900176e-05,0.002172449
2420,2,2.17244900176e-05,0.002172449
2421,4,4.34489800352e-05,0.004344898
2424,2,2.17244900176e-05,0.002172449
2425,1,1.08622450088e-05,0.0010862245
2426,1,1.08622450088e-05,0.0010862245
2427,1,1.08622450088e-05,0.0010862245
2428,2,2.17244900176e-05,0.002172449
2429,2,2.17244900176e-05,0.002172449
2430,2,2.17244900176e-05,0.002172449
2431,2,2.17244900176e-05,0.002172449
2432,4,4.34489800352e-05,0.004344898
2434,3,3.25867350264e-05,0.0032586735
2435,4,4.34489800352e-05,0.004344898
2436,2,2.17244900176e-05,0.002172449
2437,1,1.08622450088e-05,0.0010862245
2438,4,4.34489800352e-05,0.004344898
2439,2,2.17244900176e-05,0.002172449
2440,1,1.08622450088e-05,0.0010862245
2441,1,1.08622450088e-05,0.0010862245
2442,1,1.08622450088e-05,0.0010862245
2443,3,3.25867350264e-05,0.0032586735
2444,1,1.08622450088e-05,0.0010862245
2446,1,1.08622450088e-05,0.0010862245
2447,2,2.17244900176e-05,0.002172449
2448,1,1.08622450088e-05,0.0010862245
2449,3,3.25867350264e-05,0.0032586735
2450,2,2.17244900176e-05,0.002172449
2451,2,2.17244900176e-05,0.002172449
2454,1,1.08622450088e-05,0.0010862245
2456,2,2.17244900176e-05,0.002172449
2457,1,1.08622450088e-05,0.0010862245
2459,2,2.17244900176e-05,0.002172449
2460,1,1.08622450088e-05,0.0010862245
2461,1,1.08622450088e-05,0.0010862245
2463,4,4.34489800352e-05,0.004344898
2464,2,2.17244900176e-05,0.002172449
2465,3,3.25867350264e-05,0.0032586735
2466,2,2.17244900176e-05,0.002172449
2467,1,1.08622450088e-05,0.0010862245
2468,2,2.17244900176e-05,0.002172449
2469,8,8.68979600704e-05,0.00868979601
2470,6,6.51734700528e-05,0.00651734701
2471,2,2.17244900176e-05,0.002172449
2472,9,9.77602050792e-05,0.00977602051
2473,2,2.17244900176e-05,0.002172449
2474,4,4.34489800352e-05,0.004344898
2475,1,1.08622450088e-05,0.0010862245
2476,3,3.25867350264e-05,0.0032586735
2477,6,6.51734700528e-05,0.00651734701
2478,2,2.17244900176e-05,0.002172449
2479,5,5.4311225044e-05,0.0054311225
2480,5,5.4311225044e-05,0.0054311225
2481,2,2.17244900176e-05,0.002172449
2482,2,2.17244900176e-05,0.002172449
2483,2,2.17244900176e-05,0.002172449
2484,5,5.4311225044e-05,0.0054311225
2485,3,3.25867350264e-05,0.0032586735
2486,9,9.77602050792e-05,0.00977602051
2487,3,3.25867350264e-05,0.0032586735
2488,2,2.17244900176e-05,0.002172449
2489,5,5.4311225044e-05,0.0054311225
2490,4,4.34489800352e-05,0.004344898
2491,6,6.51734700528e-05,0.00651734701
2492,4,4.34489800352e-05,0.004344898
2493,8,8.68979600704e-05,0.00868979601
2494,3,3.25867350264e-05,0.0032586735
2495,4,4.34489800352e-05,0.004344898
2496,5,5.4311225044e-05,0.0054311225
2497,2,2.17244900176e-05,0.002172449
2498,5,5.4311225044e-05,0.0054311225
2499,7,7.60357150616e-05,0.00760357151
2500,5,5.4311225044e-05,0.0054311225
2501,1,1.08622450088e-05,0.0010862245
2502,4,4.34489800352e-05,0.004344898
2503,2,2.17244900176e-05,0.002172449
2504,3,3.25867350264e-05,0.0032586735
2505,4,4.34489800352e-05,0.004344898
2506,1,1.08622450088e-05,0.0010862245
2507,1,1.08622450088e-05,0.0010862245
2508,3,3.25867350264e-05,0.0032586735
2509,7,7.60357150616e-05,0.00760357151
2510,6,6.51734700528e-05,0.00651734701
2511,3,3.25867350264e-05,0.0032586735
2512,2,2.17244900176e-05,0.002172449
2513,4,4.34489800352e-05,0.004344898
2514,6,6.51734700528e-05,0.00651734701
2515,2,2.17244900176e-05,0.002172449
2516,2,2.17244900176e-05,0.002172449
2517,2,2.17244900176e-05,0.002172449
2518,5,5.4311225044e-05,0.0054311225
2519,5,5.4311225044e-05,0.0054311225
2520,6,6.51734700528e-05,0.00651734701
2521,3,3.25867350264e-05,0.0032586735
2522,4,4.34489800352e-05,0.004344898
2523,7,7.60357150616e-05,0.00760357151
2524,9,9.77602050792e-05,0.00977602051
2525,11,0.000119484695097,0.0119484695
2526,3,3.25867350264e-05,0.0032586735
2527,7,7.60357150616e-05,0.00760357151
2528,8,8.68979600704e-05,0.00868979601
2529,8,8.68979600704e-05,0.00868979601
2530,9,9.77602050792e-05,0.00977602051
2531,8,8.68979600704e-05,0.00868979601
2532,4,4.34489800352e-05,0.004344898
2533,10,0.000108622450088,0.010862245
2534,10,0.000108622450088,0.010862245
2535,5,5.4311225044e-05,0.0054311225
2536,1,1.08622450088e-05,0.0010862245
2537,7,7.60357150616e-05,0.00760357151
2538,7,7.60357150616e-05,0.00760357151
2539,6,6.51734700528e-05,0.00651734701
2540,9,9.77602050792e-05,0.00977602051
2541,5,5.4311225044e-05,0.0054311225
2542,8,8.68979600704e-05,0.00868979601
2543,7,7.60357150616e-05,0.00760357151
2544,11,0.000119484695097,0.0119484695
2545,14,0.000152071430123,0.015207143
2546,12,0.000130346940106,0.013034694
2547,9,9.77602050792e-05,0.00977602051
2548,6,6.51734700528e-05,0.00651734701
2549,7,7.60357150616e-05,0.00760357151
2550,2,2.17244900176e-05,0.002172449
2551,6,6.51734700528e-05,0.00651734701
2552,2,2.17244900176e-05,0.002172449
2553,1,1.08622450088e-05,0.0010862245
2554,6,6.51734700528e-05,0.00651734701
2555,2,2.17244900176e-05,0.002172449
2556,4,4.34489800352e-05,0.004344898
2557,2,2.17244900176e-05,0.002172449
2559,1,1.08622450088e-05,0.0010862245
2560,519,0.00563750515957,0.563750516
2561,1,1.08622450088e-05,0.0010862245
2562,5,5.4311225044e-05,0.0054311225
2563,6,6.51734700528e-05,0.00651734701
2564,6,6.51734700528e-05,0.00651734701
2565,7,7.60357150616e-05,0.00760357151
2566,3,3.25867350264e-05,0.0032586735
2567,2,2.17244900176e-05,0.002172449
2568,2,2.17244900176e-05,0.002172449
2569,2,2.17244900176e-05,0.002172449
2570,5,5.4311225044e-05,0.0054311225
2571,6,6.51734700528e-05,0.00651734701
2572,3,3.25867350264e-05,0.0032586735
2573,5,5.4311225044e-05,0.0054311225
2574,13,0.000141209185114,0.0141209185
2575,5,5.4311225044e-05,0.0054311225
2576,8,8.68979600704e-05,0.00868979601
2577,5,5.4311225044e-05,0.0054311225
2578,4,4.34489800352e-05,0.004344898
2579,4,4.34489800352e-05,0.004344898
2580,1,1.08622450088e-05,0.0010862245
2581,1,1.08622450088e-05,0.0010862245
2582,5,5.4311225044e-05,0.0054311225
2583,3,3.25867350264e-05,0.0032586735
2584,4,4.34489800352e-05,0.004344898
2585,1,1.08622450088e-05,0.0010862245
2586,2,2.17244900176e-05,0.002172449
2587,2,2.17244900176e-05,0.002172449
2588,2,2.17244900176e-05,0.002172449
2589,3,3.25867350264e-05,0.0032586735
2590,1,1.08622450088e-05,0.0010862245
2591,2,2.17244900176e-05,0.002172449
2592,1,1.08622450088e-05,0.0010862245
2593,5,5.4311225044e-05,0.0054311225
2594,1,1.08622450088e-05,0.0010862245
2595,1,1.08622450088e-05,0.0010862245
2596,6,6.51734700528e-05,0.00651734701
2597,1,1.08622450088e-05,0.0010862245
2598,3,3.25867350264e-05,0.0032586735
2599,4,4.34489800352e-05,0.004344898
2600,3,3.25867350264e-05,0.0032586735
2601,2,2.17244900176e-05,0.002172449
2602,4,4.34489800352e-05,0.004344898
2603,2,2.17244900176e-05,0.002172449
2604,1,1.08622450088e-05,0.0010862245
2605,3,3.25867350264e-05,0.0032586735
2606,1,1.08622450088e-05,0.0010862245
2607,2,2.17244900176e-05,0.002172449
2608,1,1.08622450088e-05,0.0010862245
2609,6,6.51734700528e-05,0.00651734701
2610,4,4.34489800352e-05,0.004344898
2611,3,3.25867350264e-05,0.0032586735
2612,2,2.17244900176e-05,0.002172449
2613,3,3.25867350264e-05,0.0032586735
2614,2,2.17244900176e-05,0.002172449
2615,1,1.08622450088e-05,0.0010862245
2616,4,4.34489800352e-05,0.004344898
2617,4,4.34489800352e-05,0.004344898
2619,3,3.25867350264e-05,0.0032586735
2622,2,2.17244900176e-05,0.002172449
2623,2,2.17244900176e-05,0.002172449
2624,3,3.25867350264e-05,0.0032586735
2625,4,4.34489800352e-05,0.004344898
2626,3,3.25867350264e-05,0.0032586735
2627,1,1.08622450088e-05,0.0010862245
2628,2,2.17244900176e-05,0.002172449
2629,2,2.17244900176e-05,0.002172449
2630,2,2.17244900176e-05,0.002172449
2631,4,4.34489800352e-05,0.004344898
2632,1,1.08622450088e-05,0.0010862245
2633,2,2.17244900176e-05,0.002172449
2634,4,4.34489800352e-05,0.004344898
2635,2,2.17244900176e-05,0.002172449
2636,3,3.25867350264e-05,0.0032586735
2637,6,6.51734700528e-05,0.00651734701
2638,6,6.51734700528e-05,0.00651734701
2639,5,5.4311225044e-05,0.0054311225
2640,6,6.51734700528e-05,0.00651734701
2641,3,3.25867350264e-05,0.0032586735
2642,4,4.34489800352e-05,0.004344898
2643,2,2.17244900176e-05,0.002172449
2644,6,6.51734700528e-05,0.00651734701
2645,10,0.000108622450088,0.010862245
2646,3,3.25867350264e-05,0.0032586735
2647,6,6.51734700528e-05,0.00651734701
2648,2,2.17244900176e-05,0.002172449
2649,6,6.51734700528e-05,0.00651734701
2650,4,4.34489800352e-05,0.004344898
2651,1,1.08622450088e-05,0.0010862245
2652,3,3.25867350264e-05,0.0032586735
2654,4,4.34489800352e-05,0.004344898
2655,4,4.34489800352e-05,0.004344898
2656,3,3.25867350264e-05,0.0032586735
2657,3,3.25867350264e-05,0.0032586735
2658,3,3.25867350264e-05,0.0032586735
2659,2,2.17244900176e-05,0.002172449
2660,3,3.25867350264e-05,0.0032586735
2661,7,7.60357150616e-05,0.00760357151
2662,2,2.17244900176e-05,0.002172449
2663,1,1.08622450088e-05,0.0010862245
2664,5,5.4311225044e-05,0.0054311225
2667,1,1.08622450088e-05,0.0010862245
2668,4,4.34489800352e-05,0.004344898
2669,8,8.68979600704e-05,0.00868979601
2670,2,2.17244900176e-05,0.002172449
2671,4,4.34489800352e-05,0.004344898
2672,3,3.25867350264e-05,0.0032586735
2673,2,2.17244900176e-05,0.002172449
2674,1,1.08622450088e-05,0.0010862245
2675,1,1.08622450088e-05,0.0010862245
2676,3,3.25867350264e-05,0.0032586735
2677,4,4.34489800352e-05,0.004344898
2678,3,3.25867350264e-05,0.0032586735
2680,1,1.08622450088e-05,0.0010862245
2681,2,2.17244900176e-05,0.002172449
2682,4,4.34489800352e-05,0.004344898
2683,1,1.08622450088e-05,0.0010862245
2684,5,5.4311225044e-05,0.0054311225
2685,4,4.34489800352e-05,0.004344898
2686,3,3.25867350264e-05,0.0032586735
2687,4,4.34489800352e-05,0.004344898
2688,1,1.08622450088e-05,0.0010862245
2689,1,1.08622450088e-05,0.0010862245
2690,4,4.34489800352e-05,0.004344898
2691,4,4.34489800352e-05,0.004344898
2692,4,4.34489800352e-05,0.004344898
2693,6,6.51734700528e-05,0.00651734701
2694,3,3.25867350264e-05,0.0032586735
2695,3,3.25867350264e-05,0.0032586735
2696,4,4.34489800352e-05,0.004344898
2697,4,4.34489800352e-05,0.004344898
2698,1,1.08622450088e-05,0.0010862245
2699,2,2.17244900176e-05,0.002172449
2700,2,2.17244900176e-05,0.002172449
2701,2,2.17244900176e-05,0.002172449
2702,1,1.08622450088e-05,0.0010862245
2703,1,1.08622450088e-05,0.0010862245
2704,1,1.08622450088e-05,0.0010862245
2705,3,3.25867350264e-05,0.0032586735
2706,4,4.34489800352e-05,0.004344898
2708,4,4.34489800352e-05,0.004344898
2709,2,2.17244900176e-05,0.002172449
2710,2,2.17244900176e-05,0.002172449
2711,3,3.25867350264e-05,0.0032586735
2712,3,3.25867350264e-05,0.0032586735
2713,1,1.08622450088e-05,0.0010862245
2714,1,1.08622450088e-05,0.0010862245
2715,3,3.25867350264e-05,0.0032586735
2716,7,7.60357150616e-05,0.00760357151
2717,2,2.17244900176e-05,0.002172449
2718,5,5.4311225044e-05,0.0054311225
2719,4,4.34489800352e-05,0.004344898
2720,3,3.25867350264e-05,0.0032586735
2721,3,3.25867350264e-05,0.0032586735
2722,4,4.34489800352e-05,0.004344898
2723,3,3.25867350264e-05,0.0032586735
2725,5,5.4311225044e-05,0.0054311225
2726,1,1.08622450088e-05,0.0010862245
2727,7,7.60357150616e-05,0.00760357151
2728,2,2.17244900176e-05,0.002172449
2729,2,2.17244900176e-05,0.002172449
2730,3,3.25867350264e-05,0.0032586735
2731,6,6.51734700528e-05,0.00651734701
2732,3,3.25867350264e-05,0.0032586735
2733,3,3.25867350264e-05,0.0032586735
2734,4,4.34489800352e-05,0.004344898
2735,5,5.4311225044e-05,0.0054311225
2736,6,6.51734700528e-05,0.00651734701
2737,2,2.17244900176e-05,0.002172449
2738,3,3.25867350264e-05,0.0032586735
2739,6,6.51734700528e-05,0.00651734701
2740,3,3.25867350264e-05,0.0032586735
2741,6,6.51734700528e-05,0.00651734701
2742,3,3.25867350264e-05,0.0032586735
2743,3,3.25867350264e-05,0.0032586735
2744,6,6.51734700528e-05,0.00651734701
2745,1,1.08622450088e-05,0.0010862245
2746,3,3.25867350264e-05,0.0032586735
2747,5,5.4311225044e-05,0.0054311225
2748,2,2.17244900176e-05,0.002172449
2749,2,2.17244900176e-05,0.002172449
2750,3,3.25867350264e-05,0.0032586735
2751,1,1.08622450088e-05,0.0010862245
2752,1,1.08622450088e-05,0.0010862245
2753,2,2.17244900176e-05,0.002172449
2754,6,6.51734700528e-05,0.00651734701
2755,1,1.08622450088e-05,0.0010862245
2756,4,4.34489800352e-05,0.004344898
2757,3,3.25867350264e-05,0.0032586735
2758,2,2.17244900176e-05,0.002172449
2760,2,2.17244900176e-05,0.002172449
2761,2,2.17244900176e-05,0.002172449
2762,4,4.34489800352e-05,0.004344898
2763,5,5.4311225044e-05,0.0054311225
2764,3,3.25867350264e-05,0.0032586735
2765,2,2.17244900176e-05,0.002172449
2766,2,2.17244900176e-05,0.002172449
2767,3,3.25867350264e-05,0.0032586735
2768,2,2.17244900176e-05,0.002172449
2769,2,2.17244900176e-05,0.002172449
2770,3,3.25867350264e-05,0.0032586735
2771,2,2.17244900176e-05,0.002172449
2773,5,5.4311225044e-05,0.0054311225
2775,6,6.51734700528e-05,0.00651734701
2777,1,1.08622450088e-05,0.0010862245
2778,4,4.34489800352e-05,0.004344898
2779,3,3.25867350264e-05,0.0032586735
2780,4,4.34489800352e-05,0.004344898
2781,2,2.17244900176e-05,0.002172449
2782,3,3.25867350264e-05,0.0032586735
2783,5,5.4311225044e-05,0.0054311225
2784,3,3.25867350264e-05,0.0032586735
2785,2,2.17244900176e-05,0.002172449
2786,4,4.34489800352e-05,0.004344898
2787,3,3.25867350264e-05,0.0032586735
2790,2,2.17244900176e-05,0.002172449
2791,2,2.17244900176e-05,0.002172449
2793,1,1.08622450088e-05,0.0010862245
2794,3,3.25867350264e-05,0.0032586735
2795,1,1.08622450088e-05,0.0010862245
2796,3,3.25867350264e-05,0.0032586735
2797,2,2.17244900176e-05,0.002172449
2798,2,2.17244900176e-05,0.002172449
2799,1,1.08622450088e-05,0.0010862245
2800,2,2.17244900176e-05,0.002172449
2803,1,1.08622450088e-05,0.0010862245
2804,1,1.08622450088e-05,0.0010862245
2805,4,4.34489800352e-05,0.004344898
2806,3,3.25867350264e-05,0.0032586735
2809,1,1.08622450088e-05,0.0010862245
2812,3,3.25867350264e-05,0.0032586735
2814,2,2.17244900176e-05,0.002172449
2815,1,1.08622450088e-05,0.0010862245
2816,2,2.17244900176e-05,0.002172449
2817,2,2.17244900176e-05,0.002172449
2818,1,1.08622450088e-05,0.0010862245
2819,2,2.17244900176e-05,0.002172449
2820,2,2.17244900176e-05,0.002172449
2822,1,1.08622450088e-05,0.0010862245
2823,1,1.08622450088e-05,0.0010862245
2824,1,1.08622450088e-05,0.0010862245
2826,1,1.08622450088e-05,0.0010862245
2827,1,1.08622450088e-05,0.0010862245
2828,1,1.08622450088e-05,0.0010862245
2829,1,1.08622450088e-05,0.0010862245
2832,2,2.17244900176e-05,0.002172449
2833,1,1.08622450088e-05,0.0010862245
2834,2,2.17244900176e-05,0.002172449
2835,1,1.08622450088e-05,0.0010862245
2836,1,1.08622450088e-05,0.0010862245
2839,4,4.34489800352e-05,0.004344898
2841,1,1.08622450088e-05,0.0010862245
2846,2,2.17244900176e-05,0.002172449
2847,3,3.25867350264e-05,0.0032586735
2848,2,2.17244900176e-05,0.002172449
2849,1,1.08622450088e-05,0.0010862245
2850,2,2.17244900176e-05,0.002172449
2851,2,2.17244900176e-05,0.002172449
2852,3,3.25867350264e-05,0.0032586735
2854,2,2.17244900176e-05,0.002172449
2856,1,1.08622450088e-05,0.0010862245
2857,1,1.08622450088e-05,0.0010862245
2860,1,1.08622450088e-05,0.0010862245
2865,2,2.17244900176e-05,0.002172449
2866,1,1.08622450088e-05,0.0010862245
2867,2,2.17244900176e-05,0.002172449
2869,1,1.08622450088e-05,0.0010862245
2871,1,1.08622450088e-05,0.0010862245
2873,3,3.25867350264e-05,0.0032586735
2876,2,2.17244900176e-05,0.002172449
2877,2,2.17244900176e-05,0.002172449
2879,1,1.08622450088e-05,0.0010862245
2880,1,1.08622450088e-05,0.0010862245
2882,1,1.08622450088e-05,0.0010862245
2883,1,1.08622450088e-05,0.0010862245
2884,3,3.25867350264e-05,0.0032586735
2885,1,1.08622450088e-05,0.0010862245
2886,2,2.17244900176e-05,0.002172449
2888,1,1.08622450088e-05,0.0010862245
2890,1,1.08622450088e-05,0.0010862245
2891,2,2.17244900176e-05,0.002172449
2893,1,1.08622450088e-05,0.0010862245
2894,2,2.17244900176e-05,0.002172449
2896,2,2.17244900176e-05,0.002172449
2897,1,1.08622450088e-05,0.0010862245
2900,2,2.17244900176e-05,0.002172449
2902,1,1.08622450088e-05,0.0010862245
2903,1,1.08622450088e-05,0.0010862245
2905,1,1.08622450088e-05,0.0010862245
2906,3,3.25867350264e-05,0.0032586735
2907,1,1.08622450088e-05,0.0010862245
2908,4,4.34489800352e-05,0.004344898
2909,1,1.08622450088e-05,0.0010862245
2910,2,2.17244900176e-05,0.002172449
2911,1,1.08622450088e-05,0.0010862245
2913,1,1.08622450088e-05,0.0010862245
2914,1,1.08622450088e-05,0.0010862245
2916,1,1.08622450088e-05,0.0010862245
2917,4,4.34489800352e-05,0.004344898
2918,1,1.08622450088e-05,0.0010862245
2920,1,1.08622450088e-05,0.0010862245
2921,1,1.08622450088e-05,0.0010862245
2923,3,3.25867350264e-05,0.0032586735
2924,2,2.17244900176e-05,0.002172449
2925,21,0.000228107145185,0.0228107145
2926,4,4.34489800352e-05,0.004344898
2927,2,2.17244900176e-05,0.002172449
2928,1,1.08622450088e-05,0.0010862245
2929,2,2.17244900176e-05,0.002172449
2930,2,2.17244900176e-05,0.002172449
2931,2,2.17244900176e-05,0.002172449
2932,1,1.08622450088e-05,0.0010862245
2933,1,1.08622450088e-05,0.0010862245
2934,2,2.17244900176e-05,0.002172449
2935,1,1.08622450088e-05,0.0010862245
2936,2,2.17244900176e-05,0.002172449
2937,1,1.08622450088e-05,0.0010862245
2940,1,1.08622450088e-05,0.0010862245
2941,1,1.08622450088e-05,0.0010862245
2942,2,2.17244900176e-05,0.002172449
2943,1,1.08622450088e-05,0.0010862245
2944,1,1.08622450088e-05,0.0010862245
2945,2,2.17244900176e-05,0.002172449
2946,2,2.17244900176e-05,0.002172449
2948,1,1.08622450088e-05,0.0010862245
2950,2,2.17244900176e-05,0.002172449
2952,5,5.4311225044e-05,0.0054311225
2955,1,1.08622450088e-05,0.0010862245
2957,1,1.08622450088e-05,0.0010862245
2958,1,1.08622450088e-05,0.0010862245
2959,1,1.08622450088e-05,0.0010862245
2960,1,1.08622450088e-05,0.0010862245
2962,1,1.08622450088e-05,0.0010862245
2963,1,1.08622450088e-05,0.0010862245
2964,2,2.17244900176e-05,0.002172449
2969,2,2.17244900176e-05,0.002172449
2970,1,1.08622450088e-05,0.0010862245
2975,3,3.25867350264e-05,0.0032586735
2977,1,1.08622450088e-05,0.0010862245
2983,1,1.08622450088e-05,0.0010862245
2984,1,1.08622450088e-05,0.0010862245
2985,1,1.08622450088e-05,0.0010862245
2987,1,1.08622450088e-05,0.0010862245
2989,2,2.17244900176e-05,0.002172449
2990,1,1.08622450088e-05,0.0010862245
2993,1,1.08622450088e-05,0.0010862245
3000,1,1.08622450088e-05,0.0010862245
3001,1,1.08622450088e-05,0.0010862245
3002,3,3.25867350264e-05,0.0032586735
3004,2,2.17244900176e-05,0.002172449
3005,4,4.34489800352e-05,0.004344898
3006,3,3.25867350264e-05,0.0032586735
3007,1,1.08622450088e-05,0.0010862245
3008,1,1.08622450088e-05,0.0010862245
3012,1,1.08622450088e-05,0.0010862245
3013,1,1.08622450088e-05,0.0010862245
3014,1,1.08622450088e-05,0.0010862245
3015,2,2.17244900176e-05,0.002172449
3016,1,1.08622450088e-05,0.0010862245
3018,1,1.08622450088e-05,0.0010862245
3019,1,1.08622450088e-05,0.0010862245
3021,1,1.08622450088e-05,0.0010862245
3022,1,1.08622450088e-05,0.0010862245
3023,1,1.08622450088e-05,0.0010862245
3024,1,1.08622450088e-05,0.0010862245
3025,1,1.08622450088e-05,0.0010862245
3026,2,2.17244900176e-05,0.002172449
3027,4,4.34489800352e-05,0.004344898
3029,1,1.08622450088e-05,0.0010862245
3030,1,1.08622450088e-05,0.0010862245
3032,2,2.17244900176e-05,0.002172449
3035,2,2.17244900176e-05,0.002172449
3036,1,1.08622450088e-05,0.0010862245
3037,1,1.08622450088e-05,0.0010862245
3038,3,3.25867350264e-05,0.0032586735
3041,1,1.08622450088e-05,0.0010862245
3043,1,1.08622450088e-05,0.0010862245
3045,5,5.4311225044e-05,0.0054311225
3047,1,1.08622450088e-05,0.0010862245
3048,3,3.25867350264e-05,0.0032586735
3049,3,3.25867350264e-05,0.0032586735
3050,2,2.17244900176e-05,0.002172449
3051,3,3.25867350264e-05,0.0032586735
3052,2,2.17244900176e-05,0.002172449
3053,2,2.17244900176e-05,0.002172449
3054,2,2.17244900176e-05,0.002172449
3055,5,5.4311225044e-05,0.0054311225
3056,3,3.25867350264e-05,0.0032586735
3057,2,2.17244900176e-05,0.002172449
3058,3,3.25867350264e-05,0.0032586735
3059,1,1.08622450088e-05,0.0010862245
3060,3,3.25867350264e-05,0.0032586735
3061,2,2.17244900176e-05,0.002172449
3062,3,3.25867350264e-05,0.0032586735
3063,1,1.08622450088e-05,0.0010862245
3065,4,4.34489800352e-05,0.004344898
3067,1,1.08622450088e-05,0.0010862245
3068,3,3.25867350264e-05,0.0032586735
3069,2,2.17244900176e-05,0.002172449
3070,3,3.25867350264e-05,0.0032586735
3071,2,2.17244900176e-05,0.002172449
3073,1,1.08622450088e-05,0.0010862245
3074,4,4.34489800352e-05,0.004344898
3075,1,1.08622450088e-05,0.0010862245
3076,2,2.17244900176e-05,0.002172449
3077,2,2.17244900176e-05,0.002172449
3079,1,1.08622450088e-05,0.0010862245
3080,1,1.08622450088e-05,0.0010862245
3081,1,1.08622450088e-05,0.0010862245
3082,7,7.60357150616e-05,0.00760357151
3083,2,2.17244900176e-05,0.002172449
3084,6,6.51734700528e-05,0.00651734701
3085,1,1.08622450088e-05,0.0010862245
3086,1,1.08622450088e-05,0.0010862245
3088,3,3.25867350264e-05,0.0032586735
3089,3,3.25867350264e-05,0.0032586735
3090,4,4.34489800352e-05,0.004344898
3092,2,2.17244900176e-05,0.002172449
3093,5,5.4311225044e-05,0.0054311225
3094,1,1.08622450088e-05,0.0010862245
3095,1,1.08622450088e-05,0.0010862245
3096,5,5.4311225044e-05,0.0054311225
3097,4,4.34489800352e-05,0.004344898
3099,1,1.08622450088e-05,0.0010862245
3100,2,2.17244900176e-05,0.002172449
3101,1,1.08622450088e-05,0.0010862245
3102,2,2.17244900176e-05,0.002172449
3103,2,2.17244900176e-05,0.002172449
3104,4,4.34489800352e-05,0.004344898
3105,4,4.34489800352e-05,0.004344898
3106,2,2.17244900176e-05,0.002172449
3107,1,1.08622450088e-05,0.0010862245
3108,1,1.08622450088e-05,0.0010862245
3109,2,2.17244900176e-05,0.002172449
3111,2,2.17244900176e-05,0.002172449
3112,1,1.08622450088e-05,0.0010862245
3114,5,5.4311225044e-05,0.0054311225
3115,8,8.68979600704e-05,0.00868979601
3116,1,1.08622450088e-05,0.0010862245
3117,4,4.34489800352e-05,0.004344898
3118,4,4.34489800352e-05,0.004344898
3119,3,3.25867350264e-05,0.0032586735
3120,6,6.51734700528e-05,0.00651734701
3121,3,3.25867350264e-05,0.0032586735
3122,2,2.17244900176e-05,0.002172449
3123,2,2.17244900176e-05,0.002172449
3124,5,5.4311225044e-05,0.0054311225
3125,1,1.08622450088e-05,0.0010862245
3126,3,3.25867350264e-05,0.0032586735
3127,5,5.4311225044e-05,0.0054311225
3128,3,3.25867350264e-05,0.0032586735
3129,3,3.25867350264e-05,0.0032586735
3130,4,4.34489800352e-05,0.004344898
3131,2,2.17244900176e-05,0.002172449
3132,2,2.17244900176e-05,0.002172449
3134,3,3.25867350264e-05,0.0032586735
3135,2,2.17244900176e-05,0.002172449
3136,2,2.17244900176e-05,0.002172449
3137,3,3.25867350264e-05,0.0032586735
3138,2,2.17244900176e-05,0.002172449
3139,4,4.34489800352e-05,0.004344898
3140,2,2.17244900176e-05,0.002172449
3141,4,4.34489800352e-05,0.004344898
3142,4,4.34489800352e-05,0.004344898
3143,4,4.34489800352e-05,0.004344898
3144,1,1.08622450088e-05,0.0010862245
3145,1,1.08622450088e-05,0.0010862245
3146,2,2.17244900176e-05,0.002172449
3147,2,2.17244900176e-05,0.002172449
3149,1,1.08622450088e-05,0.0010862245
3150,1,1.08622450088e-05,0.0010862245
3151,1,1.08622450088e-05,0.0010862245
3152,1,1.08622450088e-05,0.0010862245
3153,1,1.08622450088e-05,0.0010862245
3154,1,1.08622450088e-05,0.0010862245
3156,2,2.17244900176e-05,0.002172449
3157,3,3.25867350264e-05,0.0032586735
3158,1,1.08622450088e-05,0.0010862245
3159,2,2.17244900176e-05,0.002172449
3161,3,3.25867350264e-05,0.0032586735
3162,1,1.08622450088e-05,0.0010862245
3163,1,1.08622450088e-05,0.0010862245
3164,1,1.08622450088e-05,0.0010862245
3165,3,3.25867350264e-05,0.0032586735
3166,1,1.08622450088e-05,0.0010862245
3167,1,1.08622450088e-05,0.0010862245
3168,4,4.34489800352e-05,0.004344898
3170,1,1.08622450088e-05,0.0010862245
3172,1,1.08622450088e-05,0.0010862245
3173,1,1.08622450088e-05,0.0010862245
3174,5,5.4311225044e-05,0.0054311225
3175,1,1.08622450088e-05,0.0010862245
3176,2,2.17244900176e-05,0.002172449
3177,2,2.17244900176e-05,0.002172449
3180,1,1.08622450088e-05,0.0010862245
3181,1,1.08622450088e-05,0.0010862245
3182,2,2.17244900176e-05,0.002172449
3183,1,1.08622450088e-05,0.0010862245
3184,1,1.08622450088e-05,0.0010862245
3185,1,1.08622450088e-05,0.0010862245
3186,2,2.17244900176e-05,0.002172449
3187,2,2.17244900176e-05,0.002172449
3189,2,2.17244900176e-05,0.002172449
3192,1,1.08622450088e-05,0.0010862245
3193,1,1.08622450088e-05,0.0010862245
3194,2,2.17244900176e-05,0.002172449
3195,1,1.08622450088e-05,0.0010862245
3196,1,1.08622450088e-05,0.0010862245
3197,1,1.08622450088e-05,0.0010862245
3200,1,1.08622450088e-05,0.0010862245
3201,2,2.17244900176e-05,0.002172449
3202,2,2.17244900176e-05,0.002172449
3203,5,5.4311225044e-05,0.0054311225
3204,1,1.08622450088e-05,0.0010862245
3205,2,2.17244900176e-05,0.002172449
3206,2,2.17244900176e-05,0.002172449
3207,1,1.08622450088e-05,0.0010862245
3208,1,1.08622450088e-05,0.0010862245
3210,1,1.08622450088e-05,0.0010862245
3211,1,1.08622450088e-05,0.0010862245
3212,1,1.08622450088e-05,0.0010862245
3214,1,1.08622450088e-05,0.0010862245
3215,2,2.17244900176e-05,0.002172449
3216,1,1.08622450088e-05,0.0010862245
3218,4,4.34489800352e-05,0.004344898
3219,1,1.08622450088e-05,0.0010862245
3221,1,1.08622450088e-05,0.0010862245
3222,4,4.34489800352e-05,0.004344898
3223,3,3.25867350264e-05,0.0032586735
3224,2,2.17244900176e-05,0.002172449
3225,1,1.08622450088e-05,0.0010862245
3227,1,1.08622450088e-05,0.0010862245
3229,3,3.25867350264e-05,0.0032586735
3230,2,2.17244900176e-05,0.002172449
3231,4,4.34489800352e-05,0.004344898
3233,2,2.17244900176e-05,0.002172449
3235,1,1.08622450088e-05,0.0010862245
3236,1,1.08622450088e-05,0.0010862245
3237,2,2.17244900176e-05,0.002172449
3239,1,1.08622450088e-05,0.0010862245
3242,1,1.08622450088e-05,0.0010862245
3244,3,3.25867350264e-05,0.0032586735
3245,1,1.08622450088e-05,0.0010862245
3247,1,1.08622450088e-05,0.0010862245
3253,2,2.17244900176e-05,0.002172449
3254,2,2.17244900176e-05,0.002172449
3255,1,1.08622450088e-05,0.0010862245
3257,1,1.08622450088e-05,0.0010862245
3259,2,2.17244900176e-05,0.002172449
3260,1,1.08622450088e-05,0.0010862245
3261,3,3.25867350264e-05,0.0032586735
3262,2,2.17244900176e-05,0.002172449
3264,1,1.08622450088e-05,0.0010862245
3266,1,1.08622450088e-05,0.0010862245
3267,1,1.08622450088e-05,0.0010862245
3269,2,2.17244900176e-05,0.002172449
3270,1,1.08622450088e-05,0.0010862245
3273,1,1.08622450088e-05,0.0010862245
3274,1,1.08622450088e-05,0.0010862245
3275,3,3.25867350264e-05,0.0032586735
3276,2,2.17244900176e-05,0.002172449
3279,1,1.08622450088e-05,0.0010862245
3281,2,2.17244900176e-05,0.002172449
3282,1,1.08622450088e-05,0.0010862245
3284,2,2.17244900176e-05,0.002172449
3286,1,1.08622450088e-05,0.0010862245
3290,4,4.34489800352e-05,0.004344898
3291,1,1.08622450088e-05,0.0010862245
3292,1,1.08622450088e-05,0.0010862245
3293,2,2.17244900176e-05,0.002172449
3294,1,1.08622450088e-05,0.0010862245
3296,2,2.17244900176e-05,0.002172449
3297,2,2.17244900176e-05,0.002172449
3299,1,1.08622450088e-05,0.0010862245
3300,2,2.17244900176e-05,0.002172449
3302,1,1.08622450088e-05,0.0010862245
3304,1,1.08622450088e-05,0.0010862245
3305,1,1.08622450088e-05,0.0010862245
3307,1,1.08622450088e-05,0.0010862245
3308,1,1.08622450088e-05,0.0010862245
3310,1,1.08622450088e-05,0.0010862245
3311,4,4.34489800352e-05,0.004344898
3312,1,1.08622450088e-05,0.0010862245
3313,3,3.25867350264e-05,0.0032586735
3315,3,3.25867350264e-05,0.0032586735
3316,2,2.17244900176e-05,0.002172449
3317,1,1.08622450088e-05,0.0010862245
3319,1,1.08622450088e-05,0.0010862245
3322,1,1.08622450088e-05,0.0010862245
3323,2,2.17244900176e-05,0.002172449
3324,5,5.4311225044e-05,0.0054311225
3325,1,1.08622450088e-05,0.0010862245
3326,1,1.08622450088e-05,0.0010862245
3327,2,2.17244900176e-05,0.002172449
3330,1,1.08622450088e-05,0.0010862245
3331,4,4.34489800352e-05,0.004344898
3334,1,1.08622450088e-05,0.0010862245
3335,2,2.17244900176e-05,0.002172449
3339,2,2.17244900176e-05,0.002172449
3341,4,4.34489800352e-05,0.004344898
3342,1,1.08622450088e-05,0.0010862245
3343,2,2.17244900176e-05,0.002172449
3344,1,1.08622450088e-05,0.0010862245
3346,2,2.17244900176e-05,0.002172449
3347,1,1.08622450088e-05,0.0010862245
3348,1,1.08622450088e-05,0.0010862245
3349,1,1.08622450088e-05,0.0010862245
3350,1,1.08622450088e-05,0.0010862245
3351,1,1.08622450088e-05,0.0010862245
3352,1,1.08622450088e-05,0.0010862245
3354,2,2.17244900176e-05,0.002172449
3360,3,3.25867350264e-05,0.0032586735
3361,1,1.08622450088e-05,0.0010862245
3362,1,1.08622450088e-05,0.0010862245
3365,2,2.17244900176e-05,0.002172449
3369,2,2.17244900176e-05,0.002172449
3370,1,1.08622450088e-05,0.0010862245
3371,1,1.08622450088e-05,0.0010862245
3374,1,1.08622450088e-05,0.0010862245
3378,2,2.17244900176e-05,0.002172449
3379,1,1.08622450088e-05,0.0010862245
3380,1,1.08622450088e-05,0.0010862245
3382,3,3.25867350264e-05,0.0032586735
3383,1,1.08622450088e-05,0.0010862245
3384,3,3.25867350264e-05,0.0032586735
3385,1,1.08622450088e-05,0.0010862245
3386,2,2.17244900176e-05,0.002172449
3387,1,1.08622450088e-05,0.0010862245
3388,1,1.08622450088e-05,0.0010862245
3389,1,1.08622450088e-05,0.0010862245
3391,2,2.17244900176e-05,0.002172449
3392,3,3.25867350264e-05,0.0032586735
3393,1,1.08622450088e-05,0.0010862245
3395,1,1.08622450088e-05,0.0010862245
3396,3,3.25867350264e-05,0.0032586735
3397,2,2.17244900176e-05,0.002172449
3399,1,1.08622450088e-05,0.0010862245
3400,1,1.08622450088e-05,0.0010862245
3402,1,1.08622450088e-05,0.0010862245
3404,1,1.08622450088e-05,0.0010862245
3406,1,1.08622450088e-05,0.0010862245
3407,2,2.17244900176e-05,0.002172449
3408,1,1.08622450088e-05,0.0010862245
3409,1,1.08622450088e-05,0.0010862245
3411,1,1.08622450088e-05,0.0010862245
3412,1,1.08622450088e-05,0.0010862245
3413,1,1.08622450088e-05,0.0010862245
3417,1,1.08622450088e-05,0.0010862245
3418,2,2.17244900176e-05,0.002172449
3419,1,1.08622450088e-05,0.0010862245
3420,2,2.17244900176e-05,0.002172449
3421,1,1.08622450088e-05,0.0010862245
3422,1,1.08622450088e-05,0.0010862245
3423,3,3.25867350264e-05,0.0032586735
3424,2,2.17244900176e-05,0.002172449
3425,5,5.4311225044e-05,0.0054311225
3426,3,3.25867350264e-05,0.0032586735
3427,4,4.34489800352e-05,0.004344898
3428,6,6.51734700528e-05,0.00651734701
3429,7,7.60357150616e-05,0.00760357151
3430,9,9.77602050792e-05,0.00977602051
3431,7,7.60357150616e-05,0.00760357151
3432,14,0.000152071430123,0.015207143
3433,10,0.000108622450088,0.010862245
3434,3,3.25867350264e-05,0.0032586735
3435,5,5.4311225044e-05,0.0054311225
3436,7,7.60357150616e-05,0.00760357151
3437,3,3.25867350264e-05,0.0032586735
3438,5,5.4311225044e-05,0.0054311225
3439,8,8.68979600704e-05,0.00868979601
3440,7,7.60357150616e-05,0.00760357151
3441,7,7.60357150616e-05,0.00760357151
3442,8,8.68979600704e-05,0.00868979601
3443,8,8.68979600704e-05,0.00868979601
3444,4,4.34489800352e-05,0.004344898
3445,5,5.4311225044e-05,0.0054311225
3446,5,5.4311225044e-05,0.0054311225
3447,7,7.60357150616e-05,0.00760357151
3448,1,1.08622450088e-05,0.0010862245
3449,11,0.000119484695097,0.0119484695
3450,4,4.34489800352e-05,0.004344898
3451,6,6.51734700528e-05,0.00651734701
3452,5,5.4311225044e-05,0.0054311225
3453,3,3.25867350264e-05,0.0032586735
3454,5,5.4311225044e-05,0.0054311225
3455,3,3.25867350264e-05,0.0032586735
3456,9,9.77602050792e-05,0.00977602051
3457,2,2.17244900176e-05,0.002172449
3458,7,7.60357150616e-05,0.00760357151
3459,2,2.17244900176e-05,0.002172449
3460,4,4.34489800352e-05,0.004344898
3461,1,1.08622450088e-05,0.0010862245
3462,1,1.08622450088e-05,0.0010862245
3463,2,2.17244900176e-05,0.002172449
3464,1,1.08622450088e-05,0.0010862245
3465,1,1.08622450088e-05,0.0010862245
3466,1,1.08622450088e-05,0.0010862245
3467,1,1.08622450088e-05,0.0010862245
3468,1,1.08622450088e-05,0.0010862245
3469,2,2.17244900176e-05,0.002172449
3470,1,1.08622450088e-05,0.0010862245
3472,1,1.08622450088e-05,0.0010862245
3473,4,4.34489800352e-05,0.004344898
3474,1,1.08622450088e-05,0.0010862245
3475,3,3.25867350264e-05,0.0032586735
3476,1,1.08622450088e-05,0.0010862245
3477,1,1.08622450088e-05,0.0010862245
3481,1,1.08622450088e-05,0.0010862245
3482,1,1.08622450088e-05,0.0010862245
3484,2,2.17244900176e-05,0.002172449
3485,3,3.25867350264e-05,0.0032586735
3487,1,1.08622450088e-05,0.0010862245
3488,1,1.08622450088e-05,0.0010862245
3489,1,1.08622450088e-05,0.0010862245
3490,2,2.17244900176e-05,0.002172449
3491,1,1.08622450088e-05,0.0010862245
3492,1,1.08622450088e-05,0.0010862245
3494,2,2.17244900176e-05,0.002172449
3495,2,2.17244900176e-05,0.002172449
3496,1,1.08622450088e-05,0.0010862245
3497,1,1.08622450088e-05,0.0010862245
3498,1,1.08622450088e-05,0.0010862245
3499,1,1.08622450088e-05,0.0010862245
3500,2,2.17244900176e-05,0.002172449
3501,1,1.08622450088e-05,0.0010862245
3502,1,1.08622450088e-05,0.0010862245
3503,1,1.08622450088e-05,0.0010862245
3505,3,3.25867350264e-05,0.0032586735
3506,2,2.17244900176e-05,0.002172449
3507,5,5.4311225044e-05,0.0054311225
3508,2,2.17244900176e-05,0.002172449
3509,2,2.17244900176e-05,0.002172449
3510,1,1.08622450088e-05,0.0010862245
3512,1,1.08622450088e-05,0.0010862245
3513,2,2.17244900176e-05,0.002172449
3514,1,1.08622450088e-05,0.0010862245
3516,2,2.17244900176e-05,0.002172449
3517,4,4.34489800352e-05,0.004344898
3518,2,2.17244900176e-05,0.002172449
3519,4,4.34489800352e-05,0.004344898
3520,2,2.17244900176e-05,0.002172449
3521,3,3.25867350264e-05,0.0032586735
3522,1,1.08622450088e-05,0.0010862245
3525,1,1.08622450088e-05,0.0010862245
3526,1,1.08622450088e-05,0.0010862245
3527,1,1.08622450088e-05,0.0010862245
3528,1,1.08622450088e-05,0.0010862245
3529,4,4.34489800352e-05,0.004344898
3530,1,1.08622450088e-05,0.0010862245
3533,1,1.08622450088e-05,0.0010862245
3534,1,1.08622450088e-05,0.0010862245
3536,2,2.17244900176e-05,0.002172449
3539,7,7.60357150616e-05,0.00760357151
3540,2,2.17244900176e-05,0.002172449
3541,1,1.08622450088e-05,0.0010862245
3542,2,2.17244900176e-05,0.002172449
3543,1,1.08622450088e-05,0.0010862245
3544,4,4.34489800352e-05,0.004344898
3545,2,2.17244900176e-05,0.002172449
3546,1,1.08622450088e-05,0.0010862245
3547,2,2.17244900176e-05,0.002172449
3548,2,2.17244900176e-05,0.002172449
3549,3,3.25867350264e-05,0.0032586735
3550,2,2.17244900176e-05,0.002172449
3551,3,3.25867350264e-05,0.0032586735
3552,5,5.4311225044e-05,0.0054311225
3553,4,4.34489800352e-05,0.004344898
3554,4,4.34489800352e-05,0.004344898
3555,4,4.34489800352e-05,0.004344898
3556,3,3.25867350264e-05,0.0032586735
3557,2,2.17244900176e-05,0.002172449
3558,4,4.34489800352e-05,0.004344898
3559,4,4.34489800352e-05,0.004344898
3560,1,1.08622450088e-05,0.0010862245
3561,1,1.08622450088e-05,0.0010862245
3562,2,2.17244900176e-05,0.002172449
3563,4,4.34489800352e-05,0.004344898
3564,3,3.25867350264e-05,0.0032586735
3565,1,1.08622450088e-05,0.0010862245
3566,2,2.17244900176e-05,0.002172449
3567,2,2.17244900176e-05,0.002172449
3570,2,2.17244900176e-05,0.002172449
3571,3,3.25867350264e-05,0.0032586735
3572,2,2.17244900176e-05,0.002172449
3573,1,1.08622450088e-05,0.0010862245
3575,3,3.25867350264e-05,0.0032586735
3577,2,2.17244900176e-05,0.002172449
3578,3,3.25867350264e-05,0.0032586735
3579,1,1.08622450088e-05,0.0010862245
3580,1,1.08622450088e-05,0.0010862245
3581,1,1.08622450088e-05,0.0010862245
3582,2,2.17244900176e-05,0.002172449
3583,1,1.08622450088e-05,0.0010862245
3584,1,1.08622450088e-05,0.0010862245
3585,2,2.17244900176e-05,0.002172449
3586,3,3.25867350264e-05,0.0032586735
3587,3,3.25867350264e-05,0.0032586735
3588,2,2.17244900176e-05,0.002172449
3589,1,1.08622450088e-05,0.0010862245
3590,4,4.34489800352e-05,0.004344898
3591,2,2.17244900176e-05,0.002172449
3592,2,2.17244900176e-05,0.002172449
3594,1,1.08622450088e-05,0.0010862245
3595,1,1.08622450088e-05,0.0010862245
3596,3,3.25867350264e-05,0.0032586735
3597,2,2.17244900176e-05,0.002172449
3598,1,1.08622450088e-05,0.0010862245
3599,5,5.4311225044e-05,0.0054311225
3600,4,4.34489800352e-05,0.004344898
3602,1,1.08622450088e-05,0.0010862245
3604,1,1.08622450088e-05,0.0010862245
3605,4,4.34489800352e-05,0.004344898
3607,2,2.17244900176e-05,0.002172449
3609,2,2.17244900176e-05,0.002172449
3610,1,1.08622450088e-05,0.0010862245
3612,4,4.34489800352e-05,0.004344898
3613,1,1.08622450088e-05,0.0010862245
3614,1,1.08622450088e-05,0.0010862245
3615,2,2.17244900176e-05,0.002172449
3616,2,2.17244900176e-05,0.002172449
3619,1,1.08622450088e-05,0.0010862245
3621,1,1.08622450088e-05,0.0010862245
3622,2,2.17244900176e-05,0.002172449
3624,2,2.17244900176e-05,0.002172449
3627,1,1.08622450088e-05,0.0010862245
3628,1,1.08622450088e-05,0.0010862245
3629,1,1.08622450088e-05,0.0010862245
3631,1,1.08622450088e-05,0.0010862245
3632,1,1.08622450088e-05,0.0010862245
3633,1,1.08622450088e-05,0.0010862245
3634,1,1.08622450088e-05,0.0010862245
3636,1,1.08622450088e-05,0.0010862245
3638,2,2.17244900176e-05,0.002172449
3639,1,1.08622450088e-05,0.0010862245
3640,1,1.08622450088e-05,0.0010862245
3642,2,2.17244900176e-05,0.002172449
3643,2,2.17244900176e-05,0.002172449
3644,3,3.25867350264e-05,0.0032586735
3645,1,1.08622450088e-05,0.0010862245
3647,1,1.08622450088e-05,0.0010862245
3650,1,1.08622450088e-05,0.0010862245
3657,1,1.08622450088e-05,0.0010862245
3664,1,1.08622450088e-05,0.0010862245
3670,2,2.17244900176e-05,0.002172449
3677,1,1.08622450088e-05,0.0010862245
3679,2,2.17244900176e-05,0.002172449
3685,1,1.08622450088e-05,0.0010862245
3687,1,1.08622450088e-05,0.0010862245
3688,2,2.17244900176e-05,0.002172449
3689,1,1.08622450088e-05,0.0010862245
3690,1,1.08622450088e-05,0.0010862245
3694,2,2.17244900176e-05,0.002172449
3695,1,1.08622450088e-05,0.0010862245
3696,1,1.08622450088e-05,0.0010862245
3700,2,2.17244900176e-05,0.002172449
3705,3,3.25867350264e-05,0.0032586735
3708,1,1.08622450088e-05,0.0010862245
3709,1,1.08622450088e-05,0.0010862245
3712,2,2.17244900176e-05,0.002172449
3719,1,1.08622450088e-05,0.0010862245
3726,1,1.08622450088e-05,0.0010862245
3732,2,2.17244900176e-05,0.002172449
3733,2,2.17244900176e-05,0.002172449
3736,1,1.08622450088e-05,0.0010862245
3737,1,1.08622450088e-05,0.0010862245
3739,1,1.08622450088e-05,0.0010862245
3741,1,1.08622450088e-05,0.0010862245
3742,1,1.08622450088e-05,0.0010862245
3744,3,3.25867350264e-05,0.0032586735
3746,1,1.08622450088e-05,0.0010862245
3747,1,1.08622450088e-05,0.0010862245
3749,1,1.08622450088e-05,0.0010862245
3750,1,1.08622450088e-05,0.0010862245
3751,1,1.08622450088e-05,0.0010862245
3753,1,1.08622450088e-05,0.0010862245
3755,2,2.17244900176e-05,0.002172449
3760,1,1.08622450088e-05,0.0010862245
3761,3,3.25867350264e-05,0.0032586735
3762,1,1.08622450088e-05,0.0010862245
3764,1,1.08622450088e-05,0.0010862245
3768,1,1.08622450088e-05,0.0010862245
3769,1,1.08622450088e-05,0.0010862245
3770,2,2.17244900176e-05,0.002172449
3771,3,3.25867350264e-05,0.0032586735
3774,2,2.17244900176e-05,0.002172449
3776,3,3.25867350264e-05,0.0032586735
3777,3,3.25867350264e-05,0.0032586735
3778,2,2.17244900176e-05,0.002172449
3779,1,1.08622450088e-05,0.0010862245
3780,3,3.25867350264e-05,0.0032586735
3781,3,3.25867350264e-05,0.0032586735
3782,1,1.08622450088e-05,0.0010862245
3785,2,2.17244900176e-05,0.002172449
3787,1,1.08622450088e-05,0.0010862245
3791,2,2.17244900176e-05,0.002172449
3792,2,2.17244900176e-05,0.002172449
3793,2,2.17244900176e-05,0.002172449
3795,1,1.08622450088e-05,0.0010862245
3797,1,1.08622450088e-05,0.0010862245
3799,1,1.08622450088e-05,0.0010862245
3800,1,1.08622450088e-05,0.0010862245
3801,1,1.08622450088e-05,0.0010862245
3802,2,2.17244900176e-05,0.002172449
3803,2,2.17244900176e-05,0.002172449
3805,2,2.17244900176e-05,0.002172449
3807,2,2.17244900176e-05,0.002172449
3808,2,2.17244900176e-05,0.002172449
3809,1,1.08622450088e-05,0.0010862245
3810,1,1.08622450088e-05,0.0010862245
3812,1,1.08622450088e-05,0.0010862245
3815,1,1.08622450088e-05,0.0010862245
3816,1,1.08622450088e-05,0.0010862245
3818,1,1.08622450088e-05,0.0010862245
3819,1,1.08622450088e-05,0.0010862245
3820,2,2.17244900176e-05,0.002172449
3822,1,1.08622450088e-05,0.0010862245
3826,1,1.08622450088e-05,0.0010862245
3827,3,3.25867350264e-05,0.0032586735
3828,1,1.08622450088e-05,0.0010862245
3829,5,5.4311225044e-05,0.0054311225
3831,2,2.17244900176e-05,0.002172449
3832,2,2.17244900176e-05,0.002172449
3833,2,2.17244900176e-05,0.002172449
3836,2,2.17244900176e-05,0.002172449
3837,2,2.17244900176e-05,0.002172449
3838,5,5.4311225044e-05,0.0054311225
3841,1,1.08622450088e-05,0.0010862245
3842,2,2.17244900176e-05,0.002172449
3845,1,1.08622450088e-05,0.0010862245
3847,2,2.17244900176e-05,0.002172449
3849,1,1.08622450088e-05,0.0010862245
3850,1,1.08622450088e-05,0.0010862245
3853,1,1.08622450088e-05,0.0010862245
3855,2,2.17244900176e-05,0.002172449
3857,1,1.08622450088e-05,0.0010862245
3858,1,1.08622450088e-05,0.0010862245
3859,1,1.08622450088e-05,0.0010862245
3861,2,2.17244900176e-05,0.002172449
3862,1,1.08622450088e-05,0.0010862245
3863,1,1.08622450088e-05,0.0010862245
3865,1,1.08622450088e-05,0.0010862245
3866,1,1.08622450088e-05,0.0010862245
3869,2,2.17244900176e-05,0.002172449
3870,2,2.17244900176e-05,0.002172449
3871,2,2.17244900176e-05,0.002172449
3872,1,1.08622450088e-05,0.0010862245
3873,2,2.17244900176e-05,0.002172449
3874,2,2.17244900176e-05,0.002172449
3876,1,1.08622450088e-05,0.0010862245
3877,4,4.34489800352e-05,0.004344898
3879,3,3.25867350264e-05,0.0032586735
3880,2,2.17244900176e-05,0.002172449
3881,1,1.08622450088e-05,0.0010862245
3882,1,1.08622450088e-05,0.0010862245
3883,1,1.08622450088e-05,0.0010862245
3885,1,1.08622450088e-05,0.0010862245
3887,1,1.08622450088e-05,0.0010862245
3888,1,1.08622450088e-05,0.0010862245
3890,1,1.08622450088e-05,0.0010862245
3891,1,1.08622450088e-05,0.0010862245
3896,1,1.08622450088e-05,0.0010862245
3897,1,1.08622450088e-05,0.0010862245
3902,1,1.08622450088e-05,0.0010862245
3910,1,1.08622450088e-05,0.0010862245
3915,1,1.08622450088e-05,0.0010862245
3916,1,1.08622450088e-05,0.0010862245
3917,1,1.08622450088e-05,0.0010862245
3924,2,2.17244900176e-05,0.002172449
3926,2,2.17244900176e-05,0.002172449
3927,1,1.08622450088e-05,0.0010862245
3930,1,1.08622450088e-05,0.0010862245
3931,1,1.08622450088e-05,0.0010862245
3934,3,3.25867350264e-05,0.0032586735
3935,2,2.17244900176e-05,0.002172449
3939,2,2.17244900176e-05,0.002172449
3941,4,4.34489800352e-05,0.004344898
3942,2,2.17244900176e-05,0.002172449
3943,2,2.17244900176e-05,0.002172449
3947,1,1.08622450088e-05,0.0010862245
3950,1,1.08622450088e-05,0.0010862245
3953,1,1.08622450088e-05,0.0010862245
3954,1,1.08622450088e-05,0.0010862245
3955,1,1.08622450088e-05,0.0010862245
3956,3,3.25867350264e-05,0.0032586735
3958,1,1.08622450088e-05,0.0010862245
3960,3,3.25867350264e-05,0.0032586735
3961,5,5.4311225044e-05,0.0054311225
3965,2,2.17244900176e-05,0.002172449
3966,3,3.25867350264e-05,0.0032586735
3967,1,1.08622450088e-05,0.0010862245
3968,6,6.51734700528e-05,0.00651734701
3969,2,2.17244900176e-05,0.002172449
3970,1,1.08622450088e-05,0.0010862245
3971,2,2.17244900176e-05,0.002172449
3972,2,2.17244900176e-05,0.002172449
3973,1,1.08622450088e-05,0.0010862245
3974,2,2.17244900176e-05,0.002172449
3975,2,2.17244900176e-05,0.002172449
3976,1,1.08622450088e-05,0.0010862245
3977,3,3.25867350264e-05,0.0032586735
3979,1,1.08622450088e-05,0.0010862245
3980,2,2.17244900176e-05,0.002172449
3981,2,2.17244900176e-05,0.002172449
3983,1,1.08622450088e-05,0.0010862245
3984,1,1.08622450088e-05,0.0010862245
3986,1,1.08622450088e-05,0.0010862245
3987,3,3.25867350264e-05,0.0032586735
3990,1,1.08622450088e-05,0.0010862245
3992,1,1.08622450088e-05,0.0010862245
3995,1,1.08622450088e-05,0.0010862245
3998,1,1.08622450088e-05,0.0010862245
3999,1,1.08622450088e-05,0.0010862245
4000,4,4.34489800352e-05,0.004344898
4001,2,2.17244900176e-05,0.002172449
4002,2,2.17244900176e-05,0.002172449
4003,3,3.25867350264e-05,0.0032586735
4004,1,1.08622450088e-05,0.0010862245
4005,2,2.17244900176e-05,0.002172449
4006,4,4.34489800352e-05,0.004344898
4007,5,5.4311225044e-05,0.0054311225
4008,2,2.17244900176e-05,0.002172449
4009,7,7.60357150616e-05,0.00760357151
4010,1,1.08622450088e-05,0.0010862245
4013,1,1.08622450088e-05,0.0010862245
4017,1,1.08622450088e-05,0.0010862245
4022,2,2.17244900176e-05,0.002172449
4026,2,2.17244900176e-05,0.002172449
4031,4,4.34489800352e-05,0.004344898
4033,1,1.08622450088e-05,0.0010862245
4034,1,1.08622450088e-05,0.0010862245
4037,1,1.08622450088e-05,0.0010862245
4038,1,1.08622450088e-05,0.0010862245
4039,2,2.17244900176e-05,0.002172449
4040,1,1.08622450088e-05,0.0010862245
4041,3,3.25867350264e-05,0.0032586735
4044,1,1.08622450088e-05,0.0010862245
4045,1,1.08622450088e-05,0.0010862245
4046,1,1.08622450088e-05,0.0010862245
4047,2,2.17244900176e-05,0.002172449
4051,2,2.17244900176e-05,0.002172449
4052,2,2.17244900176e-05,0.002172449
4053,1,1.08622450088e-05,0.0010862245
4054,3,3.25867350264e-05,0.0032586735
4055,3,3.25867350264e-05,0.0032586735
4056,2,2.17244900176e-05,0.002172449
4057,7,7.60357150616e-05,0.00760357151
4058,3,3.25867350264e-05,0.0032586735
4059,5,5.4311225044e-05,0.0054311225
4060,4,4.34489800352e-05,0.004344898
4061,3,3.25867350264e-05,0.0032586735
4062,1,1.08622450088e-05,0.0010862245
4063,2,2.17244900176e-05,0.002172449
4064,3,3.25867350264e-05,0.0032586735
4065,2,2.17244900176e-05,0.002172449
4066,7,7.60357150616e-05,0.00760357151
4068,1,1.08622450088e-05,0.0010862245
4069,2,2.17244900176e-05,0.002172449
4070,2,2.17244900176e-05,0.002172449
4071,1,1.08622450088e-05,0.0010862245
4078,2,2.17244900176e-05,0.002172449
4083,3,3.25867350264e-05,0.0032586735
4087,1,1.08622450088e-05,0.0010862245
4090,2,2.17244900176e-05,0.002172449
4091,1,1.08622450088e-05,0.0010862245
4093,2,2.17244900176e-05,0.002172449
4094,1,1.08622450088e-05,0.0010862245
4096,1268,0.0137733266712,1.37733267
4098,2,2.17244900176e-05,0.002172449
4100,1,1.08622450088e-05,0.0010862245
4103,2,2.17244900176e-05,0.002172449
4104,2,2.17244900176e-05,0.002172449
4106,1,1.08622450088e-05,0.0010862245
4107,1,1.08622450088e-05,0.0010862245
4109,2,2.17244900176e-05,0.002172449
4113,2,2.17244900176e-05,0.002172449
4114,2,2.17244900176e-05,0.002172449
4119,1,1.08622450088e-05,0.0010862245
4120,1,1.08622450088e-05,0.0010862245
4121,2,2.17244900176e-05,0.002172449
4124,2,2.17244900176e-05,0.002172449
4125,2,2.17244900176e-05,0.002172449
4126,1,1.08622450088e-05,0.0010862245
4127,1,1.08622450088e-05,0.0010862245
4128,3,3.25867350264e-05,0.0032586735
4129,1,1.08622450088e-05,0.0010862245
4132,1,1.08622450088e-05,0.0010862245
4134,4,4.34489800352e-05,0.004344898
4135,3,3.25867350264e-05,0.0032586735
4136,1,1.08622450088e-05,0.0010862245
4137,4,4.34489800352e-05,0.004344898
4138,2,2.17244900176e-05,0.002172449
4139,1,1.08622450088e-05,0.0010862245
4140,2,2.17244900176e-05,0.002172449
4141,3,3.25867350264e-05,0.0032586735
4142,1,1.08622450088e-05,0.0010862245
4143,1,1.08622450088e-05,0.0010862245
4144,3,3.25867350264e-05,0.0032586735
4145,1,1.08622450088e-05,0.0010862245
4146,1,1.08622450088e-05,0.0010862245
4148,2,2.17244900176e-05,0.002172449
4149,1,1.08622450088e-05,0.0010862245
4151,1,1.08622450088e-05,0.0010862245
4155,2,2.17244900176e-05,0.002172449
4157,1,1.08622450088e-05,0.0010862245
4159,1,1.08622450088e-05,0.0010862245
4160,2,2.17244900176e-05,0.002172449
4161,2,2.17244900176e-05,0.002172449
4162,1,1.08622450088e-05,0.0010862245
4165,1,1.08622450088e-05,0.0010862245
4166,1,1.08622450088e-05,0.0010862245
4168,2,2.17244900176e-05,0.002172449
4169,2,2.17244900176e-05,0.002172449
4170,2,2.17244900176e-05,0.002172449
4171,1,1.08622450088e-05,0.0010862245
4172,2,2.17244900176e-05,0.002172449
4173,2,2.17244900176e-05,0.002172449
4174,1,1.08622450088e-05,0.0010862245
4175,1,1.08622450088e-05,0.0010862245
4176,1,1.08622450088e-05,0.0010862245
4177,3,3.25867350264e-05,0.0032586735
4178,3,3.25867350264e-05,0.0032586735
4179,1,1.08622450088e-05,0.0010862245
4180,4,4.34489800352e-05,0.004344898
4181,2,2.17244900176e-05,0.002172449
4182,1,1.08622450088e-05,0.0010862245
4183,1,1.08622450088e-05,0.0010862245
4184,5,5.4311225044e-05,0.0054311225
4185,1,1.08622450088e-05,0.0010862245
4186,4,4.34489800352e-05,0.004344898
4187,5,5.4311225044e-05,0.0054311225
4188,1,1.08622450088e-05,0.0010862245
4189,1,1.08622450088e-05,0.0010862245
4190,3,3.25867350264e-05,0.0032586735
4191,3,3.25867350264e-05,0.0032586735
4192,1,1.08622450088e-05,0.0010862245
4194,2,2.17244900176e-05,0.002172449
4195,1,1.08622450088e-05,0.0010862245
4196,1,1.08622450088e-05,0.0010862245
4197,4,4.34489800352e-05,0.004344898
4198,1,1.08622450088e-05,0.0010862245
4204,1,1.08622450088e-05,0.0010862245
4209,1,1.08622450088e-05,0.0010862245
4215,1,1.08622450088e-05,0.0010862245
4216,1,1.08622450088e-05,0.0010862245
4218,1,1.08622450088e-05,0.0010862245
4219,1,1.08622450088e-05,0.0010862245
4222,1,1.08622450088e-05,0.0010862245
4224,2,2.17244900176e-05,0.002172449
4226,3,3.25867350264e-05,0.0032586735
4227,1,1.08622450088e-05,0.0010862245
4229,1,1.08622450088e-05,0.0010862245
4230,1,1.08622450088e-05,0.0010862245
4231,3,3.25867350264e-05,0.0032586735
4232,1,1.08622450088e-05,0.0010862245
4233,4,4.34489800352e-05,0.004344898
4234,3,3.25867350264e-05,0.0032586735
4235,1,1.08622450088e-05,0.0010862245
4237,1,1.08622450088e-05,0.0010862245
4238,1,1.08622450088e-05,0.0010862245
4239,1,1.08622450088e-05,0.0010862245
4241,1,1.08622450088e-05,0.0010862245
4242,2,2.17244900176e-05,0.002172449
4243,1,1.08622450088e-05,0.0010862245
4245,1,1.08622450088e-05,0.0010862245
4246,1,1.08622450088e-05,0.0010862245
4247,1,1.08622450088e-05,0.0010862245
4248,8,8.68979600704e-05,0.00868979601
4249,2,2.17244900176e-05,0.002172449
4250,1,1.08622450088e-05,0.0010862245
4251,4,4.34489800352e-05,0.004344898
4252,2,2.17244900176e-05,0.002172449
4253,3,3.25867350264e-05,0.0032586735
4254,2,2.17244900176e-05,0.002172449
4255,2,2.17244900176e-05,0.002172449
4256,5,5.4311225044e-05,0.0054311225
4257,3,3.25867350264e-05,0.0032586735
4258,3,3.25867350264e-05,0.0032586735
4259,1,1.08622450088e-05,0.0010862245
4260,2,2.17244900176e-05,0.002172449
4261,3,3.25867350264e-05,0.0032586735
4262,1,1.08622450088e-05,0.0010862245
4263,3,3.25867350264e-05,0.0032586735
4265,2,2.17244900176e-05,0.002172449
4266,2,2.17244900176e-05,0.002172449
4268,1,1.08622450088e-05,0.0010862245
4269,3,3.25867350264e-05,0.0032586735
4270,1,1.08622450088e-05,0.0010862245
4271,1,1.08622450088e-05,0.0010862245
4272,1,1.08622450088e-05,0.0010862245
4273,3,3.25867350264e-05,0.0032586735
4274,1,1.08622450088e-05,0.0010862245
4276,1,1.08622450088e-05,0.0010862245
4277,2,2.17244900176e-05,0.002172449
4278,1,1.08622450088e-05,0.0010862245
4279,3,3.25867350264e-05,0.0032586735
4283,1,1.08622450088e-05,0.0010862245
4284,1,1.08622450088e-05,0.0010862245
4286,1,1.08622450088e-05,0.0010862245
4290,1,1.08622450088e-05,0.0010862245
4291,1,1.08622450088e-05,0.0010862245
4295,1,1.08622450088e-05,0.0010862245
4307,1,1.08622450088e-05,0.0010862245
4313,1,1.08622450088e-05,0.0010862245
4315,1,1.08622450088e-05,0.0010862245
4325,2,2.17244900176e-05,0.002172449
4329,1,1.08622450088e-05,0.0010862245
4330,2,2.17244900176e-05,0.002172449
4331,1,1.08622450088e-05,0.0010862245
4335,1,1.08622450088e-05,0.0010862245
4337,1,1.08622450088e-05,0.0010862245
4338,1,1.08622450088e-05,0.0010862245
4339,2,2.17244900176e-05,0.002172449
4341,1,1.08622450088e-05,0.0010862245
4342,2,2.17244900176e-05,0.002172449
4343,1,1.08622450088e-05,0.0010862245
4344,1,1.08622450088e-05,0.0010862245
4345,1,1.08622450088e-05,0.0010862245
4348,1,1.08622450088e-05,0.0010862245
4349,1,1.08622450088e-05,0.0010862245
4350,1,1.08622450088e-05,0.0010862245
4352,2,2.17244900176e-05,0.002172449
4353,1,1.08622450088e-05,0.0010862245
4357,1,1.08622450088e-05,0.0010862245
4374,1,1.08622450088e-05,0.0010862245
4375,1,1.08622450088e-05,0.0010862245
4376,2,2.17244900176e-05,0.002172449
4379,1,1.08622450088e-05,0.0010862245
4391,1,1.08622450088e-05,0.0010862245
4400,1,1.08622450088e-05,0.0010862245
4414,1,1.08622450088e-05,0.0010862245
4415,1,1.08622450088e-05,0.0010862245
4420,1,1.08622450088e-05,0.0010862245
4421,2,2.17244900176e-05,0.002172449
4423,1,1.08622450088e-05,0.0010862245
4424,1,1.08622450088e-05,0.0010862245
4425,1,1.08622450088e-05,0.0010862245
4427,1,1.08622450088e-05,0.0010862245
4428,2,2.17244900176e-05,0.002172449
4430,2,2.17244900176e-05,0.002172449
4431,1,1.08622450088e-05,0.0010862245
4432,3,3.25867350264e-05,0.0032586735
4434,1,1.08622450088e-05,0.0010862245
4436,1,1.08622450088e-05,0.0010862245
4437,1,1.08622450088e-05,0.0010862245
4441,1,1.08622450088e-05,0.0010862245
4455,2,2.17244900176e-05,0.002172449
4459,1,1.08622450088e-05,0.0010862245
4461,1,1.08622450088e-05,0.0010862245
4462,1,1.08622450088e-05,0.0010862245
4464,2,2.17244900176e-05,0.002172449
4465,3,3.25867350264e-05,0.0032586735
4468,3,3.25867350264e-05,0.0032586735
4472,2,2.17244900176e-05,0.002172449
4473,1,1.08622450088e-05,0.0010862245
4475,1,1.08622450088e-05,0.0010862245
4477,1,1.08622450088e-05,0.0010862245
4480,3,3.25867350264e-05,0.0032586735
4482,1,1.08622450088e-05,0.0010862245
4484,1,1.08622450088e-05,0.0010862245
4487,1,1.08622450088e-05,0.0010862245
4488,1,1.08622450088e-05,0.0010862245
4489,1,1.08622450088e-05,0.0010862245
4494,1,1.08622450088e-05,0.0010862245
4498,1,1.08622450088e-05,0.0010862245
4501,1,1.08622450088e-05,0.0010862245
4503,1,1.08622450088e-05,0.0010862245
4504,1,1.08622450088e-05,0.0010862245
4505,1,1.08622450088e-05,0.0010862245
4506,3,3.25867350264e-05,0.0032586735
4508,1,1.08622450088e-05,0.0010862245
4509,1,1.08622450088e-05,0.0010862245
4511,2,2.17244900176e-05,0.002172449
4513,1,1.08622450088e-05,0.0010862245
4514,1,1.08622450088e-05,0.0010862245
4516,3,3.25867350264e-05,0.0032586735
4518,1,1.08622450088e-05,0.0010862245
4521,1,1.08622450088e-05,0.0010862245
4522,1,1.08622450088e-05,0.0010862245
4523,1,1.08622450088e-05,0.0010862245
4524,1,1.08622450088e-05,0.0010862245
4527,1,1.08622450088e-05,0.0010862245
4528,1,1.08622450088e-05,0.0010862245
4529,1,1.08622450088e-05,0.0010862245
4536,1,1.08622450088e-05,0.0010862245
4537,1,1.08622450088e-05,0.0010862245
4538,1,1.08622450088e-05,0.0010862245
4539,1,1.08622450088e-05,0.0010862245
4540,1,1.08622450088e-05,0.0010862245
4547,2,2.17244900176e-05,0.002172449
4548,6,6.51734700528e-05,0.00651734701
4553,2,2.17244900176e-05,0.002172449
4554,1,1.08622450088e-05,0.0010862245
4555,1,1.08622450088e-05,0.0010862245
4557,1,1.08622450088e-05,0.0010862245
4559,1,1.08622450088e-05,0.0010862245
4564,1,1.08622450088e-05,0.0010862245
4566,1,1.08622450088e-05,0.0010862245
4568,1,1.08622450088e-05,0.0010862245
4570,1,1.08622450088e-05,0.0010862245
4572,3,3.25867350264e-05,0.0032586735
4574,2,2.17244900176e-05,0.002172449
4575,1,1.08622450088e-05,0.0010862245
4580,1,1.08622450088e-05,0.0010862245
4581,1,1.08622450088e-05,0.0010862245
4584,1,1.08622450088e-05,0.0010862245
4585,1,1.08622450088e-05,0.0010862245
4586,1,1.08622450088e-05,0.0010862245
4587,1,1.08622450088e-05,0.0010862245
4588,2,2.17244900176e-05,0.002172449
4589,2,2.17244900176e-05,0.002172449
4591,3,3.25867350264e-05,0.0032586735
4593,3,3.25867350264e-05,0.0032586735
4599,1,1.08622450088e-05,0.0010862245
4601,1,1.08622450088e-05,0.0010862245
4604,1,1.08622450088e-05,0.0010862245
4605,2,2.17244900176e-05,0.002172449
4606,3,3.25867350264e-05,0.0032586735
4607,2,2.17244900176e-05,0.002172449
4608,3,3.25867350264e-05,0.0032586735
4609,1,1.08622450088e-05,0.0010862245
4610,4,4.34489800352e-05,0.004344898
4613,3,3.25867350264e-05,0.0032586735
4614,1,1.08622450088e-05,0.0010862245
4615,1,1.08622450088e-05,0.0010862245
4616,1,1.08622450088e-05,0.0010862245
4617,3,3.25867350264e-05,0.0032586735
4618,2,2.17244900176e-05,0.002172449
4619,2,2.17244900176e-05,0.002172449
4621,2,2.17244900176e-05,0.002172449
4622,2,2.17244900176e-05,0.002172449
4623,3,3.25867350264e-05,0.0032586735
4624,3,3.25867350264e-05,0.0032586735
4625,2,2.17244900176e-05,0.002172449
4626,1,1.08622450088e-05,0.0010862245
4627,3,3.25867350264e-05,0.0032586735
4628,2,2.17244900176e-05,0.002172449
4630,1,1.08622450088e-05,0.0010862245
4631,1,1.08622450088e-05,0.0010862245
4632,3,3.25867350264e-05,0.0032586735
4633,1,1.08622450088e-05,0.0010862245
4637,1,1.08622450088e-05,0.0010862245
4645,2,2.17244900176e-05,0.002172449
4648,1,1.08622450088e-05,0.0010862245
4649,1,1.08622450088e-05,0.0010862245
4650,1,1.08622450088e-05,0.0010862245
4651,2,2.17244900176e-05,0.002172449
4652,2,2.17244900176e-05,0.002172449
4659,1,1.08622450088e-05,0.0010862245
4661,1,1.08622450088e-05,0.0010862245
4666,1,1.08622450088e-05,0.0010862245
4669,1,1.08622450088e-05,0.0010862245
4670,2,2.17244900176e-05,0.002172449
4671,4,4.34489800352e-05,0.004344898
4672,1,1.08622450088e-05,0.0010862245
4673,1,1.08622450088e-05,0.0010862245
4674,1,1.08622450088e-05,0.0010862245
4675,2,2.17244900176e-05,0.002172449
4676,1,1.08622450088e-05,0.0010862245
4677,1,1.08622450088e-05,0.0010862245
4678,2,2.17244900176e-05,0.002172449
4679,2,2.17244900176e-05,0.002172449
4680,2,2.17244900176e-05,0.002172449
4681,4,4.34489800352e-05,0.004344898
4682,5,5.4311225044e-05,0.0054311225
4683,1,1.08622450088e-05,0.0010862245
4684,2,2.17244900176e-05,0.002172449
4687,1,1.08622450088e-05,0.0010862245
4688,1,1.08622450088e-05,0.0010862245
4689,2,2.17244900176e-05,0.002172449
4690,1,1.08622450088e-05,0.0010862245
4692,1,1.08622450088e-05,0.0010862245
4693,1,1.08622450088e-05,0.0010862245
4703,1,1.08622450088e-05,0.0010862245
4705,1,1.08622450088e-05,0.0010862245
4706,1,1.08622450088e-05,0.0010862245
4707,2,2.17244900176e-05,0.002172449
4712,1,1.08622450088e-05,0.0010862245
4714,1,1.08622450088e-05,0.0010862245
4715,2,2.17244900176e-05,0.002172449
4717,2,2.17244900176e-05,0.002172449
4718,1,1.08622450088e-05,0.0010862245
4719,1,1.08622450088e-05,0.0010862245
4720,1,1.08622450088e-05,0.0010862245
4721,1,1.08622450088e-05,0.0010862245
4722,1,1.08622450088e-05,0.0010862245
4723,1,1.08622450088e-05,0.0010862245
4727,1,1.08622450088e-05,0.0010862245
4728,1,1.08622450088e-05,0.0010862245
4729,1,1.08622450088e-05,0.0010862245
4730,2,2.17244900176e-05,0.002172449
4739,1,1.08622450088e-05,0.0010862245
4740,1,1.08622450088e-05,0.0010862245
4741,2,2.17244900176e-05,0.002172449
4742,2,2.17244900176e-05,0.002172449
4744,1,1.08622450088e-05,0.0010862245
4745,1,1.08622450088e-05,0.0010862245
4746,2,2.17244900176e-05,0.002172449
4747,2,2.17244900176e-05,0.002172449
4748,5,5.4311225044e-05,0.0054311225
4749,2,2.17244900176e-05,0.002172449
4750,3,3.25867350264e-05,0.0032586735
4755,1,1.08622450088e-05,0.0010862245
4757,1,1.08622450088e-05,0.0010862245
4758,1,1.08622450088e-05,0.0010862245
4760,1,1.08622450088e-05,0.0010862245
4765,1,1.08622450088e-05,0.0010862245
4766,1,1.08622450088e-05,0.0010862245
4769,1,1.08622450088e-05,0.0010862245
4775,1,1.08622450088e-05,0.0010862245
4787,1,1.08622450088e-05,0.0010862245
4788,1,1.08622450088e-05,0.0010862245
4799,2,2.17244900176e-05,0.002172449
4805,1,1.08622450088e-05,0.0010862245
4807,2,2.17244900176e-05,0.002172449
4808,1,1.08622450088e-05,0.0010862245
4810,1,1.08622450088e-05,0.0010862245
4811,1,1.08622450088e-05,0.0010862245
4813,1,1.08622450088e-05,0.0010862245
4815,2,2.17244900176e-05,0.002172449
4819,1,1.08622450088e-05,0.0010862245
4820,1,1.08622450088e-05,0.0010862245
4821,1,1.08622450088e-05,0.0010862245
4824,1,1.08622450088e-05,0.0010862245
4826,1,1.08622450088e-05,0.0010862245
4827,3,3.25867350264e-05,0.0032586735
4828,1,1.08622450088e-05,0.0010862245
4829,1,1.08622450088e-05,0.0010862245
4830,2,2.17244900176e-05,0.002172449
4831,4,4.34489800352e-05,0.004344898
4832,1,1.08622450088e-05,0.0010862245
4835,1,1.08622450088e-05,0.0010862245
4837,2,2.17244900176e-05,0.002172449
4838,2,2.17244900176e-05,0.002172449
4856,3,3.25867350264e-05,0.0032586735
4859,1,1.08622450088e-05,0.0010862245
4862,1,1.08622450088e-05,0.0010862245
4864,1,1.08622450088e-05,0.0010862245
4880,1,1.08622450088e-05,0.0010862245
4887,2,2.17244900176e-05,0.002172449
4889,1,1.08622450088e-05,0.0010862245
4892,1,1.08622450088e-05,0.0010862245
4893,1,1.08622450088e-05,0.0010862245
4897,1,1.08622450088e-05,0.0010862245
4900,1,1.08622450088e-05,0.0010862245
4904,1,1.08622450088e-05,0.0010862245
4905,1,1.08622450088e-05,0.0010862245
4907,1,1.08622450088e-05,0.0010862245
4918,1,1.08622450088e-05,0.0010862245
4922,1,1.08622450088e-05,0.0010862245
4924,1,1.08622450088e-05,0.0010862245
4932,1,1.08622450088e-05,0.0010862245
4934,1,1.08622450088e-05,0.0010862245
4936,2,2.17244900176e-05,0.002172449
4938,1,1.08622450088e-05,0.0010862245
4939,1,1.08622450088e-05,0.0010862245
4940,1,1.08622450088e-05,0.0010862245
4942,1,1.08622450088e-05,0.0010862245
4943,1,1.08622450088e-05,0.0010862245
4944,1,1.08622450088e-05,0.0010862245
4945,1,1.08622450088e-05,0.0010862245
4948,1,1.08622450088e-05,0.0010862245
4950,3,3.25867350264e-05,0.0032586735
4951,1,1.08622450088e-05,0.0010862245
4952,1,1.08622450088e-05,0.0010862245
4953,3,3.25867350264e-05,0.0032586735
4954,1,1.08622450088e-05,0.0010862245
4956,1,1.08622450088e-05,0.0010862245
4959,1,1.08622450088e-05,0.0010862245
4961,1,1.08622450088e-05,0.0010862245
4962,1,1.08622450088e-05,0.0010862245
4964,1,1.08622450088e-05,0.0010862245
4965,2,2.17244900176e-05,0.002172449
4974,1,1.08622450088e-05,0.0010862245
4975,1,1.08622450088e-05,0.0010862245
4982,1,1.08622450088e-05,0.0010862245
4985,1,1.08622450088e-05,0.0010862245
4989,1,1.08622450088e-05,0.0010862245
5008,1,1.08622450088e-05,0.0010862245
5015,1,1.08622450088e-05,0.0010862245
5017,1,1.08622450088e-05,0.0010862245
5019,1,1.08622450088e-05,0.0010862245
5021,1,1.08622450088e-05,0.0010862245
5029,1,1.08622450088e-05,0.0010862245
5031,1,1.08622450088e-05,0.0010862245
5032,1,1.08622450088e-05,0.0010862245
5033,1,1.08622450088e-05,0.0010862245
5035,1,1.08622450088e-05,0.0010862245
5054,1,1.08622450088e-05,0.0010862245
5060,1,1.08622450088e-05,0.0010862245
5064,1,1.08622450088e-05,0.0010862245
5065,1,1.08622450088e-05,0.0010862245
5068,1,1.08622450088e-05,0.0010862245
5069,1,1.08622450088e-05,0.0010862245
5071,1,1.08622450088e-05,0.0010862245
5073,3,3.25867350264e-05,0.0032586735
5075,2,2.17244900176e-05,0.002172449
5076,3,3.25867350264e-05,0.0032586735
5077,2,2.17244900176e-05,0.002172449
5078,1,1.08622450088e-05,0.0010862245
5080,1,1.08622450088e-05,0.0010862245
5081,3,3.25867350264e-05,0.0032586735
5082,2,2.17244900176e-05,0.002172449
5083,1,1.08622450088e-05,0.0010862245
5084,1,1.08622450088e-05,0.0010862245
5085,2,2.17244900176e-05,0.002172449
5089,1,1.08622450088e-05,0.0010862245
5107,1,1.08622450088e-05,0.0010862245
5113,1,1.08622450088e-05,0.0010862245
5115,1,1.08622450088e-05,0.0010862245
5116,3,3.25867350264e-05,0.0032586735
5117,5,5.4311225044e-05,0.0054311225
5118,10,0.000108622450088,0.010862245
5119,5,5.4311225044e-05,0.0054311225
5120,426,0.00462731637375,0.462731637
5126,1,1.08622450088e-05,0.0010862245
5132,1,1.08622450088e-05,0.0010862245
5136,1,1.08622450088e-05,0.0010862245
5144,1,1.08622450088e-05,0.0010862245
5148,1,1.08622450088e-05,0.0010862245
5157,1,1.08622450088e-05,0.0010862245
5164,2,2.17244900176e-05,0.002172449
5166,1,1.08622450088e-05,0.0010862245
5167,2,2.17244900176e-05,0.002172449
5168,4,4.34489800352e-05,0.004344898
5169,1,1.08622450088e-05,0.0010862245
5170,5,5.4311225044e-05,0.0054311225
5171,2,2.17244900176e-05,0.002172449
5172,3,3.25867350264e-05,0.0032586735
5174,1,1.08622450088e-05,0.0010862245
5175,3,3.25867350264e-05,0.0032586735
5176,1,1.08622450088e-05,0.0010862245
5177,1,1.08622450088e-05,0.0010862245
5178,3,3.25867350264e-05,0.0032586735
5179,1,1.08622450088e-05,0.0010862245
5180,2,2.17244900176e-05,0.002172449
5181,4,4.34489800352e-05,0.004344898
5182,2,2.17244900176e-05,0.002172449
5183,4,4.34489800352e-05,0.004344898
5184,4,4.34489800352e-05,0.004344898
5185,4,4.34489800352e-05,0.004344898
5186,2,2.17244900176e-05,0.002172449
5187,1,1.08622450088e-05,0.0010862245
5188,2,2.17244900176e-05,0.002172449
5189,1,1.08622450088e-05,0.0010862245
5190,3,3.25867350264e-05,0.0032586735
5192,2,2.17244900176e-05,0.002172449
5193,4,4.34489800352e-05,0.004344898
5194,1,1.08622450088e-05,0.0010862245
5195,4,4.34489800352e-05,0.004344898
5196,1,1.08622450088e-05,0.0010862245
5197,1,1.08622450088e-05,0.0010862245
5198,3,3.25867350264e-05,0.0032586735
5199,1,1.08622450088e-05,0.0010862245
5200,1,1.08622450088e-05,0.0010862245
5201,3,3.25867350264e-05,0.0032586735
5202,1,1.08622450088e-05,0.0010862245
5203,3,3.25867350264e-05,0.0032586735
5204,2,2.17244900176e-05,0.002172449
5205,3,3.25867350264e-05,0.0032586735
5206,1,1.08622450088e-05,0.0010862245
5207,7,7.60357150616e-05,0.00760357151
5208,4,4.34489800352e-05,0.004344898
5209,1,1.08622450088e-05,0.0010862245
5210,1,1.08622450088e-05,0.0010862245
5211,2,2.17244900176e-05,0.002172449
5213,2,2.17244900176e-05,0.002172449
5214,3,3.25867350264e-05,0.0032586735
5215,3,3.25867350264e-05,0.0032586735
5216,4,4.34489800352e-05,0.004344898
5217,1,1.08622450088e-05,0.0010862245
5218,1,1.08622450088e-05,0.0010862245
5219,3,3.25867350264e-05,0.0032586735
5220,1,1.08622450088e-05,0.0010862245
5221,1,1.08622450088e-05,0.0010862245
5222,3,3.25867350264e-05,0.0032586735
5223,2,2.17244900176e-05,0.002172449
5225,2,2.17244900176e-05,0.002172449
5226,4,4.34489800352e-05,0.004344898
5227,4,4.34489800352e-05,0.004344898
5228,4,4.34489800352e-05,0.004344898
5229,1,1.08622450088e-05,0.0010862245
5230,3,3.25867350264e-05,0.0032586735
5232,2,2.17244900176e-05,0.002172449
5234,1,1.08622450088e-05,0.0010862245
5236,2,2.17244900176e-05,0.002172449
5238,3,3.25867350264e-05,0.0032586735
5239,2,2.17244900176e-05,0.002172449
5240,3,3.25867350264e-05,0.0032586735
5241,3,3.25867350264e-05,0.0032586735
5242,5,5.4311225044e-05,0.0054311225
5243,3,3.25867350264e-05,0.0032586735
5244,4,4.34489800352e-05,0.004344898
5245,3,3.25867350264e-05,0.0032586735
5246,4,4.34489800352e-05,0.004344898
5247,4,4.34489800352e-05,0.004344898
5248,1,1.08622450088e-05,0.0010862245
5249,2,2.17244900176e-05,0.002172449
5250,1,1.08622450088e-05,0.0010862245
5251,4,4.34489800352e-05,0.004344898
5252,2,2.17244900176e-05,0.002172449
5255,4,4.34489800352e-05,0.004344898
5256,1,1.08622450088e-05,0.0010862245
5257,1,1.08622450088e-05,0.0010862245
5258,5,5.4311225044e-05,0.0054311225
5259,4,4.34489800352e-05,0.004344898
5260,5,5.4311225044e-05,0.0054311225
5261,4,4.34489800352e-05,0.004344898
5262,2,2.17244900176e-05,0.002172449
5263,5,5.4311225044e-05,0.0054311225
5264,2,2.17244900176e-05,0.002172449
5265,7,7.60357150616e-05,0.00760357151
5266,4,4.34489800352e-05,0.004344898
5267,1,1.08622450088e-05,0.0010862245
5268,7,7.60357150616e-05,0.00760357151
5269,7,7.60357150616e-05,0.00760357151
5270,6,6.51734700528e-05,0.00651734701
5271,8,8.68979600704e-05,0.00868979601
5272,5,5.4311225044e-05,0.0054311225
5273,7,7.60357150616e-05,0.00760357151
5274,10,0.000108622450088,0.010862245
5275,7,7.60357150616e-05,0.00760357151
5276,12,0.000130346940106,0.013034694
5277,7,7.60357150616e-05,0.00760357151
5278,9,9.77602050792e-05,0.00977602051
5279,6,6.51734700528e-05,0.00651734701
5280,10,0.000108622450088,0.010862245
5281,8,8.68979600704e-05,0.00868979601
5282,15,0.000162933675132,0.0162933675
5283,20,0.000217244900176,0.02172449
5284,19,0.000206382655167,0.0206382655
5285,18,0.000195520410158,0.019552041
5286,14,0.000152071430123,0.015207143
5287,11,0.000119484695097,0.0119484695
5288,15,0.000162933675132,0.0162933675
5289,19,0.000206382655167,0.0206382655
5290,17,0.00018465816515,0.0184658165
5291,14,0.000152071430123,0.015207143
5292,11,0.000119484695097,0.0119484695
5293,17,0.00018465816515,0.0184658165
5294,25,0.00027155612522,0.0271556125
5295,22,0.000238969390194,0.023896939
5296,25,0.00027155612522,0.0271556125
5297,17,0.00018465816515,0.0184658165
5298,23,0.000249831635202,0.0249831635
5299,30,0.000325867350264,0.032586735
5300,24,0.000260693880211,0.026069388
5301,24,0.000260693880211,0.026069388
5302,23,0.000249831635202,0.0249831635
5303,21,0.000228107145185,0.0228107145
5304,22,0.000238969390194,0.023896939
5305,23,0.000249831635202,0.0249831635
5306,21,0.000228107145185,0.0228107145
5307,14,0.000152071430123,0.015207143
5308,16,0.000173795920141,0.017379592
5309,25,0.00027155612522,0.0271556125
5310,23,0.000249831635202,0.0249831635
5311,12,0.000130346940106,0.013034694
5312,25,0.00027155612522,0.0271556125
5313,16,0.000173795920141,0.017379592
5314,16,0.000173795920141,0.017379592
5315,16,0.000173795920141,0.017379592
5316,13,0.000141209185114,0.0141209185
5317,10,0.000108622450088,0.010862245
5318,15,0.000162933675132,0.0162933675
5319,16,0.000173795920141,0.017379592
5320,12,0.000130346940106,0.013034694
5321,13,0.000141209185114,0.0141209185
5322,16,0.000173795920141,0.017379592
5323,6,6.51734700528e-05,0.00651734701
5324,10,0.000108622450088,0.010862245
5325,9,9.77602050792e-05,0.00977602051
5326,9,9.77602050792e-05,0.00977602051
5327,8,8.68979600704e-05,0.00868979601
5328,6,6.51734700528e-05,0.00651734701
5329,8,8.68979600704e-05,0.00868979601
5330,4,4.34489800352e-05,0.004344898
5331,7,7.60357150616e-05,0.00760357151
5332,9,9.77602050792e-05,0.00977602051
5333,12,0.000130346940106,0.013034694
5334,10,0.000108622450088,0.010862245
5335,5,5.4311225044e-05,0.0054311225
5336,8,8.68979600704e-05,0.00868979601
5337,4,4.34489800352e-05,0.004344898
5338,5,5.4311225044e-05,0.0054311225
5339,3,3.25867350264e-05,0.0032586735
5340,8,8.68979600704e-05,0.00868979601
5341,4,4.34489800352e-05,0.004344898
5342,8,8.68979600704e-05,0.00868979601
5343,7,7.60357150616e-05,0.00760357151
5344,4,4.34489800352e-05,0.004344898
5345,7,7.60357150616e-05,0.00760357151
5346,6,6.51734700528e-05,0.00651734701
5347,5,5.4311225044e-05,0.0054311225
5348,5,5.4311225044e-05,0.0054311225
5349,4,4.34489800352e-05,0.004344898
5350,3,3.25867350264e-05,0.0032586735
5351,5,5.4311225044e-05,0.0054311225
5352,2,2.17244900176e-05,0.002172449
5353,5,5.4311225044e-05,0.0054311225
5354,4,4.34489800352e-05,0.004344898
5355,3,3.25867350264e-05,0.0032586735
5356,3,3.25867350264e-05,0.0032586735
5357,2,2.17244900176e-05,0.002172449
5358,2,2.17244900176e-05,0.002172449
5359,1,1.08622450088e-05,0.0010862245
5361,1,1.08622450088e-05,0.0010862245
5362,1,1.08622450088e-05,0.0010862245
5363,4,4.34489800352e-05,0.004344898
5364,1,1.08622450088e-05,0.0010862245
5365,2,2.17244900176e-05,0.002172449
5366,2,2.17244900176e-05,0.002172449
5367,3,3.25867350264e-05,0.0032586735
5368,3,3.25867350264e-05,0.0032586735
5369,1,1.08622450088e-05,0.0010862245
5370,3,3.25867350264e-05,0.0032586735
5371,1,1.08622450088e-05,0.0010862245
5372,3,3.25867350264e-05,0.0032586735
5373,3,3.25867350264e-05,0.0032586735
5374,2,2.17244900176e-05,0.002172449
5375,5,5.4311225044e-05,0.0054311225
5376,5,5.4311225044e-05,0.0054311225
5377,4,4.34489800352e-05,0.004344898
5378,1,1.08622450088e-05,0.0010862245
5379,2,2.17244900176e-05,0.002172449
5380,2,2.17244900176e-05,0.002172449
5381,3,3.25867350264e-05,0.0032586735
5382,1,1.08622450088e-05,0.0010862245
5383,2,2.17244900176e-05,0.002172449
5384,1,1.08622450088e-05,0.0010862245
5386,1,1.08622450088e-05,0.0010862245
5387,4,4.34489800352e-05,0.004344898
5388,2,2.17244900176e-05,0.002172449
5389,1,1.08622450088e-05,0.0010862245
5390,1,1.08622450088e-05,0.0010862245
5391,2,2.17244900176e-05,0.002172449
5392,2,2.17244900176e-05,0.002172449
5393,1,1.08622450088e-05,0.0010862245
5396,2,2.17244900176e-05,0.002172449
5397,3,3.25867350264e-05,0.0032586735
5398,1,1.08622450088e-05,0.0010862245
5399,2,2.17244900176e-05,0.002172449
5400,3,3.25867350264e-05,0.0032586735
5401,2,2.17244900176e-05,0.002172449
5402,5,5.4311225044e-05,0.0054311225
5403,2,2.17244900176e-05,0.002172449
5404,1,1.08622450088e-05,0.0010862245
5405,2,2.17244900176e-05,0.002172449
5406,1,1.08622450088e-05,0.0010862245
5407,2,2.17244900176e-05,0.002172449
5408,1,1.08622450088e-05,0.0010862245
5409,4,4.34489800352e-05,0.004344898
5410,2,2.17244900176e-05,0.002172449
5411,3,3.25867350264e-05,0.0032586735
5412,1,1.08622450088e-05,0.0010862245
5414,2,2.17244900176e-05,0.002172449
5416,1,1.08622450088e-05,0.0010862245
5418,1,1.08622450088e-05,0.0010862245
5420,1,1.08622450088e-05,0.0010862245
5422,1,1.08622450088e-05,0.0010862245
5423,1,1.08622450088e-05,0.0010862245
5424,2,2.17244900176e-05,0.002172449
5425,3,3.25867350264e-05,0.0032586735
5426,1,1.08622450088e-05,0.0010862245
5427,1,1.08622450088e-05,0.0010862245
5428,3,3.25867350264e-05,0.0032586735
5429,1,1.08622450088e-05,0.0010862245
5430,2,2.17244900176e-05,0.002172449
5431,2,2.17244900176e-05,0.002172449
5433,4,4.34489800352e-05,0.004344898
5436,2,2.17244900176e-05,0.002172449
5437,1,1.08622450088e-05,0.0010862245
5438,1,1.08622450088e-05,0.0010862245
5439,2,2.17244900176e-05,0.002172449
5440,3,3.25867350264e-05,0.0032586735
5442,1,1.08622450088e-05,0.0010862245
5443,5,5.4311225044e-05,0.0054311225
5444,3,3.25867350264e-05,0.0032586735
5445,2,2.17244900176e-05,0.002172449
5446,1,1.08622450088e-05,0.0010862245
5447,1,1.08622450088e-05,0.0010862245
5449,2,2.17244900176e-05,0.002172449
5450,2,2.17244900176e-05,0.002172449
5453,1,1.08622450088e-05,0.0010862245
5455,1,1.08622450088e-05,0.0010862245
5467,1,1.08622450088e-05,0.0010862245
5468,2,2.17244900176e-05,0.002172449
5470,2,2.17244900176e-05,0.002172449
5476,1,1.08622450088e-05,0.0010862245
5477,1,1.08622450088e-05,0.0010862245
5478,1,1.08622450088e-05,0.0010862245
5519,1,1.08622450088e-05,0.0010862245
5522,1,1.08622450088e-05,0.0010862245
5523,1,1.08622450088e-05,0.0010862245
5527,1,1.08622450088e-05,0.0010862245
5532,1,1.08622450088e-05,0.0010862245
5533,1,1.08622450088e-05,0.0010862245
5534,1,1.08622450088e-05,0.0010862245
5537,1,1.08622450088e-05,0.0010862245
5539,1,1.08622450088e-05,0.0010862245
5543,2,2.17244900176e-05,0.002172449
5598,1,1.08622450088e-05,0.0010862245
5605,1,1.08622450088e-05,0.0010862245
5607,1,1.08622450088e-05,0.0010862245
5609,1,1.08622450088e-05,0.0010862245
5611,1,1.08622450088e-05,0.0010862245
5613,1,1.08622450088e-05,0.0010862245
5614,1,1.08622450088e-05,0.0010862245
5617,1,1.08622450088e-05,0.0010862245
5621,1,1.08622450088e-05,0.0010862245
5625,1,1.08622450088e-05,0.0010862245
5628,1,1.08622450088e-05,0.0010862245
5711,1,1.08622450088e-05,0.0010862245
5722,1,1.08622450088e-05,0.0010862245
5725,1,1.08622450088e-05,0.0010862245
5746,1,1.08622450088e-05,0.0010862245
5764,1,1.08622450088e-05,0.0010862245
5772,1,1.08622450088e-05,0.0010862245
5789,1,1.08622450088e-05,0.0010862245
5793,1,1.08622450088e-05,0.0010862245
5805,1,1.08622450088e-05,0.0010862245
5812,1,1.08622450088e-05,0.0010862245
6082,1,1.08622450088e-05,0.0010862245
6087,2,2.17244900176e-05,0.002172449
6095,1,1.08622450088e-05,0.0010862245
6104,1,1.08622450088e-05,0.0010862245
6110,1,1.08622450088e-05,0.0010862245
6114,1,1.08622450088e-05,0.0010862245
6115,1,1.08622450088e-05,0.0010862245
6123,1,1.08622450088e-05,0.0010862245
6125,1,1.08622450088e-05,0.0010862245
6680,1,1.08622450088e-05,0.0010862245
6688,1,1.08622450088e-05,0.0010862245
6689,1,1.08622450088e-05,0.0010862245
6692,2,2.17244900176e-05,0.002172449
6695,1,1.08622450088e-05,0.0010862245
6701,1,1.08622450088e-05,0.0010862245
6702,1,1.08622450088e-05,0.0010862245
6703,1,1.08622450088e-05,0.0010862245
